ps3 sprite file, ps3 image, ryukishi best match, count of best match, confidence,all matches,match,match,match,match,match,match,match,match,match,match,match,match,match,match,match,match
_tsum_001.txt,G1,G1,10,100%,10:G1,,,,,,,,,,,,,,,,
_tsum_001.txt,GR1,GR1,17,94%,17:GR1,1:G1,,,,,,,,,,,,,,,
_tsum_001.txt,GR2,GR2,18,100%,18:GR2,,,,,,,,,,,,,,,,
_tsum_001.txt,GR3,GR3,8,89%,8:GR3,1:GR4,,,,,,,,,,,,,,,
_tsum_002_2.txt,Hi9,Hi9,1,100%,1:Hi9,,,,,,,,,,,,,,,,
_tsum_006.txt,Ie1,Ie1,1,100%,1:Ie1,,,,,,,,,,,,,,,,
_tsum_002_2.txt,Ma1,Ma1,1,100%,1:Ma1,,,,,,,,,,,,,,,,
_tsum_002_1.txt,Ma_G3,Ma_G3,1,100%,1:Ma_G3,,,,,,,,,,,,,,,,
_tsum_002_1.txt,Ma_S1,Ma_S1,1,100%,1:Ma_S1,,,,,,,,,,,,,,,,
_tsum_005.txt,Mati2,Mati2,3,100%,3:Mati2,,,,,,,,,,,,,,,,
_tsum_005.txt,Mati4,Mati4,2,100%,2:Mati4,,,,,,,,,,,,,,,,
_tsum_005.txt,Re_G1,Re_G1,2,100%,2:Re_G1,,,,,,,,,,,,,,,,
_tsum_005.txt,Re_H3,Re_H3,1,100%,1:Re_H3,,,,,,,,,,,,,,,,
_tsum_tips_014.txt,Sora,Sora,29,56%,29:Sora,8:Sora3,6:Sora4,4:Sora2,3:Sora6,2:Sora5,,,,,,,,,,,
_tsum_026.txt,Sora2,Sora2,17,74%,17:Sora2,5:Sora6,1:Sora,,,,,,,,,,,,,,
_tsum_tips_012.txt,Sora5,Sora5,1,50%,1:Sora5,1:Sora3,,,,,,,,,,,,,,,
_tsum_tips_004.txt,Sora6,Sora6,1,100%,1:Sora6,,,,,,,,,,,,,,,,
_mina_tips_005.txt,aka1,aka1,45,73%,45:aka1,14:Aka1,1:bg_081,1:Si_H2,1:JSA6,,,,,,,,,,,,
_mina_tips_005.txt,aka2,aka2,39,75%,39:aka2,12:Aka2,1:JSA4,,,,,,,,,,,,,,
wata_ep_02.txt,byo_01,bg_186,4,100%,4:bg_186,,,,,,,,,,,,,,,,
_mina_op.txt,damu2,Damu2,8,53%,8:Damu2,3:bg_002,2:bg_001,1:bg_003,1:bg_182,,,,,,,,,,,,
_mina_026.txt,damu4,bg_003,3,43%,3:bg_003,1:bg_005,1:bg_004,1:bg_002,1:Damu3,,,,,,,,,,,,
onik_002.txt,damu4_01,bg_003,-1,0%,,,,,,,,,,,,,,,,,
_mina_tips_010.txt,denwa,bg_011,10,71%,10:bg_011,4:Denwa,,,,,,,,,,,,,,,
_meak_tips_08.txt,eki,bg_012,3,50%,3:bg_012,2:Eki2,1:bg_013,,,,,,,,,,,,,,
_mina_ep.txt,file,File,19,100%,19:File,,,,,,,,,,,,,,,,
_mina_op.txt,fure1,Fure1,-1,0%,,,,,,,,,,,,,,,,,
_mina_tips_013.txt,fure2,Fure2,1,100%,1:Fure2,,,,,,,,,,,,,,,,
_mina_021.txt,furiker_a,F_a,7,78%,7:F_a,2:Bg0,,,,,,,,,,,,,,,
_mina_021.txt,furiker_b,F_b,5,83%,5:F_b,1:Furiker_b,,,,,,,,,,,,,,,
_mina_021.txt,furiker_c,bg0,4,50%,4:bg0,3:Bg0,1:F_b,,,,,,,,,,,,,,
_mina_024.txt,g1,bg_093,46,78%,46:bg_093,13:G1,,,,,,,,,,,,,,,
_tsum_026.txt,g1_01,G1,5,62%,5:G1,2:bg_093,1:bg_095,,,,,,,,,,,,,,
_mina_024.txt,g2,bg_019,22,54%,22:bg_019,16:G2,2:G1,1:bg_108,,,,,,,,,,,,,
_tsum_026.txt,g2_01,G2,8,80%,8:G2,2:bg_019,,,,,,,,,,,,,,,
_mina_019.txt,g3,G3,6,46%,6:G3,4:bg_211,1:GR1,1:GR2,1:Denwa,,,,,,,,,,,,
_tsum_026.txt,g3_01,bg_211,2,67%,2:bg_211,1:G3,,,,,,,,,,,,,,,
_meak_001.txt,ga1,Ga1,4,100%,4:Ga1,,,,,,,,,,,,,,,,
_mina_op.txt,gk1,bg_108,113,43%,113:bg_108,42:bg_109,34:GK1,30:GK2,24:bg_110,21:GK3,1:bg_235,,,,,,,,,,
_tsum_026.txt,gk1_01,GK1,10,40%,10:GK1,9:GK3,6:GK2,,,,,,,,,,,,,,
_mina_op.txt,gk3,bg_109,77,37%,77:bg_109,44:bg_110,24:GK2,23:bg_108,23:GK3,15:GK1,,,,,,,,,,,
_mina_016.txt,gr1,bg_027,44,76%,44:bg_027,5:GR1,4:GR2,3:bg_028,2:bg_019,,,,,,,,,,,,
_tsum_025.txt,gr1_01,GR1,2,100%,2:GR1,,,,,,,,,,,,,,,,
_mina_015_2.txt,gr2,bg_028,28,70%,28:bg_028,11:GR2,1:bg_093,,,,,,,,,,,,,,
_tsum_026.txt,gr2_01,GR2,6,86%,6:GR2,1:bg_028,,,,,,,,,,,,,,,
_tsum_017.txt,gr3,bg_095,7,39%,7:bg_095,7:bg_094,3:GR3,1:GR4,,,,,,,,,,,,,
_mina_ep.txt,gry2,GRY1,4,100%,4:GRY1,,,,,,,,,,,,,,,,
_tsum_026.txt,gy3_01,Gy3,4,40%,4:Gy3,2:Gy4,1:bg_095,1:Gy1,1:Gy2,1:Sora6,,,,,,,,,,,
_tsum_026.txt,gy7,Gy1,1,33%,1:Gy1,1:Gy2,1:Gy8,,,,,,,,,,,,,,
tata_013_02.txt,hasi1,bg_029,3,100%,3:bg_029,,,,,,,,,,,,,,,,
hima_002.txt,hasi3,bg_032,2,33%,2:bg_032,2:bg_031,1:bg_030,1:bg_033,,,,,,,,,,,,,
_tsum_022.txt,heya1,bg_035,5,25%,5:bg_035,4:bg_036,4:bg_034,3:Heya3,2:bg_037,2:Heya2,,,,,,,,,,,
hima_tips_07.txt,heya1_04,bg_070,1,33%,1:bg_070,1:bg_068,1:bg_035,,,,,,,,,,,,,,
hima_tips_07.txt,heya1_05,bg_034,1,100%,1:bg_034,,,,,,,,,,,,,,,,
_mina_op.txt,hi1,Hi2,13,41%,13:Hi2,10:Hi1,3:bg_048,2:Hi6,1:bg_047,1:bg_050,1:Hi10,1:Hi8,,,,,,,,,
onik_009.txt,hi1_01,bg_047,1,100%,1:bg_047,,,,,,,,,,,,,,,,
hima_002.txt,hi3,bg_049,4,100%,4:bg_049,,,,,,,,,,,,,,,,
_mina_009_2.txt,hi4,bg_050,3,60%,3:bg_050,1:bg_051,1:Hi4,,,,,,,,,,,,,,
_tsum_004.txt,hi4_01,bg_050,1,50%,1:bg_050,1:Hi4,,,,,,,,,,,,,,,
_tsum_006.txt,hi5,bg_051,6,86%,6:bg_051,1:Hi5,,,,,,,,,,,,,,,
_tsum_004.txt,hi5_01,bg_043,1,33%,1:bg_043,1:bg_051,1:Hi5,,,,,,,,,,,,,,
_mina_002_1.txt,hi9,Hi9,1,100%,1:Hi9,,,,,,,,,,,,,,,,
tata_tips_03.txt,hi_scroll,bg_046,1,100%,1:bg_046,,,,,,,,,,,,,,,,
_mina_tips_005.txt,ho1,Ho1_Houjouke,9,50%,9:Ho1_Houjouke,5:Ho2_Houjouke,4:bg_059,,,,,,,,,,,,,,
_mina_011_1.txt,ho1_01,Ho2_Houjouke,1,50%,1:Ho2_Houjouke,1:Ho1_Houjouke,,,,,,,,,,,,,,,
_mina_019.txt,ho1_02,Ho1_Houjouke,4,29%,4:Ho1_Houjouke,4:Ho2_Houjouke,3:bg_059,3:bg_061,,,,,,,,,,,,,
_mina_tips_009.txt,ho_2,Ho_2,4,100%,4:Ho_2,,,,,,,,,,,,,,,,
_mina_tips_009.txt,ho_r1,Ho_R1,11,85%,11:Ho_R1,2:bg_058,,,,,,,,,,,,,,,
tata_001.txt,honoo,white,-1,0%,,,,,,,,,,,,,,,,,
_mina_tips_004.txt,hoteru,bg_056,5,62%,5:bg_056,2:Hoteru,1:bg_072,,,,,,,,,,,,,,
_mina_025.txt,hu2,Hu1,2,50%,2:Hu1,2:Hu2,,,,,,,,,,,,,,,
_mina_009_2.txt,hu2_01,Hu1,1,100%,1:Hu1,,,,,,,,,,,,,,,,
_mina_tips_002.txt,hu_r1,Hu_R3,19,32%,19:Hu_R3,18:Hu_R1,18:Hu_R2,4:bg_062,1:bg_063,,,,,,,,,,,,
_mina_009_2.txt,hu_r4,Hu_R4,10,100%,10:Hu_R4,,,,,,,,,,,,,,,,
onik_015_02.txt,hu_tenjyou,bg_082,1,100%,1:bg_082,,,,,,,,,,,,,,,,
_tsum_008.txt,ie1,bg_066,8,47%,8:bg_066,3:bg_067,1:bg_019,1:bg_040,1:bg_120,1:bg_039,1:Ie2,1:Hi5,,,,,,,,,
_mina_020.txt,ie1_01,Ie2,2,67%,2:Ie2,1:bg_066,,,,,,,,,,,,,,,
_mina_018.txt,ima1,Ima1,8,80%,8:Ima1,1:bg_068,1:Ima3,,,,,,,,,,,,,,
_mina_018.txt,ima3,Heya4,6,40%,6:Heya4,6:Ima2,2:Ima3,1:Heya3,,,,,,,,,,,,,
hima_002_03.txt,jansou,bg_071,4,57%,4:bg_071,3:bg_072,,,,,,,,,,,,,,,
_tsum_012_1.txt,jd4,bg_010,19,83%,19:bg_010,2:JE4,1:JE1,1:JD4,,,,,,,,,,,,,
onik_009_02.txt,jd4_01,bg_010,1,50%,1:bg_010,1:bg_015,,,,,,,,,,,,,,,
_mina_021.txt,je1,bg_014,12,27%,12:bg_014,6:JE3,5:JE1,4:bg_016,4:JD3,3:bg_017,3:JE2,2:bg_015,2:bg_009,1:JD1,1:JD2,1:JE4,,,,,
_mina_021.txt,je2,bg_017,21,42%,21:bg_017,9:bg_015,7:JE2,4:JD3,3:bg_014,2:bg_007,1:bg_009,1:JE4,1:JD1,1:JE3,,,,,,,
_tsum_016.txt,ji1,bg_074,6,32%,6:bg_074,4:bg_078,2:bg_076,2:bg_151,1:bg_077,1:bg_075,1:Ji5,1:Hi1,1:Ji1,,,,,,,,
_mina_004.txt,ji1_01,bg_078,10,83%,10:bg_078,1:bg_151,1:Ji1,,,,,,,,,,,,,,
_mina_op.txt,ji2,bg_075,11,46%,11:bg_075,9:Ji2,2:Ji1,1:Ji3,1:JY2,,,,,,,,,,,,
_mina_004.txt,ji2_01,bg_075,8,57%,8:bg_075,2:bg_076,2:Ji3,1:Ji5,1:JS2,,,,,,,,,,,,
tata_004.txt,ji6,bg_077,5,50%,5:bg_077,4:bg_076,1:bg_078,,,,,,,,,,,,,,
_mina_020.txt,jok1,bg_151,2,40%,2:bg_151,2:JOK1,1:bg_085,,,,,,,,,,,,,,
_tsum_012_1.txt,jok2,bg_152,2,50%,2:bg_152,2:bg_085,,,,,,,,,,,,,,,
_mina_004.txt,js1,bg_079,2,40%,2:bg_079,2:bg_077,1:JS1,,,,,,,,,,,,,,
_mina_004.txt,js1_01,bg_078,2,29%,2:bg_078,2:JS1,1:bg_074,1:bg_213,1:bg_079,,,,,,,,,,,,
_mina_006.txt,js3,JS3,3,100%,3:JS3,,,,,,,,,,,,,,,,
_meak_016_2.txt,js3_01,bg_176,2,100%,2:bg_176,,,,,,,,,,,,,,,,
_mina_004.txt,js4,JS4,5,56%,5:JS4,4:JS3,,,,,,,,,,,,,,,
_mina_004.txt,js4_01,JS4,5,83%,5:JS4,1:bg_223,,,,,,,,,,,,,,,
_mina_017.txt,js4_02,JS4,21,43%,21:JS4,14:JS5,9:JS6,3:JYS1,1:JYS2,1:Heya6,,,,,,,,,,,
_mina_006.txt,jsa1,JSA1,4,50%,4:JSA1,2:JYSA1,1:bg_175,1:JSA3,,,,,,,,,,,,,
_mina_006.txt,jsa7,JSA7,8,26%,8:JSA7,6:Heya1,4:JSA4,4:Heya6,3:Heya4,1:bg_178,1:bg_034,1:bg_035,1:Heya5,1:Are4_nega1,1:JSA3,,,,,,
_mina_006.txt,jsa7_01,JSA4,3,60%,3:JSA4,1:bg_176,1:bg_178,,,,,,,,,,,,,,
_mina_020.txt,jt1,bg_216,8,57%,8:bg_216,2:bg_048,1:bg_203,1:bg_040,1:bg_052,1:JT1,,,,,,,,,,,
_mina_020.txt,jt1_01,haikei,1,100%,1:haikei,,,,,,,,,,,,,,,,
tata_013_02.txt,jt2,bg_217,6,100%,6:bg_217,,,,,,,,,,,,,,,,
_mina_004.txt,jt2_01,bg_217,2,67%,2:bg_217,1:bg_216,,,,,,,,,,,,,,,
_tsum_022.txt,juku1_01,bg_083,1,50%,1:bg_083,1:Juku1,,,,,,,,,,,,,,,
_mina_028.txt,jy1,bg_244,4,57%,4:bg_244,3:JY1,,,,,,,,,,,,,,,
_mina_020.txt,jy2,bg_245,6,75%,6:bg_245,2:JY2,,,,,,,,,,,,,,,
_mina_016.txt,jys1,JS1,10,48%,10:JS1,9:JS2,1:bg_074,1:JOK2,,,,,,,,,,,,,
_meak_tips_14.txt,jysa1,bg_261,8,80%,8:bg_261,2:JYSA1,,,,,,,,,,,,,,,
_mina_021.txt,jyt1,bg_262,3,50%,3:bg_262,1:JYT1,1:Hi1,1:Hi2,,,,,,,,,,,,,
_mina_ep.txt,jyt2,bg_263,5,62%,5:bg_263,2:JYT2,1:bg_067,,,,,,,,,,,,,,
_meak_005.txt,k_kouen1,Kouen,1,100%,1:Kouen,,,,,,,,,,,,,,,,
_meak_005.txt,k_kouen1_01,Kouen,1,100%,1:Kouen,,,,,,,,,,,,,,,,
_mina_022.txt,ka1_01,Ka2,6,60%,6:Ka2,4:Ka1,,,,,,,,,,,,,,,
_mina_013.txt,ka4,Ka1,6,67%,6:Ka1,3:Ka2,,,,,,,,,,,,,,,
_tsum_010.txt,kawa1,bg_086,2,25%,2:bg_086,2:Kawa1,1:bg_006,1:bg_087,1:Ji2,1:kawa5,,,,,,,,,,,
hima_002.txt,kawa4,bg_005,1,50%,1:bg_005,1:bg_048,,,,,,,,,,,,,,,
_meak_ep_01.txt,ke1,ke1,4,57%,4:ke1,1:bg_100,1:bg_091,1:Sora,,,,,,,,,,,,,
_meak_012.txt,ke1_01,ke1,1,100%,1:ke1,,,,,,,,,,,,,,,,
_mina_025.txt,ke2,bg_172,3,50%,3:bg_172,1:bg_173,1:Mati_Ji4,1:Ke2,,,,,,,,,,,,,
_mina_ep.txt,ke5,Ke5,19,63%,19:Ke5,2:bg_223,2:Ke6,1:bg_100,1:bg_192,1:Tosyo8,1:Ka5,1:Ka2,1:Ka3,1:Ka4,,,,,,,
_meak_tips_22.txt,ke_ky1,bg_111,3,30%,3:bg_111,3:bg_113,2:Ke_Ky1,1:Ke_Ky3,1:Ke_Ky2,,,,,,,,,,,,
_mina_op.txt,ke_ky2,Tosyo7,7,44%,7:Tosyo7,4:Tosyo8,2:bg_112,2:bg_229,1:Ke_Ky2,,,,,,,,,,,,
_mina_027.txt,ke_s2,bg_192,15,43%,15:bg_192,8:bg_193,7:Ke_S1,4:Ke_S2,1:bg_100,,,,,,,,,,,,
staffroom.txt,ke_shiryou1_02,DSC00038,-1,0%,,,,,,,,,,,,,,,,,
hima_tips_14.txt,kimi_o1_08,bg_223,1,100%,1:bg_223,,,,,,,,,,,,,,,,
hima_003_03.txt,koya1_02,bg_096,1,100%,1:bg_096,,,,,,,,,,,,,,,,
hima_004.txt,kukou1,black,-1,0%,,,,,,,,,,,,,,,,,
_tsum_025.txt,kuruma1,bg_100,20,87%,20:bg_100,1:bg_101,1:bg_102,1:Kuruma1,,,,,,,,,,,,,
_tsum_026.txt,kuruma1_02,bg_100,9,56%,9:bg_100,7:Kuruma1,,,,,,,,,,,,,,,
_mina_023_1.txt,kuruma2,bg_101,11,73%,11:bg_101,2:bg_102,2:Kuruma2,,,,,,,,,,,,,,
hima_003_03.txt,kuruma2_01,bg_101,2,100%,2:bg_101,,,,,,,,,,,,,,,,
_tsum_026.txt,kuruma2_02,Kuruma2,6,60%,6:Kuruma2,4:bg_101,,,,,,,,,,,,,,,
hima_003_03.txt,kuruma3,bg_046,2,67%,2:bg_046,1:bg_102,,,,,,,,,,,,,,,
_tsum_012_2.txt,kuruma3_01,bg_102,4,57%,4:bg_102,1:bg_028,1:bg_101,1:Kuruma3,,,,,,,,,,,,,
_tsum_026.txt,kuruma3_02,Kuruma3,10,71%,10:Kuruma3,4:bg_102,,,,,,,,,,,,,,,
_mina_027.txt,kuruma4,bg_103,10,45%,10:bg_103,5:Kuruma4,2:bg_100,2:Kuruma8,1:bg_104,1:bg_192,1:Kuruma6,,,,,,,,,,
tata_011_03.txt,kuruma4_01,bg_103,3,100%,3:bg_103,,,,,,,,,,,,,,,,
_mina_027.txt,kuruma5,Kuruma5,5,50%,5:Kuruma5,4:bg_104,1:Kuruma4,,,,,,,,,,,,,,
_mina_019.txt,kuruma5_01,bg_106,1,33%,1:bg_106,1:Mati4,1:Kuruma2,,,,,,,,,,,,,,
_meak_001.txt,kuruma5_02,Kuruma8,3,75%,3:Kuruma8,1:Kuruma5,,,,,,,,,,,,,,,
tata_011_03.txt,kuruma5_03,bg_104,1,100%,1:bg_104,,,,,,,,,,,,,,,,
_mina_010.txt,kuruma6,bg_105,8,80%,8:bg_105,1:bg_208,1:Kuruma6,,,,,,,,,,,,,,
_tsum_017.txt,m_hi1,bg_038,12,50%,12:bg_038,4:bg_120,2:bg_067,2:M_Hi1,1:bg_039,1:bg_044,1:M_Hi5,1:Ie2,,,,,,,,,
_mina_020.txt,m_hi1_01,bg_038,2,100%,2:bg_038,,,,,,,,,,,,,,,,
_mina_009_2.txt,m_hi3,bg_040,12,38%,12:bg_040,9:bg_039,3:M_Hi3,2:M_Hi2,1:bg_041,1:bg_005,1:bg_042,1:M_Hi7,1:Hi5,1:M_Hi4,,,,,,,
_mina_016.txt,m_hi3_01,bg_040,2,50%,2:bg_040,1:bg_039,1:M_Hi3,,,,,,,,,,,,,,
_mina_006.txt,m_hi4,bg_041,12,60%,12:bg_041,5:bg_046,3:M_Hi9,,,,,,,,,,,,,,
tata_012.txt,m_hi4_01,bg_041,6,86%,6:bg_041,1:bg_050,,,,,,,,,,,,,,,
_mina_009_2.txt,m_hi5,bg_042,4,36%,4:bg_042,3:M_Hi13,2:bg_051,1:M_Hi15,1:M_Hi5,,,,,,,,,,,,
_tsum_004.txt,m_hi5_01,bg_042,1,50%,1:bg_042,1:M_Hi7,,,,,,,,,,,,,,,
_mina_009_2.txt,m_hi6,bg_043,5,62%,5:bg_043,2:M_Hi6,1:bg_046,,,,,,,,,,,,,,
_tsum_004.txt,m_hi6_01,bg_200,1,33%,1:bg_200,1:bg_043,1:M_Hi6,,,,,,,,,,,,,,
_mina_tips_005.txt,m_hi8,bg_045,5,56%,5:bg_045,1:bg_044,1:bg_049,1:M_Hi12,1:Mati11,,,,,,,,,,,,
_mina_ep.txt,m_y1,bg_249,3,38%,3:bg_249,2:M_Y1,1:bg_243,1:bg_254,1:M_Y6,,,,,,,,,,,,
_mina_ep.txt,m_y2,M_Y2,2,33%,2:M_Y2,1:bg_254,1:bg_250,1:YMo2,1:YMo3,,,,,,,,,,,,
tata_002.txt,m_y2_02,bg_127,1,50%,1:bg_127,1:bg_046,,,,,,,,,,,,,,,
tata_011_03.txt,m_y2_04,bg_254,2,50%,2:bg_254,1:bg_251,1:bg_250,,,,,,,,,,,,,,
_mina_op.txt,m_y4,M_Y4,10,53%,10:M_Y4,6:bg_252,1:bg_209,1:bg_254,1:M_Hi3,,,,,,,,,,,,
_mina_ep.txt,m_y7,bg_253,1,17%,1:bg_253,1:bg_252,1:bg_254,1:bg_243,1:M_Y1,1:M_Y7,,,,,,,,,,,
_mina_011_2.txt,ma1,bg_117,17,85%,17:bg_117,1:bg_093,1:bg_119,1:Ma1,,,,,,,,,,,,,
tata_012.txt,ma1_01,bg_117,2,100%,2:bg_117,,,,,,,,,,,,,,,,
_mina_020.txt,ma1_02,bg_117,4,80%,4:bg_117,1:bg_119,,,,,,,,,,,,,,,
_mina_011_1.txt,ma2,bg_118,21,64%,21:bg_118,10:Ma2,2:bg_117,,,,,,,,,,,,,,
tata_012.txt,ma2_01,bg_118,6,100%,6:bg_118,,,,,,,,,,,,,,,,
_tsum_tips_012.txt,ma3,bg_119,7,58%,7:bg_119,3:bg_120,1:bg_067,1:Kusa,,,,,,,,,,,,,
tata_012.txt,ma3_01,bg_119,1,100%,1:bg_119,,,,,,,,,,,,,,,,
_tsum_004.txt,ma3_02,bg_120,2,50%,2:bg_120,2:Ma4,,,,,,,,,,,,,,,
_tsum_023_2.txt,ma5,Ma5,3,100%,3:Ma5,,,,,,,,,,,,,,,,
tata_011_03.txt,ma5_01,bg_121,1,100%,1:bg_121,,,,,,,,,,,,,,,,
_mina_003_1.txt,ma_d1,bg_115,12,57%,12:bg_115,3:bg_210,3:bg_170,1:bg_116,1:Ma_D1,1:Ribing1,,,,,,,,,,,
_tsum_022.txt,ma_d1_01,bg_115,-1,0%,,,,,,,,,,,,,,,,,
_mina_003_1.txt,ma_g1,bg_020,11,85%,11:bg_020,1:bg_022,1:Ma_G1,,,,,,,,,,,,,,
wata_003.txt,ma_g1_01,bg_020,1,100%,1:bg_020,,,,,,,,,,,,,,,,
_tsum_022.txt,ma_g2,bg_021,4,80%,4:bg_021,1:Ma_G2,,,,,,,,,,,,,,,
_mina_011_2.txt,ma_g3,Ma_G3,4,80%,4:Ma_G3,1:Ma_G2,,,,,,,,,,,,,,,
_tsum_019.txt,ma_g3_01,bg_022,11,55%,11:bg_022,6:Ma_G3,2:bg_020,1:bg_210,,,,,,,,,,,,,
onik_014_02.txt,ma_g3_02,bg_118,1,100%,1:bg_118,,,,,,,,,,,,,,,,
_tsum_022.txt,ma_j3,bg_080,8,53%,8:bg_080,2:bg_081,2:Ma_J3,1:bg_170,1:bg_082,1:Ma_J1,,,,,,,,,,,
_tsum_023_1.txt,ma_j3_01,bg_080,16,37%,16:bg_080,14:bg_082,11:bg_081,2:Ma_J1,,,,,,,,,,,,,
tata_009_02.txt,ma_j3_03,bg_082,-1,0%,,,,,,,,,,,,,,,,,
wata_003.txt,ma_j3_05,bg_081,3,50%,3:bg_081,2:bg_080,1:bg_082,,,,,,,,,,,,,,
_mina_011_2.txt,ma_s1,bg_170,37,51%,37:bg_170,28:bg_210,2:bg_116,2:Ma_S1,1:bg_080,1:bg_082,1:bg_115,,,,,,,,,,
_tsum_019.txt,ma_s1_01,Ma_S1,1,100%,1:Ma_S1,,,,,,,,,,,,,,,,
_mina_026.txt,mati12,Mati12,5,71%,5:Mati12,1:bg_131,1:bg_134,,,,,,,,,,,,,,
_mina_019.txt,mati2,bg_124,12,44%,12:bg_124,7:Mati2,4:Mati1,1:bg_123,1:bg_163,1:Hi6,1:Mati10,,,,,,,,,,
_mina_008.txt,mati2_01,Mati6,1,50%,1:Mati6,1:Mati4,,,,,,,,,,,,,,,
_mina_019.txt,mati3,Mati3,6,40%,6:Mati3,4:bg_125,3:bg_123,1:bg_127,1:Mati4,,,,,,,,,,,,
_mina_008.txt,mati3_01,Mati3,2,50%,2:Mati3,1:Mati1,1:Mati5,,,,,,,,,,,,,,
_mina_013.txt,mati4,Mati4,7,44%,7:Mati4,3:Mati1,2:bg_133,1:bg_126,1:bg_129,1:bg_123,1:Mati3,,,,,,,,,,
_mina_012.txt,mati4_01,Kouen,3,75%,3:Kouen,1:Mati4,,,,,,,,,,,,,,,
_mina_op.txt,mati7,bg_237,4,44%,4:bg_237,1:bg_168,1:bg_129,1:bg_135,1:Mati9,1:Mati7,,,,,,,,,,,
_mina_019.txt,mati_ji1,Mati_Ji2,6,46%,6:Mati_Ji2,6:Mati_Ji1,1:Mati_Ji3,,,,,,,,,,,,,,
_mina_008.txt,mati_o1,mati_O1,15,56%,15:mati_O1,8:bg_153,2:Mati5,1:Sora,1:mati_O6,,,,,,,,,,,,
_mina_008.txt,mati_o1_01,mati_O1,1,100%,1:mati_O1,,,,,,,,,,,,,,,,
_mina_008.txt,mati_o2,mati_O2,9,30%,9:mati_O2,7:bg_155,6:bg_154,3:mati_O3,2:mati_O5,2:mati_O4,1:bg_157,,,,,,,,,,
_mina_008.txt,mati_o4,mati_O5,22,38%,22:mati_O5,13:mati_O4,11:bg_156,9:bg_157,2:Jansou2,1:mati_O3,,,,,,,,,,,
wata_005.txt,mati_o6,bg_158,3,100%,3:bg_158,,,,,,,,,,,,,,,,
_mina_001.txt,mo1,bg_141,8,57%,8:bg_141,4:Mo1,1:bg_047,1:bg_181,,,,,,,,,,,,,
tata_011_02.txt,mo1_01,bg_141,6,86%,6:bg_141,1:bg_256,,,,,,,,,,,,,,,
hima_003_03.txt,mo1_02,bg_256,1,50%,1:bg_256,1:bg_141,,,,,,,,,,,,,,,
_mina_001.txt,mo2,bg_142,5,56%,5:bg_142,3:Mo2,1:Mo3,,,,,,,,,,,,,,
onik_015_02.txt,mo2_01,bg_142,2,100%,2:bg_142,,,,,,,,,,,,,,,,
hima_003_03.txt,mo2_02,bg_142,4,80%,4:bg_142,1:bg_144,,,,,,,,,,,,,,,
_mina_011_1.txt,mo3,Mo3,3,27%,3:Mo3,2:bg_142,2:bg_203,2:bg_143,1:Mo4,1:Mo6,,,,,,,,,,,
_tsum_010.txt,mo3_01,bg_143,2,50%,2:bg_143,1:bg_142,1:Mo3,,,,,,,,,,,,,,
hima_003_03.txt,mo3_02,bg_143,4,80%,4:bg_143,1:bg_144,,,,,,,,,,,,,,,
wata_012_03.txt,mo4,bg_144,1,100%,1:bg_144,,,,,,,,,,,,,,,,
onik_015_02.txt,mo4_01,bg_144,1,100%,1:bg_144,,,,,,,,,,,,,,,,
hima_003_03.txt,mo4_02,bg_144,4,100%,4:bg_144,,,,,,,,,,,,,,,,
hima_002.txt,mo_b1,bg_203,2,50%,2:bg_203,1:bg_092,1:bg_205,,,,,,,,,,,,,,
_tsum_018.txt,mo_g1,bg_023,4,67%,4:bg_023,1:bg_049,1:Mo_G1,,,,,,,,,,,,,,
_tsum_op.txt,mo_g1_01,Mo_G1,5,56%,5:Mo_G1,4:Mo_G4,,,,,,,,,,,,,,,
_tsum_010.txt,mo_g2,bg_024,2,67%,2:bg_024,1:Mo_G4,,,,,,,,,,,,,,,
onik_003.txt,mo_g2_01,bg_024,1,100%,1:bg_024,,,,,,,,,,,,,,,,
_tsum_008.txt,mo_g3_01,Mo_G4,2,67%,2:Mo_G4,1:Mo_G3,,,,,,,,,,,,,,,
_tsum_018.txt,mo_r1,Mo_R1,2,100%,2:Mo_R1,,,,,,,,,,,,,,,,
_tsum_010.txt,mo_r1_01,Mo_R1,3,75%,3:Mo_R1,1:Mo_R2,,,,,,,,,,,,,,,
_tsum_005.txt,mo_r1_02,Mo_R1,1,50%,1:Mo_R1,1:Mo_R2,,,,,,,,,,,,,,,
_tsum_020.txt,mo_r1_03,Mo_R1,2,50%,2:Mo_R1,1:Mo_YG1,1:Mo_YG4,,,,,,,,,,,,,,
_tsum_021.txt,mo_yg1,Mo_YG4,9,60%,9:Mo_YG4,6:Mo_YG1,,,,,,,,,,,,,,,
_meak_014_1.txt,mob1_01,Mo_B1,4,67%,4:Mo_B1,1:M_Hi9,1:Hi9,,,,,,,,,,,,,,
_mina_op.txt,moon,Moon,79,81%,79:Moon,9:bg_122,2:Sora6,1:bg_251,1:bg_243,1:bg_203,1:Sora,1:Sora2,1:Gy6,1:Gy8,1:Gy7,,,,,,
_mina_ep.txt,moon_01,Moon,-1,0%,,,,,,,,,,,,,,,,,
_mina_tips_012.txt,nort,Nort,2,67%,2:Nort,1:Nort2,,,,,,,,,,,,,,,
_meak_019_1.txt,oki_g3,bg_149,14,33%,14:bg_149,14:bg_150,7:Oki_G2,7:Oki_G3,1:Oki_G1,,,,,,,,,,,,
_tsum_tips_014.txt,oni1,Oni2,3,60%,3:Oni2,1:Hi2,1:Oni1,,,,,,,,,,,,,,
_tsum_013.txt,oyashirosama,white,-1,0%,,,,,,,,,,,,,,,,,
_tsum_016.txt,re_g1,Re_G1,3,50%,3:Re_G1,1:Re_S2_Rena,1:Si_H2,1:Re_H3,,,,,,,,,,,,,
_mina_004.txt,re_h1,Re_H1,8,80%,8:Re_H1,1:Si_H6,1:Re_H2,,,,,,,,,,,,,,
_tsum_018.txt,re_h3,Re_H3,6,86%,6:Re_H3,1:Re_H2,,,,,,,,,,,,,,,
_tsum_018.txt,re_s2,Re_S2_Rena,6,50%,6:Re_S2_Rena,3:Re_S1_Rena,1:Sora,1:Re_H2,1:Si_d1,,,,,,,,,,,,
_tsum_009.txt,re_s4,Re_S4,1,100%,1:Re_S4,,,,,,,,,,,,,,,,
_tsum_021.txt,re_s4_01,Re_S1_Rena,1,33%,1:Re_S1_Rena,1:Re_S3,1:Re_S4,,,,,,,,,,,,,,
_mina_tips_008.txt,re_tel,Re_Tel,22,81%,22:Re_Tel,3:So_G1,2:Si_H2,,,,,,,,,,,,,,
_mina_013.txt,res1,bg_161,24,39%,24:bg_161,9:Re1,6:bg_166,6:Re6,5:bg_163,5:Re5,5:Re3,1:bg_165,1:bg0,,,,,,,,
wata_005.txt,res1_01,bg_161,2,67%,2:bg_161,1:bg_163,,,,,,,,,,,,,,,
_mina_013.txt,res2,bg_162,9,56%,9:bg_162,3:Re6,1:bg_163,1:Re4,1:Re1,1:Re3,,,,,,,,,,,
_mina_013.txt,res4,Re4,14,56%,14:Re4,6:bg_164,2:bg_166,2:Re6,1:Re3,,,,,,,,,,,,
wata_002.txt,res4_01,bg_164,2,100%,2:bg_164,,,,,,,,,,,,,,,,
_mina_013.txt,res5,bg_165,31,37%,31:bg_165,16:bg_163,16:bg_166,6:Re5,4:Re3,3:Re1,2:Re6,1:bg_161,1:bg_164,1:Re2,1:Re_s1_Resut,1:Re4,,,,,
wata_002.txt,res5_01,bg_165,2,100%,2:bg_165,,,,,,,,,,,,,,,,
_mina_013.txt,res_s1,Re_s1_Resut,7,50%,7:Re_s1_Resut,5:Re_s2_Resut,1:bg_168,1:bg_167,,,,,,,,,,,,,
wata_005.txt,res_s1_01,bg_169,1,50%,1:bg_169,1:bg_128,,,,,,,,,,,,,,,
_meak_019_1.txt,rouka1,bg_197,3,75%,3:bg_197,1:Rouka1,,,,,,,,,,,,,,,
_tsum_023_1.txt,rouka1_01,Rouka2,3,60%,3:Rouka2,1:Ima3,1:RyouteiG,,,,,,,,,,,,,,
_meak_017.txt,rouka1_02,Rouka3,1,100%,1:Rouka3,,,,,,,,,,,,,,,,
_tsum_023_1.txt,ryoutei2_01,Ryoutei2,7,33%,7:Ryoutei2,6:bg_068,5:Ryoutei1,3:bg_069,,,,,,,,,,,,,
_mina_op.txt,ryuuketu1,ryuuketu1,43,88%,43:ryuuketu1,2:Ryuuketu1,1:Ji2_mono1,1:JSA2_mono1,1:white_mono1,1:white_mono1_6,,,,,,,,,,,
_mina_006.txt,saiguden_01,bg_178,3,25%,3:bg_178,3:bg_177,2:JSA3,1:bg_179,1:JSA5,1:JSA8,1:JSA4,,,,,,,,,,
wata_012_03.txt,saiguden_02,bg_177,5,83%,5:bg_177,1:bg_179,,,,,,,,,,,,,,,
_tsum_007.txt,saten1,Saten1,3,50%,3:Saten1,2:Saten3,1:Saten2,,,,,,,,,,,,,,
_tsum_007.txt,saten2,Saten2,3,75%,3:Saten2,1:Saten3,,,,,,,,,,,,,,,
_tsum_019.txt,si_g1,Si_H1,7,54%,7:Si_H1,3:Si_G1,2:Si_H3,1:Si_H4,,,,,,,,,,,,,
_mina_tips_004.txt,si_h2,Si_H2,15,71%,15:Si_H2,3:Si_H3,1:Si_H1,1:Si_H6,1:Si_H4,,,,,,,,,,,,
_tsum_014.txt,si_h2_01,Si_H2,12,80%,12:Si_H2,1:Sinario_A,1:Si_H3,1:Re_H3,,,,,,,,,,,,,
_meak_ep_02.txt,si_h3,Si_H3,5,83%,5:Si_H3,1:Si_H2,,,,,,,,,,,,,,,
_meak_016_1.txt,si_h6,Si_H6,-1,0%,,,,,,,,,,,,,,,,,
_meak_011.txt,si_mansion,Si_G2,1,100%,1:Si_G2,,,,,,,,,,,,,,,,
_tsum_tips_014.txt,simen3,bg_181,13,42%,13:bg_181,9:bg_180,3:bg_183,3:Simen2,2:bg_182,1:Simen1,,,,,,,,,,,
_mina_006.txt,sinryou_matiai1,bg_184,11,69%,11:bg_184,2:Sinryo_matiai2,2:Sinryo_matiai1,1:bg_185,,,,,,,,,,,,,
hima_003_05.txt,sinryou_matiai1_01,bg_184,1,100%,1:bg_184,,,,,,,,,,,,,,,,
_mina_023_2.txt,sinryou_sinsatu1,Sinryo_sinsatu1,8,35%,8:Sinryo_sinsatu1,6:bg_186,6:Sinryo_sinsatu2,3:Sinryo_sinsatu3,,,,,,,,,,,,,
hima_003_04.txt,sinryou_sinsatu1_02,bg_186,7,100%,7:bg_186,,,,,,,,,,,,,,,,
hima_003_05.txt,sinryou_sinsatu2,bg_186,1,100%,1:bg_186,,,,,,,,,,,,,,,,
_mina_023_2.txt,sinryou_sinsatu3,Sinryo_sinsatu2,4,50%,4:Sinryo_sinsatu2,2:Sinryo_sinsatu3,2:Sinryo_sinsatu1,,,,,,,,,,,,,,
_mina_002_1.txt,sinryou_sinsatu4,Sinryo_sinsatu4,3,60%,3:Sinryo_sinsatu4,1:bg_134,1:Sinryo_soto5,,,,,,,,,,,,,,
_mina_026.txt,sinryou_soto1,bg_187,4,36%,4:bg_187,3:Sinryo_soto1,2:bg_188,2:Sinryo_soto2,,,,,,,,,,,,,
_mina_009_2.txt,sinryou_soto1_01,Sinryo_soto1,2,100%,2:Sinryo_soto1,,,,,,,,,,,,,,,,
_mina_023_2.txt,sinryou_soto1_02,Sinryo_soto1,-1,0%,,,,,,,,,,,,,,,,,
tata_014.txt,sinryou_soto3,bg_188,3,60%,3:bg_188,1:bg_191,1:bg_190,,,,,,,,,,,,,,
_mina_009_2.txt,sinryou_soto3_01,Sinryo_soto3,1,100%,1:Sinryo_soto3,,,,,,,,,,,,,,,,
_meak_ep_01.txt,so1,So1,3,60%,3:So1,2:bg_198,,,,,,,,,,,,,,,
_meak_021_2.txt,so1_02,bg_198,1,100%,1:bg_198,,,,,,,,,,,,,,,,
_mina_op.txt,so2,So2,3,38%,3:So2,2:bg_199,1:bg_145,1:Heya3,1:Mo5,,,,,,,,,,,,
tata_009_02.txt,so2_01,bg_199,-1,0%,,,,,,,,,,,,,,,,,
_meak_024.txt,so3,bg_200,2,33%,2:bg_200,1:bg_145,1:bg_218,1:bg_039,1:Mo5,,,,,,,,,,,,
_mina_018.txt,so5,So5,4,57%,4:So5,2:So6,1:So2,,,,,,,,,,,,,,
_meak_012.txt,so6,So3,1,100%,1:So3,,,,,,,,,,,,,,,,
_meak_024.txt,so_chikafuroa,JSA4,3,60%,3:JSA4,1:JSA5,1:JSA3,,,,,,,,,,,,,,
_meak_024.txt,so_chikaido1,JSA7,3,100%,3:JSA7,,,,,,,,,,,,,,,,
_mina_op.txt,so_d1,bg_194,4,57%,4:bg_194,3:So_D1,,,,,,,,,,,,,,,
_meak_021_2.txt,so_d1_01,So_D1,7,88%,7:So_D1,1:bg_206,,,,,,,,,,,,,,,
_meak_024.txt,so_g1,So_G1,9,75%,9:So_G1,3:bg_195,,,,,,,,,,,,,,,
_meak_tips_13.txt,so_k1,So_K1,3,60%,3:So_K1,2:bg_196,,,,,,,,,,,,,,,
_mina_tips_005.txt,sora,Sora,39,41%,39:Sora,25:bg_203,11:Sora3,4:Sora2,3:bg_205,1:bg_150,1:bg_149,1:bg_208,1:bg_044,1:bg_042,1:bg_040,1:bg_204,1:Kouen,1:M_Hi6,1:M_Hi5,1:M_Hi13,1:Sora6
_mina_023_2.txt,sora2,bg_204,10,32%,10:bg_204,10:Sora2,4:Sora,1:bg_038,1:bg_067,1:bg_203,1:bg_205,1:Hi4,1:M_Hi12,1:Gy1,,,,,,,
_mina_tips_003.txt,sora5,bg_203,4,33%,4:bg_203,3:bg_205,3:Sora5,1:bg_115,1:bg_204,,,,,,,,,,,,
_mina_016.txt,sora6,Sora6,2,50%,2:Sora6,1:bg_204,1:Kuruma2,,,,,,,,,,,,,,
_tsum_026.txt,sora_01,Gy7,2,50%,2:Gy7,1:bg_117,1:Sora6,,,,,,,,,,,,,,
hima_003_04.txt,ta1,bg_214,2,100%,2:bg_214,,,,,,,,,,,,,,,,
_mina_009_2.txt,ta2,bg_050,1,25%,1:bg_050,1:bg_215,1:Ta2_Mura,1:Hi7,,,,,,,,,,,,,
onik_015_03.txt,tegami1,bg_219,1,100%,1:bg_219,,,,,,,,,,,,,,,,
onik_015_03.txt,tegami2,bg_220,1,100%,1:bg_220,,,,,,,,,,,,,,,,
onik_015_03.txt,tegami3,bg_221,1,100%,1:bg_221,,,,,,,,,,,,,,,,
_meak_005.txt,tennai1,Tennai1,5,56%,5:Tennai1,3:bg_222,1:Sora,,,,,,,,,,,,,,
_meak_005.txt,tirasi1,Tirasi1,1,100%,1:Tirasi1,,,,,,,,,,,,,,,,
_mina_ep.txt,torakku2,Torakku2,6,100%,6:Torakku2,,,,,,,,,,,,,,,,
hima_001.txt,torishirabeshitu,bg_171,1,100%,1:bg_171,,,,,,,,,,,,,,,,
_meak_012.txt,torishirabeshitu_01,black,-1,0%,,,,,,,,,,,,,,,,,
_mina_019.txt,tosyo1,Tosyo1,13,72%,13:Tosyo1,4:Mati3,1:bg_227,,,,,,,,,,,,,,
_mina_016.txt,tosyo1_01,Mati3,3,60%,3:Mati3,2:Tosyo1,,,,,,,,,,,,,,,
_tsum_013.txt,tosyo2,Tosyo2,4,27%,4:Tosyo2,4:Tosyo8,3:Tosyo3,2:Tosyo7,1:bg_228,1:Tosyo4,,,,,,,,,,,
_tsum_020.txt,y_damu2,Y_Damu2,2,100%,2:Y_Damu2,,,,,,,,,,,,,,,,
_meak_022_2.txt,y_ie1,bg_242,1,100%,1:bg_242,,,,,,,,,,,,,,,,
_tsum_016.txt,y_kawa3,bg_247,5,71%,5:bg_247,1:bg_246,1:Y_kawa3,,,,,,,,,,,,,,
_meak_014_1.txt,y_oni1,bg_160,1,50%,1:bg_160,1:Oni1,,,,,,,,,,,,,,,
tata_011_02.txt,y_oni1_01,bg_259,1,50%,1:bg_259,1:bg_260,,,,,,,,,,,,,,,
_mina_ep.txt,yg2,YG2,1,100%,1:YG2,,,,,,,,,,,,,,,,
_mina_ep.txt,ygk1,YGk1,1,100%,1:YGk1,,,,,,,,,,,,,,,,
_mina_ep.txt,ygk3,YGk2,1,50%,1:YGk2,1:YGk3,,,,,,,,,,,,,,,
_mina_028.txt,yhu2,bg_241,4,31%,4:bg_241,4:YHu2,3:bg_240,1:YHu1,1:Hu1,,,,,,,,,,,,
_mina_028.txt,ymo1,YMo1,7,78%,7:YMo1,1:Mo1,1:M_Hi14,,,,,,,,,,,,,,
tata_011_02.txt,ymo1_01,bg_256,2,100%,2:bg_256,,,,,,,,,,,,,,,,
_mina_028.txt,ymo2,YMo2,6,33%,6:YMo2,5:M_Y2,4:M_Y6,1:YMo3,1:M_Y5,1:M_Y3,,,,,,,,,,,
tata_012.txt,ymo2_01,bg_257,2,67%,2:bg_257,1:bg_252,,,,,,,,,,,,,,,
_mina_028.txt,ymo3,YMo3,8,47%,8:YMo3,5:M_Y3,2:Mo3,1:M_Y1,1:M_Y6,,,,,,,,,,,,
tata_012.txt,ymo3_01,bg_258,8,73%,8:bg_258,3:bg_257,,,,,,,,,,,,,,,
tata_012.txt,yugk3_01,bg_110,1,50%,1:bg_110,1:bg_109,,,,,,,,,,,,,,,
