last_file_found,ps3_name,auto,naegles,final_choice,status,ps3_path,ryukishi_path
unknown,001a,NO_MATCH,gk3,gk3,NAEGLES,external\ps3\ep1\scene\001a.png,external\ryukishi\ep5\CG\gk3.png
unknown,001b,NO_MATCH,gk3,gk3,NAEGLES,external\ps3\ep1\scene\001b.png,external\ryukishi\ep5\CG\gk3.png
unknown,002a,NO_MATCH,m_hi3,m_hi3,NAEGLES,external\ps3\ep1\scene\002a.png,external\ryukishi\ep5\CG\m_hi3.png
unknown,002b,NO_MATCH,m_hi3,m_hi3,NAEGLES,external\ps3\ep1\scene\002b.png,external\ryukishi\ep5\CG\m_hi3.png
unknown,003,NO_MATCH,bg_210,bg_210,NAEGLES,external\ps3\ep2\scene\003.png,external\ryukishi\ep1\CG\bg_210.png
unknown,004,NO_MATCH,m_hi4,m_hi4,NAEGLES,external\ps3\ep1\scene\004.png,external\ryukishi\ep6\CG\m_hi4.png
unknown,004b,NO_MATCH,m_hi4,m_hi4,NAEGLES,external\ps3\ep1\scene\004b.png,external\ryukishi\ep6\CG\m_hi4.png
unknown,006,NO_MATCH,mati_o1,mati_o1,NAEGLES,external\ps3\ep2\flashback\scene\006.png,external\ryukishi\ep5\CG\mati_o1.png
unknown,008,NO_MATCH,gk3,gk3,NAEGLES,external\ps3\ep1\scene\008.png,external\ryukishi\ep5\CG\gk3.png
unknown,009b,NO_MATCH,mati2,mati2,NAEGLES,external\ps3\ep2\scene\009b.png,external\ryukishi\ep5\CG\mati2.png
unknown,010,NO_MATCH,bg_210,bg_210,NAEGLES,external\ps3\ep3\scene\010.png,external\ryukishi\ep1\CG\bg_210.png
unknown,011d,NO_MATCH,jyt1,jyt1,NAEGLES,external\ps3\ep4\scene\011d.png,external\ryukishi\ep5\CG\jyt1.png
unknown,011e,NO_MATCH,jyt1,jyt1,NAEGLES,external\ps3\ep4\scene\011e.png,external\ryukishi\ep5\CG\jyt1.png
unknown,011f,NO_MATCH,jyt1,jyt1,NAEGLES,external\ps3\ep4\scene\011f.png,external\ryukishi\ep5\CG\jyt1.png
unknown,025,NO_MATCH,bg_031,bg_031,NAEGLES,external\ps3\ep3\scene\025.png,external\ryukishi\ep3\CG\bg_031.png
unknown,029,NO_MATCH,jsa3,jsa3,NAEGLES,external\ps3\ep2\scene\029.png,external\ryukishi\ep5\CG\jsa3.png
unknown,031,NO_MATCH,ma_j3,ma_j3,NAEGLES,external\ps3\ep1\scene\031.png,external\ryukishi\ep6\CG\ma_j3.png
unknown,033a,NO_MATCH,ma_g3,ma_g3,NAEGLES,external\ps3\ep1\scene\033a.png,external\ryukishi\ep6\CG\ma_g3.png
unknown,033b,NO_MATCH,ma_g3,ma_g3,NAEGLES,external\ps3\ep1\scene\033b.png,external\ryukishi\ep6\CG\ma_g3.png
unknown,033c,NO_MATCH,ma_g3,ma_g3,NAEGLES,external\ps3\ep1\scene\033c.png,external\ryukishi\ep6\CG\ma_g3.png
unknown,033d,NO_MATCH,ma_g3,ma_g3,NAEGLES,external\ps3\ep1\scene\033d.png,external\ryukishi\ep6\CG\ma_g3.png
unknown,038a,NO_MATCH,bg_071,bg_071,NAEGLES,external\ps3\ep4\scene\038a.png,external\ryukishi\ep2\CG\bg_071.png
unknown,038b,NO_MATCH,bg_071,bg_071,NAEGLES,external\ps3\ep4\scene\038b.png,external\ryukishi\ep2\CG\bg_071.png
unknown,038c,NO_MATCH,bg_071,bg_071,NAEGLES,external\ps3\ep4\scene\038c.png,external\ryukishi\ep2\CG\bg_071.png
unknown,043a,NO_MATCH,gk1,gk1,NAEGLES,external\ps3\ep3\scene\043a.png,external\ryukishi\ep5\CG\gk1.png
unknown,043b,NO_MATCH,gk1,gk1,NAEGLES,external\ps3\ep3\scene\043b.png,external\ryukishi\ep5\CG\gk1.png
unknown,046,NO_MATCH,oki_g3,oki_g3,NAEGLES,external\ps3\ep3\scene\046.png,external\ryukishi\ep5\CG\oki_g3.png
unknown,07thlogo,NO_MATCH,07thlogo,07thlogo,NAEGLES,external\ps3\ep1\07thlogo.png,external\ryukishi\ep1\CG\07thlogo.png
unknown,101,NO_MATCH,hi6,hi6,NAEGLES,external\ps3\ep1\scene\101.png,external\ryukishi\ep5\CG\hi6.png
unknown,102,NO_MATCH,m_hi3,m_hi3,NAEGLES,external\ps3\ep1\scene\102.png,external\ryukishi\ep5\CG\m_hi3.png
unknown,103a,NO_MATCH,bg_247,bg_247,NAEGLES,external\ps3\ep1\scene\103a.png,external\ryukishi\ep1\CG\bg_247.png
unknown,103b,NO_MATCH,bg_247,bg_247,NAEGLES,external\ps3\ep1\scene\103b.png,external\ryukishi\ep1\CG\bg_247.png
unknown,104,NO_MATCH,ma_j2,ma_j2,NAEGLES,external\ps3\ep1\scene\104.png,external\ryukishi\ep6\CG\ma_j2.png
unknown,105a,NO_MATCH,ma_g1,ma_g1,NAEGLES,external\ps3\ep2\scene\105a.png,external\ryukishi\ep7\CG\ma_g1.png
unknown,105b,NO_MATCH,ma_g1,ma_g1,NAEGLES,external\ps3\ep2\scene\105b.png,external\ryukishi\ep7\CG\ma_g1.png
unknown,106,NO_MATCH,jsa3,jsa3,NAEGLES,external\ps3\ep2\scene\106.png,external\ryukishi\ep5\CG\jsa3.png
unknown,107a,NO_MATCH,sinryo_sinsatu1,sinryo_sinsatu1,NAEGLES,external\ps3\ep2\scene\107a.png,external\ryukishi\ep7\CG\sinryo_sinsatu1.png
unknown,107b,NO_MATCH,sinryo_sinsatu1,sinryo_sinsatu1,NAEGLES,external\ps3\ep2\scene\107b.png,external\ryukishi\ep7\CG\sinryo_sinsatu1.png
unknown,107c,NO_MATCH,sinryo_sinsatu1,sinryo_sinsatu1,NAEGLES,external\ps3\ep2\scene\107c.png,external\ryukishi\ep7\CG\sinryo_sinsatu1.png
unknown,108,NO_MATCH,gk3,gk3,NAEGLES,external\ps3\ep3\scene\108.png,external\ryukishi\ep5\CG\gk3.png
unknown,109b,NO_MATCH,oki_g3,oki_g3,NAEGLES,external\ps3\ep3\scene\109b.png,external\ryukishi\ep5\CG\oki_g3.png
unknown,109e,NO_MATCH,oki_g3,oki_g3,NAEGLES,external\ps3\ep3\scene\109e.png,external\ryukishi\ep5\CG\oki_g3.png
unknown,110a,NO_MATCH,ji4,ji4,NAEGLES,external\ps3\ep3\scene\110a.png,external\ryukishi\ep6\CG\ji4.png
unknown,110b,NO_MATCH,ji4,ji4,NAEGLES,external\ps3\ep3\scene\110b.png,external\ryukishi\ep6\CG\ji4.png
unknown,111a,NO_MATCH,ma2,ma2,NAEGLES,external\ps3\ep3\scene\111a.png,external\ryukishi\ep5\CG\ma2.png
unknown,111b,NO_MATCH,ma2,ma2,NAEGLES,external\ps3\ep3\scene\111b.png,external\ryukishi\ep5\CG\ma2.png
unknown,113a,NO_MATCH,ji2,ji2,NAEGLES,external\ps3\ep3\scene\113a.png,external\ryukishi\ep5\CG\ji2.png
unknown,113b,NO_MATCH,ji2,ji2,NAEGLES,external\ps3\ep3\scene\113b.png,external\ryukishi\ep5\CG\ji2.png
unknown,114,NO_MATCH,t_ep8,t_ep8,NAEGLES,external\ps3\ep3\scene\114.png,external\ryukishi\ep3\CG\t_ep8.png
unknown,115,NO_MATCH,ji4,ji4,NAEGLES,external\ps3\ep3\scene\115.png,external\ryukishi\ep6\CG\ji4.png
unknown,2,NO_MATCH,2,2,NAEGLES,external\ps3\ep1\2.png,external\ryukishi\ep1\CG\2.png
unknown,201a,NO_MATCH,m_hi9,m_hi9,NAEGLES,external\ps3\ep4\scene\201a.png,external\ryukishi\ep5\CG\m_hi9.png
unknown,201b,NO_MATCH,m_hi9,m_hi9,NAEGLES,external\ps3\ep4\scene\201b.png,external\ryukishi\ep5\CG\m_hi9.png
unknown,201c,NO_MATCH,black,black,NAEGLES,external\ps3\ep4\scene\201c.png,external\ryukishi\ep1\CG\black.png
unknown,202,NO_MATCH,jt1,jt1,NAEGLES,external\ps3\ep4\scene\202.png,external\ryukishi\ep6\CG\jt1.png
unknown,203a,NO_MATCH,ima2,ima2,NAEGLES,external\ps3\ep4\scene\203a.png,external\ryukishi\ep5\CG\ima2.png
unknown,203b,NO_MATCH,ima2,ima2,NAEGLES,external\ps3\ep4\scene\203b.png,external\ryukishi\ep5\CG\ima2.png
unknown,3,NO_MATCH,3,3,NAEGLES,external\ps3\ep3\3.png,external\ryukishi\ep3\CG\3.png
unknown,4,NO_MATCH,4,4,NAEGLES,external\ps3\ep1\4.png,external\ryukishi\ep1\CG\4.png
unknown,5,NO_MATCH,5,5,NAEGLES,external\ps3\ep1\5.png,external\ryukishi\ep1\CG\5.png
unknown,aa,NO_MATCH,aa,aa,NAEGLES,external\ps3\ep1\aa.png,external\ryukishi\ep1\CG\aa.png
_mats_024.txt,aka1,aka1,aka1,aka1,IDENTICAL,external\ps3\ep1\background\aka1.png,external\ryukishi\ep1\CG\aka1.png
_mats_024.txt,aka2,aka2,aka2,aka2,IDENTICAL,external\ps3\ep2\background\aka2.png,external\ryukishi\ep3\CG\aka2.png
unknown,alphaimage,NO_MATCH,NO_MATCH,NO_MATCH,EFFECT,external\ps3\ep1\alphaimage.png,NO_MATCH
_kakera52.txt,basu_soukou,eki2,NO_MATCH,eki2,AUTOMATIC,external\ps3\ep8\background\basu_soukou.png,external\ryukishi\ep5\CG\eki2.png
unknown,bg_089_mo,NO_MATCH,ke5,ke5,NAEGLES,external\ps3\ep4\bg_089_mo.png,external\ryukishi\ep5\CG\ke5.png
unknown,bg_161,NO_MATCH,re1,re1,NAEGLES,external\ps3\ep1\bg_161.png,external\ryukishi\ep6\CG\re1.png
unknown,bg_226,NO_MATCH,bg_226,bg_226,NAEGLES,external\ps3\ep2\bg_226.png,external\ryukishi\ep2\CG\bg_226.png
unknown,bg_235,NO_MATCH,bg_235,bg_235,NAEGLES,external\ps3\ep3\bg_235.png,external\ryukishi\ep3\CG\bg_235.png
unknown,bg_246b,NO_MATCH,bg_246,bg_246,NAEGLES,external\ps3\ep2\bg_246b.png,external\ryukishi\ep1\CG\bg_246.png
unknown,black,NO_MATCH,black,black,NAEGLES,external\ps3\ep1\black.png,external\ryukishi\ep1\CG\black.png
wata_ep_02.txt,byo_01,sinryo_sinsatu1,sinryo_sinsatu1,sinryo_sinsatu1,IDENTICAL,external\ps3\ep2\background\byo_01.png,external\ryukishi\ep7\CG\sinryo_sinsatu1.png
_mats_022.txt,byo_ten,ke6,NO_MATCH,ke6,AUTOMATIC,external\ps3\ep8\background\byo_ten.png,external\ryukishi\ep7\CG\ke6.png
unknown,c,NO_MATCH,c,c,NAEGLES,external\ps3\ep1\c.png,external\ryukishi\ep1\CG\c.png
unknown,centerblind,NO_MATCH,centerblind,centerblind,EFFECT,external\ps3\ep1\centerblind.png,external\ryukishi\ep1\CG\centerblind.png
_mats_022.txt,chika_rouka,sr_2,NO_MATCH,sr_2,AUTOMATIC,external\ps3\ep8\background\chika_rouka.png,external\ryukishi\ep8\sr_2.png
_mats_022.txt,chika_sekyurithi,torakku2,NO_MATCH,torakku2,AUTOMATIC,external\ps3\ep8\background\chika_sekyurithi.png,external\ryukishi\ep7\CG\torakku2.png
_mats_op.txt,chika_shisetsu,ko1,NO_MATCH,ko1,AUTOMATIC,external\ps3\ep8\background\chika_shisetsu.png,external\ryukishi\ep8\ko1.png
unknown,cinema,NO_MATCH,cinema,cinema,NAEGLES,external\ps3\ep1\cinema.png,external\ryukishi\ep1\CG\cinema.png
_mina_op.txt,damu2,damu2,damu2,damu2,IDENTICAL,external\ps3\ep1\background\damu2.png,external\ryukishi\ep5\CG\damu2.png
_mina_026.txt,damu4,damu3,bg_004,damu3,CONTRADICTORY,external\ps3\ep1\background\damu4.png,external\ryukishi\ep7\CG\damu3.png
onik_002.txt,damu4_01,NO_MATCH,bg_004,bg_004,NAEGLES,external\ps3\ep1\background\damu4_01.png,external\ryukishi\ep1\CG\bg_004.png
_mats_018.txt,denwa,denwa,denwa,denwa,IDENTICAL,external\ps3\ep1\background\denwa.png,external\ryukishi\ep5\CG\denwa.png
unknown,down,NO_MATCH,down,down,EFFECT,external\ps3\ep1\down.png,external\ryukishi\ep1\CG\down.png
unknown,e1,NO_MATCH,NO_MATCH,NO_MATCH,EFFECT,external\ps3\ep2\e1.png,NO_MATCH
_meak_tips_08.txt,eki,bg_012,bg_012,bg_012,IDENTICAL,external\ps3\ep1\background\eki.png,external\ryukishi\ep1\CG\bg_012.png
unknown,end,NO_MATCH,end,end,NAEGLES,external\ps3\ep3\end.png,external\ryukishi\ep3\CG\end.png
unknown,end_1,NO_MATCH,end_1,end_1,NAEGLES,external\ps3\ep1\end_1.png,external\ryukishi\ep1\CG\end_1.png
unknown,end_1_j,NO_MATCH,end_1_j,end_1_j,NAEGLES,external\ps3\ep1\end_1_j.png,external\ryukishi\ep1\CG\end_1_j.png
unknown,end_2,NO_MATCH,end_2,end_2,NAEGLES,external\ps3\ep1\end_2.png,external\ryukishi\ep1\CG\end_2.png
unknown,end_2_j,NO_MATCH,end_2_j,end_2_j,NAEGLES,external\ps3\ep1\end_2_j.png,external\ryukishi\ep1\CG\end_2_j.png
unknown,end_3,NO_MATCH,end_3,end_3,NAEGLES,external\ps3\ep1\end_3.png,external\ryukishi\ep1\CG\end_3.png
unknown,end_3_j,NO_MATCH,end_3_j,end_3_j,NAEGLES,external\ps3\ep1\end_3_j.png,external\ryukishi\ep1\CG\end_3_j.png
unknown,ex_jump,NO_MATCH,ex_jump,ex_jump,NAEGLES,external\ps3\ep1\ex_jump.png,external\ryukishi\ep1\CG\ex_jump.png
unknown,ex_otsu,NO_MATCH,ex_otsu,ex_otsu,NAEGLES,external\ps3\ep1\ex_otsu.png,external\ryukishi\ep1\CG\ex_otsu.png
unknown,ex_otsu_hima,NO_MATCH,ex_otsu_hima,ex_otsu_hima,NAEGLES,external\ps3\ep4\ex_otsu_hima.png,external\ryukishi\ep4\CG\ex_otsu_hima.png
unknown,ex_otsu_tata,NO_MATCH,ex_otsu_tata,ex_otsu_tata,NAEGLES,external\ps3\ep3\ex_otsu_tata.png,external\ryukishi\ep3\CG\ex_otsu_tata.png
unknown,ex_otsu_wata,NO_MATCH,ex_otsu_wata,ex_otsu_wata,NAEGLES,external\ps3\ep2\ex_otsu_wata.png,external\ryukishi\ep2\CG\ex_otsu_wata.png
unknown,ex_tips,NO_MATCH,ex_tips,ex_tips,NAEGLES,external\ps3\ep1\ex_tips.png,external\ryukishi\ep1\CG\ex_tips.png
unknown,eye,NO_MATCH,bg_018,bg_018,NAEGLES,external\ps3\ep1\scene\eye.png,external\ryukishi\ep2\CG\bg_018.png
_mats_025.txt,file,file,simen2,file,CONTRADICTORY,external\ps3\ep4\background\file.png,external\ryukishi\ep6\CG\file.png
_mats_024.txt,fure1,fure1,NO_MATCH,fure1,AUTOMATIC,external\ps3\ep7\background\fure1.png,external\ryukishi\ep7\CG\fure1.png
_mats_008.txt,fure2,fure2,NO_MATCH,fure2,AUTOMATIC,external\ps3\ep7\background\fure2.png,external\ryukishi\ep7\CG\fure2.png
_mats_025.txt,furiker_a,f_a,furiker_a,furiker_a,CONTRADICTORY,external\ps3\ep1\background\furiker_a.png,external\ryukishi\ep1\CG\furiker_a.png
_mats_025.txt,furiker_b,f_b,furiker_b,furiker_b,CONTRADICTORY,external\ps3\ep1\background\furiker_b.png,external\ryukishi\ep1\CG\furiker_b.png
_mats_025.txt,furiker_c,bg0,furiker_a,bg0,CONTRADICTORY,external\ps3\ep3\background\furiker_c.png,external\ryukishi\ep3\CG\bg0.png
_mats_013.txt,g1,g1,g1,g1,IDENTICAL,external\ps3\ep1\background\g1.png,external\ryukishi\ep5\CG\g1.png
_tsum_026.txt,g1_01,g1,g1,g1,IDENTICAL,external\ps3\ep3\background\g1_01.png,external\ryukishi\ep5\CG\g1.png
_mats_013.txt,g2,g2,g2,g2,IDENTICAL,external\ps3\ep1\background\g2.png,external\ryukishi\ep5\CG\g2.png
_tsum_026.txt,g2_01,g2,g2,g2,IDENTICAL,external\ps3\ep3\background\g2_01.png,external\ryukishi\ep5\CG\g2.png
_mina_019.txt,g3,g3,g3,g3,IDENTICAL,external\ps3\ep1\background\g3.png,external\ryukishi\ep6\CG\g3.png
_tsum_026.txt,g3_01,g3,g3,g3,IDENTICAL,external\ps3\ep3\background\g3_01.png,external\ryukishi\ep6\CG\g3.png
_meak_001.txt,ga1,ga1,NO_MATCH,ga1,AUTOMATIC,external\ps3\ep5\background\ga1.png,external\ryukishi\ep5\CG\ga1.png
_mats_025.txt,gk1,gk1,gk1,gk1,IDENTICAL,external\ps3\ep1\background\gk1.png,external\ryukishi\ep5\CG\gk1.png
_tsum_026.txt,gk1_01,gk1,gk1,gk1,IDENTICAL,external\ps3\ep2\background\gk1_01.png,external\ryukishi\ep5\CG\gk1.png
_mats_025.txt,gk3,gk2,gk2,gk2,IDENTICAL,external\ps3\ep1\background\gk3.png,external\ryukishi\ep5\CG\gk2.png
_kakera36.txt,gr1,gr1,gr1,gr1,IDENTICAL,external\ps3\ep1\background\gr1.png,external\ryukishi\ep6\CG\gr1.png
_tsum_025.txt,gr1_01,gr1,NO_MATCH,gr1,AUTOMATIC,external\ps3\ep6\background\gr1_01.png,external\ryukishi\ep6\CG\gr1.png
_mats_025.txt,gr2,gr2,gr2,gr2,IDENTICAL,external\ps3\ep1\background\gr2.png,external\ryukishi\ep5\CG\gr2.png
_tsum_026.txt,gr2_01,gr2,gr2,gr2,IDENTICAL,external\ps3\ep3\background\gr2_01.png,external\ryukishi\ep5\CG\gr2.png
_kakera36.txt,gr3,gr3,gr3,gr3,IDENTICAL,external\ps3\ep1\background\gr3.png,external\ryukishi\ep5\CG\gr3.png
_mina_ep.txt,gry2,gry1,NO_MATCH,gry1,AUTOMATIC,external\ps3\ep6\background\gry2.png,external\ryukishi\ep6\CG\gry1.png
_kakera45.txt,gy3_01,gy3,gr3,gy3,CONTRADICTORY,external\ps3\ep3\background\gy3_01.png,external\ryukishi\ep6\CG\gy3.png
_tsum_026.txt,gy7,gy1,NO_MATCH,gy3,AUTOMATIC,external\ps3\ep6\background\gy7.png,external\ryukishi\ep6\CG\gy3.png
unknown,haikei,NO_MATCH,haikei,haikei,NAEGLES,external\ps3\ep1\haikei.png,external\ryukishi\ep1\CG\haikei.png
unknown,haikei-,NO_MATCH,haikei,haikei,NAEGLES,external\ps3\ep1\haikei-.png,external\ryukishi\ep1\CG\haikei.png
tata_013_02.txt,hasi1,bg_029,bg_029,bg_029,IDENTICAL,external\ps3\ep1\background\hasi1.png,external\ryukishi\ep1\CG\bg_029.png
hima_002.txt,hasi3,bg_032,bg_032,bg_032,IDENTICAL,external\ps3\ep1\background\hasi3.png,external\ryukishi\ep1\CG\bg_032.png
_mats_024.txt,heri_gunji_01,heri1,NO_MATCH,heri1,AUTOMATIC,external\ps3\ep8\background\heri_gunji_01.png,external\ryukishi\ep8\heri1.png
_mats_016.txt,heya1,heya2,heya2,heya2,IDENTICAL,external\ps3\ep2\background\heya1.png,external\ryukishi\ep5\CG\heya2.png
_kakera15.txt,heya1_04,ima3,heya2,heya2,CONTRADICTORY,external\ps3\ep3\background\heya1_04.png,external\ryukishi\ep5\CG\heya2.png
hima_tips_07.txt,heya1_05,heya1,heya2,heya1,CONTRADICTORY,external\ps3\ep3\background\heya1_05.png,external\ryukishi\ep5\CG\heya1.png
_mats_016.txt,heya6,heya6,NO_MATCH,heya6,AUTOMATIC,external\ps3\ep8\background\heya6.png,external\ryukishi\ep5\CG\heya6.png
_mats_op.txt,hi1,hi2,hi1,hi1,CONTRADICTORY,external\ps3\ep1\background\hi1.png,external\ryukishi\ep5\CG\hi1.png
onik_009.txt,hi1_01,hi1,hi1,hi1,IDENTICAL,external\ps3\ep1\background\hi1_01.png,external\ryukishi\ep5\CG\hi1.png
hima_002.txt,hi3,hi3,hi3,hi3,IDENTICAL,external\ps3\ep1\background\hi3.png,external\ryukishi\ep6\CG\hi3.png
_kakera33.txt,hi4,hi4,hi4,hi4,IDENTICAL,external\ps3\ep1\background\hi4.png,external\ryukishi\ep5\CG\hi4.png
_mats_018.txt,hi4_01,hi4,hi4,hi4,IDENTICAL,external\ps3\ep3\background\hi4_01.png,external\ryukishi\ep5\CG\hi4.png
_tsum_006.txt,hi5,hi5,hi5,hi5,IDENTICAL,external\ps3\ep1\background\hi5.png,external\ryukishi\ep6\CG\hi5.png
_kakera37.txt,hi5_01,hi5,hi5,hi5,IDENTICAL,external\ps3\ep2\background\hi5_01.png,external\ryukishi\ep6\CG\hi5.png
_mats_023.txt,hi9,hi9,hi9,hi9,IDENTICAL,external\ps3\ep4\background\hi9.png,external\ryukishi\ep5\CG\hi9.png
_mats_023.txt,hi_scroll,mura2,m_hi4,mura2,CONTRADICTORY,external\ps3\ep3\background\hi_scroll.png,external\ryukishi\ep8\mura2.png
_mats_025.txt,hi_scroll_01,mura2,m_hi4,m_hi4,CONTRADICTORY,external\ps3\ep3\background\hi_scroll_01.png,external\ryukishi\ep6\CG\m_hi4.png
_kakera48.txt,ho1,ho1_houjouke,ho1_houjouke,ho1_houjouke,IDENTICAL,external\ps3\ep3\background\ho1.png,external\ryukishi\ep5\CG\ho1_houjouke.png
_mina_011_1.txt,ho1_01,ho2_houjouke,NO_MATCH,ho2_houjouke,AUTOMATIC,external\ps3\ep5\background\ho1_01.png,external\ryukishi\ep5\CG\ho2_houjouke.png
_mina_019.txt,ho1_02,ho1_houjouke,ho1_houjouke,ho1_houjouke,IDENTICAL,external\ps3\ep3\background\ho1_02.png,external\ryukishi\ep5\CG\ho1_houjouke.png
_kakera32.txt,ho_2,ho_2,bg_057,ho_2,CONTRADICTORY,external\ps3\ep3\background\ho_2.png,external\ryukishi\ep7\CG\ho_2.png
_kakera32.txt,ho_r1,ho_r1,ho_r1,ho_r1,IDENTICAL,external\ps3\ep3\background\ho_r1.png,external\ryukishi\ep5\CG\ho_r1.png
tata_001.txt,honoo,NO_MATCH,red,red,NAEGLES,external\ps3\ep3\background\honoo.png,external\ryukishi\ep3\CG\red.png
_mats_019.txt,hoteru,hoteru,hoteru,hoteru,IDENTICAL,external\ps3\ep4\background\hoteru.png,external\ryukishi\ep5\CG\hoteru.png
_mats_021.txt,hu2,hu1,NO_MATCH,hu1,AUTOMATIC,external\ps3\ep7\background\hu2.png,external\ryukishi\ep7\CG\hu1.png
_mats_018.txt,hu2_01,hu1,NO_MATCH,hu1,AUTOMATIC,external\ps3\ep7\background\hu2_01.png,external\ryukishi\ep7\CG\hu1.png
_kakera52.txt,hu_ima,NO_MATCH,hu_r1,hu_r1,NAEGLES,external\ps3\ep8\background\hu_ima.png,external\ryukishi\ep5\CG\hu_r1.png
_mats_025.txt,hu_r1,hu_r1,hu_r1,hu_r1,IDENTICAL,external\ps3\ep2\background\hu_r1.png,external\ryukishi\ep5\CG\hu_r1.png
_mats_012.txt,hu_r4,hu_r4,NO_MATCH,hu_r4,AUTOMATIC,external\ps3\ep6\background\hu_r4.png,external\ryukishi\ep7\CG\hu_r4.png
onik_015_02.txt,hu_tenjyou,ma_j3,ma_j3,ma_j3,IDENTICAL,external\ps3\ep1\background\hu_tenjyou.png,external\ryukishi\ep6\CG\ma_j3.png
_mats_015.txt,ie1,ie1,ie1,ie1,IDENTICAL,external\ps3\ep1\background\ie1.png,external\ryukishi\ep5\CG\ie1.png
_mina_020.txt,ie1_01,ie2,ie1,ie1,CONTRADICTORY,external\ps3\ep3\background\ie1_01.png,external\ryukishi\ep5\CG\ie1.png
_mats_018.txt,ima1,ima1,ima1,ima1,IDENTICAL,external\ps3\ep4\background\ima1.png,external\ryukishi\ep5\CG\ima1.png
_mats_025.txt,ima3,heya4,ima3,ima3,CONTRADICTORY,external\ps3\ep3\background\ima3.png,external\ryukishi\ep5\CG\ima3.png
_mats_025.txt,jansou,bg_071,bg_071,bg_071,IDENTICAL,external\ps3\ep2\background\jansou.png,external\ryukishi\ep2\CG\bg_071.png
_mats_025.txt,jd4,jd4,jd4,jd4,IDENTICAL,external\ps3\ep1\background\jd4.png,external\ryukishi\ep6\CG\jd4.png
onik_009_02.txt,jd4_01,jd4,jd4,jd4,IDENTICAL,external\ps3\ep1\background\jd4_01.png,external\ryukishi\ep6\CG\jd4.png
_mats_025.txt,je1,je1,je1,je1,IDENTICAL,external\ps3\ep1\background\je1.png,external\ryukishi\ep5\CG\je1.png
_mats_025.txt,je2,je4,je3,je3,CONTRADICTORY,external\ps3\ep1\background\je2.png,external\ryukishi\ep5\CG\je3.png
_mats_017.txt,ji1,ji1,ji1,ji1,IDENTICAL,external\ps3\ep1\background\ji1.png,external\ryukishi\ep6\CG\ji1.png
_mats_025.txt,ji1_01,ji5,ji1,ji1,CONTRADICTORY,external\ps3\ep2\background\ji1_01.png,external\ryukishi\ep6\CG\ji1.png
_mats_014.txt,ji2,ji2,ji2,ji2,IDENTICAL,external\ps3\ep1\background\ji2.png,external\ryukishi\ep5\CG\ji2.png
_mats_018.txt,ji2_01,ji2,ji2,ji2,IDENTICAL,external\ps3\ep2\background\ji2_01.png,external\ryukishi\ep5\CG\ji2.png
_mats_014.txt,ji6,ji6,bg_079,bg_079,CONTRADICTORY,external\ps3\ep1\background\ji6.png,external\ryukishi\ep3\CG\bg_079.png
_mats_021.txt,jok1,jok1,jok1,jok1,IDENTICAL,external\ps3\ep1\background\jok1.png,external\ryukishi\ep5\CG\jok1.png
_tsum_012_1.txt,jok2,jok2,jok2,jok2,IDENTICAL,external\ps3\ep2\background\jok2.png,external\ryukishi\ep5\CG\jok2.png
_mina_004.txt,js1,bg_079,bg_079,bg_079,IDENTICAL,external\ps3\ep3\background\js1.png,external\ryukishi\ep3\CG\bg_079.png
_mina_004.txt,js1_01,ji5,bg_079,bg_079,CONTRADICTORY,external\ps3\ep2\background\js1_01.png,external\ryukishi\ep3\CG\bg_079.png
_mina_006.txt,js3,js3,jsa2,js3,CONTRADICTORY,external\ps3\ep1\background\js3.png,external\ryukishi\ep6\CG\js3.png
_meak_016_2.txt,js3_01,jsa2,jsa2,jsa2,IDENTICAL,external\ps3\ep2\background\js3_01.png,external\ryukishi\ep5\CG\jsa2.png
_mina_004.txt,js4,js4,NO_MATCH,js4,AUTOMATIC,external\ps3\ep7\background\js4.png,external\ryukishi\ep5\CG\js4.png
_mina_004.txt,js4_01,js4,ima3,ima3,CONTRADICTORY,external\ps3\ep4\background\js4_01.png,external\ryukishi\ep5\CG\ima3.png
_kakera27.txt,js4_02,js4,NO_MATCH,js4,AUTOMATIC,external\ps3\ep7\background\js4_02.png,external\ryukishi\ep5\CG\js4.png
_mina_006.txt,jsa1,jsa1,jsa1,jsa1,IDENTICAL,external\ps3\ep2\background\jsa1.png,external\ryukishi\ep5\CG\jsa1.png
_mina_006.txt,jsa7,jsa7,jsa2,jsa7,CONTRADICTORY,external\ps3\ep2\background\jsa7.png,external\ryukishi\ep5\CG\jsa7.png
_mats_021.txt,jsa7_01,jsa4,jsa7,jsa7,CONTRADICTORY,external\ps3\ep2\background\jsa7_01.png,external\ryukishi\ep5\CG\jsa7.png
_mats_011.txt,jt1,jt1,hi6,jt1,CONTRADICTORY,external\ps3\ep1\background\jt1.png,external\ryukishi\ep6\CG\jt1.png
_mats_018.txt,jt1_01,haikei,hi6,hi6,CONTRADICTORY,external\ps3\ep3\background\jt1_01.png,external\ryukishi\ep5\CG\hi6.png
_mats_011.txt,jt2,jt2,jt2,jt2,IDENTICAL,external\ps3\ep1\background\jt2.png,external\ryukishi\ep7\CG\jt2.png
_mats_018.txt,jt2_01,jt2,jt2,jt2,IDENTICAL,external\ps3\ep4\background\jt2_01.png,external\ryukishi\ep7\CG\jt2.png
_mats_007.txt,juku1_01,juku1,hi6,hi6,NAEGLES,external\ps3\ep4\background\juku1_01.png,external\ryukishi\ep5\CG\hi6.png
_mats_014.txt,jy1,jy1,jy1,jy1,IDENTICAL,external\ps3\ep2\background\jy1.png,external\ryukishi\ep5\CG\jy1.png
_mats_025.txt,jy2,jy2,jy2,jy2,IDENTICAL,external\ps3\ep1\background\jy2.png,external\ryukishi\ep5\CG\jy2.png
_kakera27.txt,jys1,js1,jy1,js1,CONTRADICTORY,external\ps3\ep2\background\jys1.png,external\ryukishi\ep5\CG\js1.png
_meak_tips_14.txt,jysa1,jysa1,jysa1,jysa1,IDENTICAL,external\ps3\ep2\background\jysa1.png,external\ryukishi\ep5\CG\jysa1.png
_mina_021.txt,jyt1,jyt1,jyt1,jyt1,IDENTICAL,external\ps3\ep2\background\jyt1.png,external\ryukishi\ep5\CG\jyt1.png
_mats_018.txt,jyt2,jyt2,jyt2,jyt2,IDENTICAL,external\ps3\ep1\background\jyt2.png,external\ryukishi\ep5\CG\jyt2.png
_kakera25.txt,k_kouen1,kouen,NO_MATCH,kouen,AUTOMATIC,external\ps3\ep5\background\k_kouen1.png,external\ryukishi\ep5\CG\kouen.png
_meak_005.txt,k_kouen1_01,kouen,NO_MATCH,kouen,AUTOMATIC,external\ps3\ep5\background\k_kouen1_01.png,external\ryukishi\ep5\CG\kouen.png
_kakera51.txt,k_oyashiro,NO_MATCH,black,black,NAEGLES,external\ps3\ep8\background\k_oyashiro.png,external\ryukishi\ep1\CG\black.png
_mats_010.txt,k_ten2,ho1_tokyo,NO_MATCH,ho1_tokyo,AUTOMATIC,external\ps3\ep8\background\k_ten2.png,external\ryukishi\ep8\ho1_tokyo.png
_mats_010.txt,ka1_01,ka2,NO_MATCH,ka2,AUTOMATIC,external\ps3\ep7\background\ka1_01.png,external\ryukishi\ep7\CG\ka2.png
_mats_022.txt,ka4,ka1,NO_MATCH,ka1,AUTOMATIC,external\ps3\ep7\background\ka4.png,external\ryukishi\ep7\CG\ka1.png
_mats_020.txt,kai_jyun,ke_s3,NO_MATCH,ke_s3,AUTOMATIC,external\ps3\ep8\background\kai_jyun.png,external\ryukishi\ep8\ke_s3.png
_mats_020.txt,kai_ten,ke_s3,ke5,ke5,NAEGLES,external\ps3\ep8\background\kai_ten.png,external\ryukishi\ep5\CG\ke5.png
_kakera52.txt,kakera,kakera3,NO_MATCH,kakera3,AUTOMATIC,external\ps3\ep8\background\kakera.png,external\ryukishi\ep8\kakera3.png
_tsum_010.txt,kawa1,kawa1,kawa1,kawa1,IDENTICAL,external\ps3\ep1\background\kawa1.png,external\ryukishi\ep5\CG\kawa1.png
hima_002.txt,kawa4,bg_005,bg_087,bg_005,CONTRADICTORY,external\ps3\ep1\background\kawa4.png,external\ryukishi\ep1\CG\bg_005.png
_mats_019.txt,ke1,ke1,bg_091,bg_091,CONTRADICTORY,external\ps3\ep4\background\ke1.png,external\ryukishi\ep4\CG\bg_091.png
_meak_012.txt,ke1_01,ke1,NO_MATCH,ke1,AUTOMATIC,external\ps3\ep5\background\ke1_01.png,external\ryukishi\ep5\CG\ke1.png
_mats_019.txt,ke2,ke2,ke2,ke2,IDENTICAL,external\ps3\ep2\background\ke2.png,external\ryukishi\ep7\CG\ke2.png
_mats_022.txt,ke5,ke5,ke5,ke5,IDENTICAL,external\ps3\ep1\background\ke5.png,external\ryukishi\ep5\CG\ke5.png
_mats_025.txt,ke_ky1,ke_ky1,ke_ky1,ke_ky1,IDENTICAL,external\ps3\ep1\background\ke_ky1.png,external\ryukishi\ep5\CG\ke_ky1.png
_mats_012.txt,ke_ky2,tosyo7,ke_ky2,ke_ky2,CONTRADICTORY,external\ps3\ep1\background\ke_ky2.png,external\ryukishi\ep5\CG\ke_ky2.png
_mats_019.txt,ke_robbie,ke_r1,NO_MATCH,ke_r1,AUTOMATIC,external\ps3\ep8\background\ke_robbie.png,external\ryukishi\ep8\ke_r1.png
_mats_019.txt,ke_s2,ke_s1,ke_s1,ke_s1,IDENTICAL,external\ps3\ep1\background\ke_s2.png,external\ryukishi\ep5\CG\ke_s1.png
staffroom.txt,ke_shiryou1_02,NO_MATCH,dsc00038,dsc00038,NAEGLES,external\ps3\ep5\background\ke_shiryou1_02.png,external\ryukishi\ep5\CG\dsc00038.png
hima_tips_14.txt,kimi_o1_08,terebi1,terebi1,terebi1,IDENTICAL,external\ps3\ep4\background\kimi_o1_08.png,external\ryukishi\ep6\CG\terebi1.png
_kakera52.txt,koudou,mati16,NO_MATCH,mati16,AUTOMATIC,external\ps3\ep8\background\koudou.png,external\ryukishi\ep8\mati16.png
_mats_024.txt,koya1,koya2,NO_MATCH,koya2,AUTOMATIC,external\ps3\ep8\background\koya1.png,external\ryukishi\ep8\koya2.png
_mats_024.txt,koya1_02,koya1,bg_097,bg_097,CONTRADICTORY,external\ps3\ep4\background\koya1_02.png,external\ryukishi\ep4\CG\bg_097.png
hima_004.txt,kukou1,NO_MATCH,bg_099,bg_099,NAEGLES,external\ps3\ep4\background\kukou1.png,external\ryukishi\ep4\CG\bg_099.png
_mats_023.txt,kuruma1,kuruma1,kuruma1,kuruma1,IDENTICAL,external\ps3\ep1\background\kuruma1.png,external\ryukishi\ep6\CG\kuruma1.png
_tsum_026.txt,kuruma1_02,kuruma1,kuruma1,kuruma1,IDENTICAL,external\ps3\ep3\background\kuruma1_02.png,external\ryukishi\ep6\CG\kuruma1.png
_mats_023.txt,kuruma2,kuruma2,kuruma2,kuruma2,IDENTICAL,external\ps3\ep2\background\kuruma2.png,external\ryukishi\ep6\CG\kuruma2.png
hima_003_03.txt,kuruma2_01,kuruma2,kuruma2,kuruma2,IDENTICAL,external\ps3\ep4\background\kuruma2_01.png,external\ryukishi\ep6\CG\kuruma2.png
_tsum_026.txt,kuruma2_02,kuruma2,kuruma2,kuruma2,IDENTICAL,external\ps3\ep3\background\kuruma2_02.png,external\ryukishi\ep6\CG\kuruma2.png
hima_003_03.txt,kuruma3,m_hi9,kuruma3,kuruma3,CONTRADICTORY,external\ps3\ep4\background\kuruma3.png,external\ryukishi\ep6\CG\kuruma3.png
_tsum_012_2.txt,kuruma3_01,kuruma3,kuruma3,kuruma3,IDENTICAL,external\ps3\ep1\background\kuruma3_01.png,external\ryukishi\ep6\CG\kuruma3.png
_tsum_026.txt,kuruma3_02,kuruma3,kuruma3,kuruma3,IDENTICAL,external\ps3\ep3\background\kuruma3_02.png,external\ryukishi\ep6\CG\kuruma3.png
_mats_012.txt,kuruma4,kuruma4,kuruma4,kuruma4,IDENTICAL,external\ps3\ep2\background\kuruma4.png,external\ryukishi\ep5\CG\kuruma4.png
tata_011_03.txt,kuruma4_01,kuruma4,kuruma4,kuruma4,IDENTICAL,external\ps3\ep3\background\kuruma4_01.png,external\ryukishi\ep5\CG\kuruma4.png
_mats_002.txt,kuruma5,kuruma5,kuruma5,kuruma5,IDENTICAL,external\ps3\ep4\background\kuruma5.png,external\ryukishi\ep5\CG\kuruma5.png
_mina_019.txt,kuruma5_01,bg_106,bg_106,bg_106,IDENTICAL,external\ps3\ep4\background\kuruma5_01.png,external\ryukishi\ep4\CG\bg_106.png
_meak_001.txt,kuruma5_02,kuruma8,NO_MATCH,kuruma8,AUTOMATIC,external\ps3\ep5\background\kuruma5_02.png,external\ryukishi\ep5\CG\kuruma8.png
tata_011_03.txt,kuruma5_03,kuruma5,kuruma5,kuruma5,IDENTICAL,external\ps3\ep3\background\kuruma5_03.png,external\ryukishi\ep5\CG\kuruma5.png
_kakera51.txt,kuruma5_04,kuruma4,kuruma5,kuruma5,NAEGLES,external\ps3\ep8\background\kuruma5_04.png,external\ryukishi\ep5\CG\kuruma5.png
_kakera42.txt,kuruma5_05,kuruma5,kuruma8,kuruma8,NAEGLES,external\ps3\ep8\background\kuruma5_05.png,external\ryukishi\ep5\CG\kuruma8.png
_mats_023.txt,kuruma6,kuruma6,kuruma6,kuruma6,IDENTICAL,external\ps3\ep4\background\kuruma6.png,external\ryukishi\ep5\CG\kuruma6.png
unknown,left,NO_MATCH,left,left,NAEGLES,external\ps3\ep1\left.png,external\ryukishi\ep1\CG\left.png
unknown,logo,NO_MATCH,logo,logo,NAEGLES,external\ps3\ep1\logo.png,external\ryukishi\ep1\CG\logo.png
unknown,logo_j,NO_MATCH,logo_j,logo_j,NAEGLES,external\ps3\ep1\logo_j.png,external\ryukishi\ep1\CG\logo_j.png
unknown,logomask,NO_MATCH,logomask,logomask,NAEGLES,external\ps3\ep1\logomask.png,external\ryukishi\ep1\CG\logomask.png
unknown,m1,NO_MATCH,m1,m1,NAEGLES,external\ps3\ep1\m1.png,external\ryukishi\ep1\CG\m1.png
_tsum_017.txt,m_hi1,m_hi1,m_hi1,m_hi1,IDENTICAL,external\ps3\ep1\background\m_hi1.png,external\ryukishi\ep6\CG\m_hi1.png
_mina_020.txt,m_hi1_01,m_hi1,m_hi1,m_hi1,IDENTICAL,external\ps3\ep1\background\m_hi1_01.png,external\ryukishi\ep6\CG\m_hi1.png
_mats_025.txt,m_hi3,m_hi3,m_hi3,m_hi3,IDENTICAL,external\ps3\ep1\background\m_hi3.png,external\ryukishi\ep5\CG\m_hi3.png
_mina_016.txt,m_hi3_01,m_hi3,m_hi3,m_hi3,IDENTICAL,external\ps3\ep1\background\m_hi3_01.png,external\ryukishi\ep5\CG\m_hi3.png
_mats_017.txt,m_hi4,m_hi4,m_hi4,m_hi4,IDENTICAL,external\ps3\ep1\background\m_hi4.png,external\ryukishi\ep6\CG\m_hi4.png
_mats_025.txt,m_hi4_01,m_hi4,m_hi4,m_hi4,IDENTICAL,external\ps3\ep1\background\m_hi4_01.png,external\ryukishi\ep6\CG\m_hi4.png
_mina_009_2.txt,m_hi5,m_hi5,m_hi5,m_hi5,IDENTICAL,external\ps3\ep1\background\m_hi5.png,external\ryukishi\ep6\CG\m_hi5.png
_tsum_004.txt,m_hi5_01,m_hi5,m_hi5,m_hi5,IDENTICAL,external\ps3\ep1\background\m_hi5_01.png,external\ryukishi\ep6\CG\m_hi5.png
_mina_009_2.txt,m_hi6,m_hi6,m_hi6,m_hi6,IDENTICAL,external\ps3\ep1\background\m_hi6.png,external\ryukishi\ep5\CG\m_hi6.png
_kakera38.txt,m_hi6_01,m_hi6,m_hi6,m_hi6,IDENTICAL,external\ps3\ep3\background\m_hi6_01.png,external\ryukishi\ep5\CG\m_hi6.png
_mina_tips_005.txt,m_hi8,m_hi8,m_hi8,m_hi8,IDENTICAL,external\ps3\ep1\background\m_hi8.png,external\ryukishi\ep6\CG\m_hi8.png
_mina_ep.txt,m_y1,m_y1,m_y1,m_y1,IDENTICAL,external\ps3\ep1\background\m_y1.png,external\ryukishi\ep5\CG\m_y1.png
_mina_ep.txt,m_y2,m_y2,m_y2,m_y2,IDENTICAL,external\ps3\ep1\background\m_y2.png,external\ryukishi\ep6\CG\m_y2.png
tata_002.txt,m_y2_02,mati5,m_y2,m_y2,CONTRADICTORY,external\ps3\ep2\background\m_y2_02.png,external\ryukishi\ep6\CG\m_y2.png
_mats_006.txt,m_y2_04,m_y2,m_y2,m_y2,IDENTICAL,external\ps3\ep3\background\m_y2_04.png,external\ryukishi\ep6\CG\m_y2.png
_mina_op.txt,m_y4,m_y4,m_y4,m_y4,IDENTICAL,external\ps3\ep1\background\m_y4.png,external\ryukishi\ep5\CG\m_y4.png
unknown,m_y4_01,NO_MATCH,m_y4,m_y4,NAEGLES,external\ps3\ep4\background\m_y4_01.png,external\ryukishi\ep5\CG\m_y4.png
_mats_006.txt,m_y4_04,m_y4,NO_MATCH,m_y4,AUTOMATIC,external\ps3\ep8\background\m_y4_04.png,external\ryukishi\ep5\CG\m_y4.png
_mina_ep.txt,m_y7,m_y5,m_y7,m_y7,CONTRADICTORY,external\ps3\ep2\background\m_y7.png,external\ryukishi\ep5\CG\m_y7.png
_mats_015.txt,ma1,ma1,ma1,ma1,IDENTICAL,external\ps3\ep1\background\ma1.png,external\ryukishi\ep6\CG\ma1.png
tata_012.txt,ma1_01,ma1,ma1,ma1,IDENTICAL,external\ps3\ep3\background\ma1_01.png,external\ryukishi\ep6\CG\ma1.png
_mina_020.txt,ma1_02,ma1,ma1,ma1,IDENTICAL,external\ps3\ep1\background\ma1_02.png,external\ryukishi\ep6\CG\ma1.png
_mina_011_1.txt,ma2,ma2,ma2,ma2,IDENTICAL,external\ps3\ep1\background\ma2.png,external\ryukishi\ep5\CG\ma2.png
tata_012.txt,ma2_01,ma2,ma2,ma2,IDENTICAL,external\ps3\ep1\background\ma2_01.png,external\ryukishi\ep5\CG\ma2.png
_tsum_tips_012.txt,ma3,ma3,ma3,ma3,IDENTICAL,external\ps3\ep1\background\ma3.png,external\ryukishi\ep6\CG\ma3.png
tata_012.txt,ma3_01,ma3,ma3,ma3,IDENTICAL,external\ps3\ep3\background\ma3_01.png,external\ryukishi\ep6\CG\ma3.png
_tsum_004.txt,ma3_02,ma4,ma3,ma3,CONTRADICTORY,external\ps3\ep3\background\ma3_02.png,external\ryukishi\ep6\CG\ma3.png
_tsum_023_2.txt,ma5,ma5,ma5,ma5,IDENTICAL,external\ps3\ep3\background\ma5.png,external\ryukishi\ep5\CG\ma5.png
tata_011_03.txt,ma5_01,ma5,ma5,ma5,IDENTICAL,external\ps3\ep3\background\ma5_01.png,external\ryukishi\ep5\CG\ma5.png
_mina_003_1.txt,ma_d1,ma_d1,ma_d1,ma_d1,IDENTICAL,external\ps3\ep1\background\ma_d1.png,external\ryukishi\ep6\CG\ma_d1.png
_tsum_022.txt,ma_d1_01,NO_MATCH,ma_d1,ma_d1,NAEGLES,external\ps3\ep1\background\ma_d1_01.png,external\ryukishi\ep6\CG\ma_d1.png
_mina_003_1.txt,ma_g1,ma_g1,ma_g1,ma_g1,IDENTICAL,external\ps3\ep1\background\ma_g1.png,external\ryukishi\ep7\CG\ma_g1.png
wata_003.txt,ma_g1_01,ma_g1,ma_g1,ma_g1,IDENTICAL,external\ps3\ep2\background\ma_g1_01.png,external\ryukishi\ep7\CG\ma_g1.png
_tsum_022.txt,ma_g2,ma_g2,ma_g2,ma_g2,IDENTICAL,external\ps3\ep1\background\ma_g2.png,external\ryukishi\ep6\CG\ma_g2.png
_mina_011_2.txt,ma_g3,ma_g3,NO_MATCH,ma_g3,AUTOMATIC,external\ps3\ep6\background\ma_g3.png,external\ryukishi\ep6\CG\ma_g3.png
_tsum_019.txt,ma_g3_01,ma_g3,ma_g3,ma_g3,IDENTICAL,external\ps3\ep1\background\ma_g3_01.png,external\ryukishi\ep6\CG\ma_g3.png
onik_014_02.txt,ma_g3_02,ma2,ma_g3,ma2,CONTRADICTORY,external\ps3\ep1\background\ma_g3_02.png,external\ryukishi\ep5\CG\ma2.png
_tsum_022.txt,ma_j3,ma_j1,ma_j2,ma_j3,CONTRADICTORY,external\ps3\ep1\background\ma_j3.png,external\ryukishi\ep6\CG\ma_j3.png
_tsum_023_1.txt,ma_j3_01,ma_j1,ma_j2,ma_j3,CONTRADICTORY,external\ps3\ep1\background\ma_j3_01.png,external\ryukishi\ep6\CG\ma_j3.png
tata_009_02.txt,ma_j3_03,NO_MATCH,ma_j2,ma_j3,NAEGLES,external\ps3\ep2\background\ma_j3_03.png,external\ryukishi\ep6\CG\ma_j3.png
wata_003.txt,ma_j3_05,ma_j2,ma_j2,ma_j3,IDENTICAL,external\ps3\ep1\background\ma_j3_05.png,external\ryukishi\ep6\CG\ma_j3.png
_mina_011_2.txt,ma_s1,ribing1,bg_210,ma_s1,CONTRADICTORY,external\ps3\ep1\background\ma_s1.png,external\ryukishi\ep6\CG\ma_s1.png
_tsum_019.txt,ma_s1_01,ma_s1,NO_MATCH,ma_s1,AUTOMATIC,external\ps3\ep6\background\ma_s1_01.png,external\ryukishi\ep6\CG\ma_s1.png
unknown,mangagamer,NO_MATCH,mangagamer,mangagamer,NAEGLES,external\ps3\ep1\mangagamer.png,external\ryukishi\ep1\CG\mangagamer.png
unknown,mask1013,NO_MATCH,mask1013,mask1013,NAEGLES,external\ps3\ep1\mask1013.png,external\ryukishi\ep1\CG\mask1013.png
unknown,mask1014,NO_MATCH,mask1014,mask1014,NAEGLES,external\ps3\ep4\mask1014.png,external\ryukishi\ep4\CG\mask1014.png
unknown,mask1020,NO_MATCH,mask1020,mask1020,NAEGLES,external\ps3\ep4\mask1020.png,external\ryukishi\ep4\CG\mask1020.png
unknown,mask_1900,NO_MATCH,mask_1900,mask_1900,NAEGLES,external\ps3\ep1\mask_1900.png,external\ryukishi\ep1\CG\mask_1900.png
_mats_010.txt,mati12,mati12,mati12,mati12,IDENTICAL,external\ps3\ep2\background\mati12.png,external\ryukishi\ep6\CG\mati12.png
_mina_019.txt,mati2,mati2,mati2,mati2,IDENTICAL,external\ps3\ep1\background\mati2.png,external\ryukishi\ep5\CG\mati2.png
_mina_008.txt,mati2_01,mati6,mati2,mati2,NAEGLES,external\ps3\ep5\background\mati2_01.png,external\ryukishi\ep5\CG\mati2.png
_kakera42.txt,mati2_04,mati14,mati2,mati2,NAEGLES,external\ps3\ep8\background\mati2_04.png,external\ryukishi\ep5\CG\mati2.png
_mats_017.txt,mati3,mati3,mati3,mati3,IDENTICAL,external\ps3\ep2\background\mati3.png,external\ryukishi\ep5\CG\mati3.png
_mina_008.txt,mati3_01,mati3,NO_MATCH,mati3,AUTOMATIC,external\ps3\ep5\background\mati3_01.png,external\ryukishi\ep5\CG\mati3.png
_kakera42.txt,mati3_04,mati9,mati3,mati3,NAEGLES,external\ps3\ep8\background\mati3_04.png,external\ryukishi\ep5\CG\mati3.png
_mats_020.txt,mati4,mati4,mati4,mati4,IDENTICAL,external\ps3\ep2\background\mati4.png,external\ryukishi\ep5\CG\mati4.png
_mina_012.txt,mati4_01,kouen,mati4,mati4,NAEGLES,external\ps3\ep7\background\mati4_01.png,external\ryukishi\ep5\CG\mati4.png
_kakera42.txt,mati4_04,mati15,mati4,mati4,NAEGLES,external\ps3\ep8\background\mati4_04.png,external\ryukishi\ep5\CG\mati4.png
_mats_012.txt,mati7,bg_237,mati7,mati7,CONTRADICTORY,external\ps3\ep1\background\mati7.png,external\ryukishi\ep7\CG\mati7.png
_mina_019.txt,mati_ji1,mati_ji2,mati_ji1,mati_ji1,NAEGLES,external\ps3\ep7\background\mati_ji1.png,external\ryukishi\ep7\CG\mati_ji1.png
_mats_020.txt,mati_o1,mati_o1,mati_o1,mati_o1,IDENTICAL,external\ps3\ep2\background\mati_o1.png,external\ryukishi\ep5\CG\mati_o1.png
_mina_008.txt,mati_o1_01,mati_o1,NO_MATCH,mati_o1,AUTOMATIC,external\ps3\ep7\background\mati_o1_01.png,external\ryukishi\ep5\CG\mati_o1.png
_mina_008.txt,mati_o2,mati_o2,bg_155,mati_o2,CONTRADICTORY,external\ps3\ep2\background\mati_o2.png,external\ryukishi\ep5\CG\mati_o2.png
_mina_008.txt,mati_o4,mati_o5,mati_o4,mati_o4,CONTRADICTORY,external\ps3\ep2\background\mati_o4.png,external\ryukishi\ep5\CG\mati_o4.png
_kakera46.txt,mati_o6,mati_o6,mati_o6,mati_o6,IDENTICAL,external\ps3\ep2\background\mati_o6.png,external\ryukishi\ep7\CG\mati_o6.png
_mats_024.txt,mo1,mo1,mo1,mo1,IDENTICAL,external\ps3\ep1\background\mo1.png,external\ryukishi\ep6\CG\mo1.png
tata_011_02.txt,mo1_01,mo1,mo1,mo1,IDENTICAL,external\ps3\ep1\background\mo1_01.png,external\ryukishi\ep6\CG\mo1.png
_mats_024.txt,mo1_02,mo1,mo2,mo2,CONTRADICTORY,external\ps3\ep3\background\mo1_02.png,external\ryukishi\ep6\CG\mo2.png
_mats_024.txt,mo2,mo2,mo1,mo1,CONTRADICTORY,external\ps3\ep1\background\mo2.png,external\ryukishi\ep6\CG\mo1.png
onik_015_02.txt,mo2_01,mo2,mo1,mo1,CONTRADICTORY,external\ps3\ep1\background\mo2_01.png,external\ryukishi\ep6\CG\mo1.png
_mats_024.txt,mo2_02,mo2,ymo1,ymo2,CONTRADICTORY,external\ps3\ep3\background\mo2_02.png,external\ryukishi\ep5\CG\ymo2.png
_mats_025.txt,mo3,mo3,mo3,mo3,IDENTICAL,external\ps3\ep1\background\mo3.png,external\ryukishi\ep5\CG\mo3.png
_tsum_010.txt,mo3_01,mo3,mo3,mo3,IDENTICAL,external\ps3\ep1\background\mo3_01.png,external\ryukishi\ep5\CG\mo3.png
_mats_024.txt,mo3_02,mo3,ymo3,ymo3,CONTRADICTORY,external\ps3\ep4\background\mo3_02.png,external\ryukishi\ep5\CG\ymo3.png
_mats_024.txt,mo4,mo4,mo4,mo4,IDENTICAL,external\ps3\ep2\background\mo4.png,external\ryukishi\ep5\CG\mo4.png
onik_015_02.txt,mo4_01,mo4,mo4,mo4,IDENTICAL,external\ps3\ep1\background\mo4_01.png,external\ryukishi\ep5\CG\mo4.png
_mats_024.txt,mo4_02,mo4,bg_144_mo1,bg_144_mo1,CONTRADICTORY,external\ps3\ep4\background\mo4_02.png,external\ryukishi\ep4\CG\bg_144_mo1.png
_mats_006.txt,mo4_04,mo4,NO_MATCH,mo4,AUTOMATIC,external\ps3\ep8\background\mo4_04.png,external\ryukishi\ep5\CG\mo4.png
unknown,mo4_05,NO_MATCH,sora,sora,NAEGLES,external\ps3\ep2\background\mo4_05.png,external\ryukishi\ep5\CG\sora.png
hima_002.txt,mo_b1,sora,m_hi9,m_hi9,CONTRADICTORY,external\ps3\ep1\background\mo_b1.png,external\ryukishi\ep5\CG\m_hi9.png
_mats_023.txt,mo_g1,mo_g1,mo_g1,mo_g1,IDENTICAL,external\ps3\ep1\background\mo_g1.png,external\ryukishi\ep5\CG\mo_g1.png
_tsum_op.txt,mo_g1_01,mo_g1,mo_g1,mo_g1,IDENTICAL,external\ps3\ep1\background\mo_g1_01.png,external\ryukishi\ep5\CG\mo_g1.png
_tsum_010.txt,mo_g2,mo_g2,mo_g2,mo_g2,IDENTICAL,external\ps3\ep1\background\mo_g2.png,external\ryukishi\ep5\CG\mo_g2.png
onik_003.txt,mo_g2_01,mo_g2,mo_g2,mo_g2,IDENTICAL,external\ps3\ep1\background\mo_g2_01.png,external\ryukishi\ep5\CG\mo_g2.png
_tsum_008.txt,mo_g3_01,mo_g4,mo_g3,mo_g3,CONTRADICTORY,external\ps3\ep1\background\mo_g3_01.png,external\ryukishi\ep6\CG\mo_g3.png
_tsum_018.txt,mo_r1,mo_r1,NO_MATCH,mo_r1,AUTOMATIC,external\ps3\ep6\background\mo_r1.png,external\ryukishi\ep6\CG\mo_r1.png
_tsum_010.txt,mo_r1_01,mo_r1,NO_MATCH,mo_r1,AUTOMATIC,external\ps3\ep6\background\mo_r1_01.png,external\ryukishi\ep6\CG\mo_r1.png
_tsum_005.txt,mo_r1_02,mo_r1,NO_MATCH,mo_r1,AUTOMATIC,external\ps3\ep6\background\mo_r1_02.png,external\ryukishi\ep6\CG\mo_r1.png
_tsum_020.txt,mo_r1_03,mo_r1,NO_MATCH,mo_r1,AUTOMATIC,external\ps3\ep6\background\mo_r1_03.png,external\ryukishi\ep6\CG\mo_r1.png
_tsum_021.txt,mo_yg1,mo_yg4,mo_yg1,mo_yg1,NAEGLES,external\ps3\ep6\background\mo_yg1.png,external\ryukishi\ep6\CG\mo_yg1.png
_kakera23.txt,mob1_01,mo_b1,NO_MATCH,mo_b1,AUTOMATIC,external\ps3\ep5\background\mob1_01.png,external\ryukishi\ep5\CG\mo_b1.png
_mats_025.txt,moon,moon,moon,moon,IDENTICAL,external\ps3\ep2\background\moon.png,external\ryukishi\ep5\CG\moon.png
_mina_ep.txt,moon_01,NO_MATCH,moon,moon,NAEGLES,external\ps3\ep5\background\moon_01.png,external\ryukishi\ep5\CG\moon.png
_kakera51.txt,neki1_02,mati14,NO_MATCH,mati14,AUTOMATIC,external\ps3\ep8\background\neki1_02.png,external\ryukishi\ep8\mati14.png
unknown,no_data,NO_MATCH,no_data,no_data,NAEGLES,external\ps3\ep1\no_data.png,external\ryukishi\ep1\CG\no_data.png
_mina_tips_012.txt,nort,nort,simen2,nort,CONTRADICTORY,external\ps3\ep4\background\nort.png,external\ryukishi\ep5\CG\nort.png
_mats_017.txt,ohaka_02,so3,NO_MATCH,so3,AUTOMATIC,external\ps3\ep8\background\ohaka_02.png,external\ryukishi\ep5\CG\so3.png
_mats_017.txt,oki_g3,oki_g3,oki_g3,oki_g3,IDENTICAL,external\ps3\ep1\background\oki_g3.png,external\ryukishi\ep5\CG\oki_g3.png
_tsum_tips_014.txt,oni1,oni2,oni1,oni1,CONTRADICTORY,external\ps3\ep1\background\oni1.png,external\ryukishi\ep5\CG\oni1.png
_tsum_013.txt,oyashirosama,NO_MATCH,black,black,NAEGLES,external\ps3\ep6\background\oyashirosama.png,external\ryukishi\ep1\CG\black.png
_mats_006.txt,re_g1,re_g1,NO_MATCH,re_g1,AUTOMATIC,external\ps3\ep6\background\re_g1.png,external\ryukishi\ep6\CG\re_g1.png
_mats_006.txt,re_h1,re_h1,NO_MATCH,re_h1,AUTOMATIC,external\ps3\ep6\background\re_h1.png,external\ryukishi\ep6\CG\re_h1.png
_tsum_018.txt,re_h3,re_h3,NO_MATCH,re_h3,AUTOMATIC,external\ps3\ep6\background\re_h3.png,external\ryukishi\ep6\CG\re_h3.png
_tsum_018.txt,re_s2,re_s2_rena,NO_MATCH,re_s2_rena,AUTOMATIC,external\ps3\ep6\background\re_s2.png,external\ryukishi\ep6\CG\re_s2_rena.png
_tsum_009.txt,re_s4,re_s4,NO_MATCH,re_s4,AUTOMATIC,external\ps3\ep6\background\re_s4.png,external\ryukishi\ep6\CG\re_s4.png
_kakera37.txt,re_s4_01,re_s3,re_s4,re_s4,NAEGLES,external\ps3\ep6\background\re_s4_01.png,external\ryukishi\ep6\CG\re_s4.png
_mats_016.txt,re_tel,re_tel,NO_MATCH,re_tel,AUTOMATIC,external\ps3\ep5\background\re_tel.png,external\ryukishi\ep6\CG\re_tel.png
unknown,red,NO_MATCH,red,red,NAEGLES,external\ps3\ep1\red.png,external\ryukishi\ep3\CG\red.png
_mats_025.txt,res1,re1,re3,re1,CONTRADICTORY,external\ps3\ep1\background\res1.png,external\ryukishi\ep6\CG\re1.png
wata_005.txt,res1_01,re1,re3,re1,CONTRADICTORY,external\ps3\ep2\background\res1_01.png,external\ryukishi\ep6\CG\re1.png
_mina_013.txt,res2,re2,re2,re2,IDENTICAL,external\ps3\ep1\background\res2.png,external\ryukishi\ep5\CG\re2.png
_mina_013.txt,res4,re4,re4,re4,IDENTICAL,external\ps3\ep2\background\res4.png,external\ryukishi\ep5\CG\re4.png
wata_002.txt,res4_01,re4,re4,re4,IDENTICAL,external\ps3\ep2\background\res4_01.png,external\ryukishi\ep5\CG\re4.png
_mina_013.txt,res5,re5,re5,re5,IDENTICAL,external\ps3\ep1\background\res5.png,external\ryukishi\ep5\CG\re5.png
wata_002.txt,res5_01,re5,re5,re5,IDENTICAL,external\ps3\ep2\background\res5_01.png,external\ryukishi\ep5\CG\re5.png
_mats_025.txt,res_s1,re_s1_resut,bg_168,bg_168,CONTRADICTORY,external\ps3\ep2\background\res_s1.png,external\ryukishi\ep2\CG\bg_168.png
wata_005.txt,res_s1_01,re_s2_resut,bg_168,bg_168,CONTRADICTORY,external\ps3\ep2\background\res_s1_01.png,external\ryukishi\ep2\CG\bg_168.png
unknown,right,NO_MATCH,right,right,NAEGLES,external\ps3\ep1\right.png,external\ryukishi\ep1\CG\right.png
_kakera38.txt,rouka1,rouka1,rouka1,rouka1,IDENTICAL,external\ps3\ep2\background\rouka1.png,external\ryukishi\ep5\CG\rouka1.png
_tsum_023_1.txt,rouka1_01,rouka2,NO_MATCH,rouka2,AUTOMATIC,external\ps3\ep5\background\rouka1_01.png,external\ryukishi\ep5\CG\rouka2.png
_meak_017.txt,rouka1_02,rouka3,NO_MATCH,rouka3,AUTOMATIC,external\ps3\ep5\background\rouka1_02.png,external\ryukishi\ep5\CG\rouka3.png
_tsum_023_1.txt,ryoutei2_01,ryoutei2,ima1,ryoutei2,CONTRADICTORY,external\ps3\ep4\background\ryoutei2_01.png,external\ryukishi\ep6\CG\ryoutei2.png
_mats_002.txt,ryuuketu1,ryuuketu1,ryuuketu1,ryuuketu1,IDENTICAL,external\ps3\ep1\background\ryuuketu1.png,external\ryukishi\ep1\CG\ryuuketu1.png
unknown,s_jump_back,NO_MATCH,s_jump_back,s_jump_back,NAEGLES,external\ps3\ep2\s_jump_back.png,external\ryukishi\ep2\CG\s_jump_back.png
_mina_006.txt,saiguden_01,jsa3,jsa4,jsa3,CONTRADICTORY,external\ps3\ep2\background\saiguden_01.png,external\ryukishi\ep5\CG\jsa3.png
wata_012_03.txt,saiguden_02,jsa3,jsa4,jsa3,CONTRADICTORY,external\ps3\ep2\background\saiguden_02.png,external\ryukishi\ep5\CG\jsa3.png
_tsum_007.txt,saten1,saten1,NO_MATCH,saten1,AUTOMATIC,external\ps3\ep6\background\saten1.png,external\ryukishi\ep6\CG\saten1.png
_tsum_007.txt,saten2,saten2,NO_MATCH,saten2,AUTOMATIC,external\ps3\ep6\background\saten2.png,external\ryukishi\ep6\CG\saten2.png
unknown,scenario_a,NO_MATCH,scenario_a,scenario_a,NAEGLES,external\ps3\ep1\scenario_a.png,external\ryukishi\ep1\CG\scenario_a.png
unknown,scenario_b,NO_MATCH,scenario_b,scenario_b,NAEGLES,external\ps3\ep1\scenario_b.png,external\ryukishi\ep1\CG\scenario_b.png
unknown,scenario_b_j,NO_MATCH,scenario_b_j,scenario_b_j,NAEGLES,external\ps3\ep1\scenario_b_j.png,external\ryukishi\ep1\CG\scenario_b_j.png
unknown,scenario_c,NO_MATCH,scenario_c,scenario_c,NAEGLES,external\ps3\ep1\scenario_c.png,external\ryukishi\ep1\CG\scenario_c.png
unknown,scenario_c_j,NO_MATCH,scenario_c_j,scenario_c_j,NAEGLES,external\ps3\ep1\scenario_c_j.png,external\ryukishi\ep1\CG\scenario_c_j.png
_tsum_019.txt,si_g1,si_h1,si_g1,si_g1,NAEGLES,external\ps3\ep5\background\si_g1.png,external\ryukishi\ep5\CG\si_g1.png
_mats_020.txt,si_h2,si_h2,NO_MATCH,si_h2,AUTOMATIC,external\ps3\ep5\background\si_h2.png,external\ryukishi\ep5\CG\si_h2.png
_mats_019.txt,si_h2_01,si_h2,NO_MATCH,si_h2,AUTOMATIC,external\ps3\ep5\background\si_h2_01.png,external\ryukishi\ep5\CG\si_h2.png
_meak_ep_02.txt,si_h3,si_h3,NO_MATCH,si_h3,AUTOMATIC,external\ps3\ep5\background\si_h3.png,external\ryukishi\ep5\CG\si_h3.png
_mats_002.txt,si_h6,si_h6,NO_MATCH,si_h6,AUTOMATIC,external\ps3\ep5\background\si_h6.png,external\ryukishi\ep5\CG\si_h6.png
_kakera17.txt,si_mansion,si_g2,NO_MATCH,si_g2,AUTOMATIC,external\ps3\ep5\background\si_mansion.png,external\ryukishi\ep5\CG\si_g2.png
unknown,sil1a,NO_MATCH,jsa3,jsa3,NAEGLES,external\ps3\ep2\scene\sil1a.png,external\ryukishi\ep5\CG\jsa3.png
_tsum_tips_014.txt,simen3,simen2,bg_182,bg_182,CONTRADICTORY,external\ps3\ep1\background\simen3.png,external\ryukishi\ep2\CG\bg_182.png
_mats_025.txt,sinryou_matiai1,sinryo_matiai1,sinryo_matiai1,sinryo_matiai1,IDENTICAL,external\ps3\ep1\background\sinryou_matiai1.png,external\ryukishi\ep7\CG\sinryo_matiai1.png
hima_003_05.txt,sinryou_matiai1_01,sinryo_matiai1,sinryo_matiai1,sinryo_matiai1,IDENTICAL,external\ps3\ep4\background\sinryou_matiai1_01.png,external\ryukishi\ep7\CG\sinryo_matiai1.png
_mats_022.txt,sinryou_sinsatu1,sinryo_sinsatu1,sinryo_sinsatu1,sinryo_sinsatu1,IDENTICAL,external\ps3\ep1\background\sinryou_sinsatu1.png,external\ryukishi\ep7\CG\sinryo_sinsatu1.png
hima_003_04.txt,sinryou_sinsatu1_02,sinryo_sinsatu1,sinryo_sinsatu1,sinryo_sinsatu1,IDENTICAL,external\ps3\ep3\background\sinryou_sinsatu1_02.png,external\ryukishi\ep7\CG\sinryo_sinsatu1.png
_mats_022.txt,sinryou_sinsatu2,sinryo_sinsatu2,sinryo_sinsatu1,sinryo_sinsatu2,CONTRADICTORY,external\ps3\ep4\background\sinryou_sinsatu2.png,external\ryukishi\ep7\CG\sinryo_sinsatu2.png
_mats_020.txt,sinryou_sinsatu3,sinryo_sinsatu3,NO_MATCH,sinryo_sinsatu3,AUTOMATIC,external\ps3\ep7\background\sinryou_sinsatu3.png,external\ryukishi\ep7\CG\sinryo_sinsatu3.png
_mats_022.txt,sinryou_sinsatu3_01,NO_MATCH,sinryo_sinsatu3,sinryo_sinsatu3,NAEGLES,external\ps3\ep8\background\sinryou_sinsatu3_01.png,external\ryukishi\ep7\CG\sinryo_sinsatu3.png
_mats_013.txt,sinryou_sinsatu4,sinryo_sinsatu4,ke5,sinryo_sinsatu4,CONTRADICTORY,external\ps3\ep4\background\sinryou_sinsatu4.png,external\ryukishi\ep7\CG\sinryo_sinsatu4.png
_mats_025.txt,sinryou_soto1,sinryo_soto2,sinryo_soto1,sinryo_soto1,CONTRADICTORY,external\ps3\ep1\background\sinryou_soto1.png,external\ryukishi\ep6\CG\sinryo_soto1.png
_mina_009_2.txt,sinryou_soto1_01,sinryo_soto1,sinryo_soto1,sinryo_soto1,IDENTICAL,external\ps3\ep4\background\sinryou_soto1_01.png,external\ryukishi\ep6\CG\sinryo_soto1.png
_mats_025.txt,sinryou_soto1_02,sinryo_soto1,sinryo_soto1,sinryo_soto1,IDENTICAL,external\ps3\ep3\background\sinryou_soto1_02.png,external\ryukishi\ep6\CG\sinryo_soto1.png
_mats_022.txt,sinryou_soto3,sinryo_soto2,sinryo_soto3,sinryo_soto3,NAEGLES,external\ps3\ep1\background\sinryou_soto3.png,external\ryukishi\ep7\CG\sinryo_soto3.png
_mina_009_2.txt,sinryou_soto3_01,sinryo_soto3,NO_MATCH,sinryo_soto3,AUTOMATIC,external\ps3\ep7\background\sinryou_soto3_01.png,external\ryukishi\ep7\CG\sinryo_soto3.png
_mats_021.txt,so1,so1,so1,so1,IDENTICAL,external\ps3\ep2\background\so1.png,external\ryukishi\ep5\CG\so1.png
_mats_018.txt,so1_02,so1,so1,so1,IDENTICAL,external\ps3\ep3\background\so1_02.png,external\ryukishi\ep5\CG\so1.png
_mats_021.txt,so2,so2,so2,so2,IDENTICAL,external\ps3\ep2\background\so2.png,external\ryukishi\ep5\CG\so2.png
tata_009_02.txt,so2_01,NO_MATCH,so2,so2,NAEGLES,external\ps3\ep3\background\so2_01.png,external\ryukishi\ep5\CG\so2.png
_mats_021.txt,so3,so3,so3,so3,IDENTICAL,external\ps3\ep2\background\so3.png,external\ryukishi\ep5\CG\so3.png
_mina_018.txt,so5,so5,NO_MATCH,so5,AUTOMATIC,external\ps3\ep5\background\so5.png,external\ryukishi\ep7\CG\so5.png
_meak_012.txt,so6,so3,NO_MATCH,so3,AUTOMATIC,external\ps3\ep5\background\so6.png,external\ryukishi\ep5\CG\so3.png
_mats_021.txt,so_chikafuroa,jsa6,black,black,CONTRADICTORY,external\ps3\ep2\background\so_chikafuroa.png,external\ryukishi\ep1\CG\black.png
_mats_021.txt,so_chikaido1,jsa7,NO_MATCH,jsa7,AUTOMATIC,external\ps3\ep5\background\so_chikaido1.png,external\ryukishi\ep5\CG\jsa7.png
_mats_021.txt,so_chikasaishinbu,jsa9,NO_MATCH,jsa9,AUTOMATIC,external\ps3\ep8\background\so_chikasaishinbu.png,external\ryukishi\ep8\jsa9.png
_mina_op.txt,so_d1,so_d1,so_d1,so_d1,IDENTICAL,external\ps3\ep4\background\so_d1.png,external\ryukishi\ep5\CG\so_d1.png
_meak_021_2.txt,so_d1_01,so_d1,so_d1,so_d1,IDENTICAL,external\ps3\ep4\background\so_d1_01.png,external\ryukishi\ep5\CG\so_d1.png
_kakera38.txt,so_g1,so_g1,so_g1,so_g1,IDENTICAL,external\ps3\ep2\background\so_g1.png,external\ryukishi\ep5\CG\so_g1.png
_mats_021.txt,so_k1,so_k1,so_k1,so_k1,IDENTICAL,external\ps3\ep2\background\so_k1.png,external\ryukishi\ep5\CG\so_k1.png
_mats_025.txt,sora,sora,sora2,sora2,CONTRADICTORY,external\ps3\ep2\background\sora.png,external\ryukishi\ep5\CG\sora2.png
unknown,sora1,NO_MATCH,sora2,sora2,NAEGLES,external\ps3\ep1\sora1.png,external\ryukishi\ep5\CG\sora2.png
_mats_025.txt,sora2,sora2,sora3,sora2,CONTRADICTORY,external\ps3\ep2\background\sora2.png,external\ryukishi\ep5\CG\sora2.png
_mats_024.txt,sora5,sora3,sora3,sora3,IDENTICAL,external\ps3\ep1\background\sora5.png,external\ryukishi\ep5\CG\sora3.png
_mats_018.txt,sora6,sora6,sora3,sora3,CONTRADICTORY,external\ps3\ep1\background\sora6.png,external\ryukishi\ep5\CG\sora3.png
_mats_025.txt,sora_01,gy7,NO_MATCH,gy7,AUTOMATIC,external\ps3\ep2\background\sora_01.png,external\ryukishi\ep6\CG\gy7.png
unknown,staff01,NO_MATCH,staff01,staff01,NAEGLES,external\ps3\ep4\staff01.png,external\ryukishi\ep4\CG\staff01.png
_mats_022.txt,susuki,kusa,kusa,kusa,IDENTICAL,external\ps3\ep4\background\susuki.png,external\ryukishi\ep6\CG\kusa.png
hima_003_04.txt,ta1,bg_214,bg_214,bg_214,IDENTICAL,external\ps3\ep4\background\ta1.png,external\ryukishi\ep4\CG\bg_214.png
_mina_009_2.txt,ta2,ta2_mura,ta2_mura,ta2_mura,IDENTICAL,external\ps3\ep4\background\ta2.png,external\ryukishi\ep6\CG\ta2_mura.png
_kakera40.txt,ta3_01,ta2_mura,NO_MATCH,ta2_mura,AUTOMATIC,external\ps3\ep8\background\ta3_01.png,external\ryukishi\ep6\CG\ta2_mura.png
_mats_006.txt,ta_tel_02,NO_MATCH,black,black,NAEGLES,external\ps3\ep8\background\ta_tel_02.png,external\ryukishi\ep1\CG\black.png
unknown,tata_jisitu01,NO_MATCH,tata_jisitu01,tata_jisitu01,NAEGLES,external\ps3\ep3\tata_jisitu01.png,external\ryukishi\ep3\CG\tata_jisitu01.png
unknown,tata_jisitu02,NO_MATCH,tata_jisitu02,tata_jisitu02,NAEGLES,external\ps3\ep3\tata_jisitu02.png,external\ryukishi\ep3\CG\tata_jisitu02.png
unknown,tata_jisitu03,NO_MATCH,tata_jisitu03,tata_jisitu03,NAEGLES,external\ps3\ep3\tata_jisitu03.png,external\ryukishi\ep3\CG\tata_jisitu03.png
unknown,tata_kuruma01,NO_MATCH,tata_kuruma01,tata_kuruma01,NAEGLES,external\ps3\ep3\tata_kuruma01.png,external\ryukishi\ep3\CG\tata_kuruma01.png
unknown,tata_kuruma02,NO_MATCH,tata_kuruma02,tata_kuruma02,NAEGLES,external\ps3\ep3\tata_kuruma02.png,external\ryukishi\ep3\CG\tata_kuruma02.png
unknown,tata_kuruma03,NO_MATCH,tata_kuruma03,tata_kuruma03,NAEGLES,external\ps3\ep3\tata_kuruma03.png,external\ryukishi\ep3\CG\tata_kuruma03.png
unknown,tata_kuruma04,NO_MATCH,tata_kuruma04,tata_kuruma04,NAEGLES,external\ps3\ep3\tata_kuruma04.png,external\ryukishi\ep3\CG\tata_kuruma04.png
unknown,tata_kuruma05,NO_MATCH,tata_kuruma05,tata_kuruma05,NAEGLES,external\ps3\ep3\tata_kuruma05.png,external\ryukishi\ep3\CG\tata_kuruma05.png
unknown,tata_kuruma06,NO_MATCH,tata_kuruma06,tata_kuruma06,NAEGLES,external\ps3\ep3\tata_kuruma06.png,external\ryukishi\ep3\CG\tata_kuruma06.png
unknown,tata_kuruma07,NO_MATCH,tata_kuruma07,tata_kuruma07,NAEGLES,external\ps3\ep3\tata_kuruma07.png,external\ryukishi\ep3\CG\tata_kuruma07.png
onik_015_03.txt,tegami1,bg_219,bg_219,bg_219,IDENTICAL,external\ps3\ep1\background\tegami1.png,external\ryukishi\ep1\CG\bg_219.png
onik_015_03.txt,tegami2,bg_220,bg_220,bg_220,IDENTICAL,external\ps3\ep1\background\tegami2.png,external\ryukishi\ep1\CG\bg_220.png
onik_015_03.txt,tegami3,bg_221,bg_221,bg_221,IDENTICAL,external\ps3\ep1\background\tegami3.png,external\ryukishi\ep1\CG\bg_221.png
_meak_005.txt,tennai1,tennai1,tennai1,tennai1,IDENTICAL,external\ps3\ep1\background\tennai1.png,external\ryukishi\ep5\CG\tennai1.png
_meak_005.txt,tirasi1,tirasi1,NO_MATCH,tirasi1,AUTOMATIC,external\ps3\ep5\background\tirasi1.png,external\ryukishi\ep5\CG\tirasi1.png
unknown,title02,NO_MATCH,title02,title02,NAEGLES,external\ps3\ep1\title02.png,external\ryukishi\ep1\CG\title02.png
unknown,title02_j,NO_MATCH,title_j,title_j,NAEGLES,external\ps3\ep1\title02_j.png,external\ryukishi\ep1\CG\title_j.png
_kakera51.txt,tk_dojo,jimu1,NO_MATCH,jimu1,AUTOMATIC,external\ps3\ep8\background\tk_dojo.png,external\ryukishi\ep8\jimu1.png
_mats_023.txt,tk_mo7,mo7,NO_MATCH,mo7,AUTOMATIC,external\ps3\ep8\background\tk_mo7.png,external\ryukishi\ep8\mo7.png
_mats_006.txt,tk_mo7_02,mo7,NO_MATCH,mo7,AUTOMATIC,external\ps3\ep8\background\tk_mo7_02.png,external\ryukishi\ep8\mo7.png
_mats_007.txt,tk_ryou1,ryou1,NO_MATCH,ryou1,AUTOMATIC,external\ps3\ep8\background\tk_ryou1.png,external\ryukishi\ep8\ryou1.png
_mats_005.txt,tk_ryou3_02,ryou3,NO_MATCH,ryou3,AUTOMATIC,external\ps3\ep8\background\tk_ryou3_02.png,external\ryukishi\ep8\ryou3.png
_mats_003.txt,tk_yo1,yo2,yo1,yo1,NAEGLES,external\ps3\ep8\background\tk_yo1.png,external\ryukishi\ep8\yo1.png
_mats_022.txt,tk_yo2,yo2,NO_MATCH,yo2,AUTOMATIC,external\ps3\ep8\background\tk_yo2.png,external\ryukishi\ep8\yo2.png
unknown,toketu1a,NO_MATCH,toketu1a,toketu1a,NAEGLES,external\ps3\ep2\toketu1a.png,external\ryukishi\ep2\CG\toketu1a.png
unknown,toketu1b,NO_MATCH,toketu1b,toketu1b,NAEGLES,external\ps3\ep2\toketu1b.png,external\ryukishi\ep2\CG\toketu1b.png
unknown,toketu1c,NO_MATCH,toketu1c,toketu1c,NAEGLES,external\ps3\ep2\toketu1c.png,external\ryukishi\ep2\CG\toketu1c.png
_mats_002.txt,torakku1,torakku1,NO_MATCH,torakku1,AUTOMATIC,external\ps3\ep8\background\torakku1.png,external\ryukishi\ep8\torakku1.png
_mats_022.txt,torakku2,torakku2,NO_MATCH,torakku2,AUTOMATIC,external\ps3\ep7\background\torakku2.png,external\ryukishi\ep7\CG\torakku2.png
hima_001.txt,torishirabeshitu,bg_171,bg_171,bg_171,IDENTICAL,external\ps3\ep4\background\torishirabeshitu.png,external\ryukishi\ep4\CG\bg_171.png
_meak_012.txt,torishirabeshitu_01,NO_MATCH,bg_171,bg_171,NAEGLES,external\ps3\ep5\background\torishirabeshitu_01.png,external\ryukishi\ep4\CG\bg_171.png
_mina_019.txt,tosyo1,tosyo1,tosyo1,tosyo1,IDENTICAL,external\ps3\ep2\background\tosyo1.png,external\ryukishi\ep5\CG\tosyo1.png
_mina_016.txt,tosyo1_01,mati3,tosyo1,tosyo1,NAEGLES,external\ps3\ep7\background\tosyo1_01.png,external\ryukishi\ep5\CG\tosyo1.png
_kakera22.txt,tosyo2,tosyo2,tosyo2,tosyo2,IDENTICAL,external\ps3\ep2\background\tosyo2.png,external\ryukishi\ep5\CG\tosyo2.png
unknown,up,NO_MATCH,up,up,EFFECT,external\ps3\ep1\up.png,external\ryukishi\ep1\CG\up.png
unknown,white,NO_MATCH,white,white,EFFECT,external\ps3\ep1\white.png,external\ryukishi\ep1\CG\white.png
unknown,windo_filter,NO_MATCH,windo_filter,windo_filter,EFFECT,external\ps3\ep1\windo_filter.png,external\ryukishi\ep1\CG\windo_filter.png
unknown,windo_filter_adv,NO_MATCH,NO_MATCH,NO_MATCH,EFFECT,external\ps3\ep1\windo_filter_adv.png,NO_MATCH
unknown,windo_filter_nvladv,NO_MATCH,NO_MATCH,NO_MATCH,EFFECT,external\ps3\ep1\windo_filter_nvladv.png,NO_MATCH
_mats_op.txt,xta1,ta1_tokyo,NO_MATCH,ta1_tokyo,AUTOMATIC,external\ps3\ep8\background\xta1.png,external\ryukishi\ep8\ta1_tokyo.png
_mats_op.txt,xta2,ta2_tokyo,NO_MATCH,ta2_tokyo,AUTOMATIC,external\ps3\ep8\background\xta2.png,external\ryukishi\ep8\ta2_tokyo.png
_mats_op.txt,xta3,ta3,NO_MATCH,ta3,AUTOMATIC,external\ps3\ep8\background\xta3.png,external\ryukishi\ep8\ta3.png
_kakera13.txt,y_damu2,y_damu2,y_damu2,y_damu2,IDENTICAL,external\ps3\ep1\background\y_damu2.png,external\ryukishi\ep6\CG\y_damu2.png
_meak_022_2.txt,y_ie1,bg_242,bg_242,bg_242,IDENTICAL,external\ps3\ep1\background\y_ie1.png,external\ryukishi\ep2\CG\bg_242.png
_mats_025.txt,y_kawa3,bg_247,bg_247,bg_247,IDENTICAL,external\ps3\ep1\background\y_kawa3.png,external\ryukishi\ep1\CG\bg_247.png
_kakera15.txt,y_oni1,oni2,bg_259,bg_259,CONTRADICTORY,external\ps3\ep4\background\y_oni1.png,external\ryukishi\ep3\CG\bg_259.png
tata_011_02.txt,y_oni1_01,bg_259,bg_259,bg_259,IDENTICAL,external\ps3\ep3\background\y_oni1_01.png,external\ryukishi\ep3\CG\bg_259.png
_mina_ep.txt,yg2,yg2,NO_MATCH,yg2,AUTOMATIC,external\ps3\ep7\background\yg2.png,external\ryukishi\ep7\CG\yg2.png
_mina_ep.txt,ygk1,ygk1,NO_MATCH,ygk1,AUTOMATIC,external\ps3\ep7\background\ygk1.png,external\ryukishi\ep7\CG\ygk1.png
_mina_ep.txt,ygk3,ygk2,ygk3,ygk3,NAEGLES,external\ps3\ep7\background\ygk3.png,external\ryukishi\ep7\CG\ygk3.png
_mats_014.txt,yhu2,yhu2,yhu2,yhu2,IDENTICAL,external\ps3\ep2\background\yhu2.png,external\ryukishi\ep5\CG\yhu2.png
_mina_028.txt,ymo1,ymo1,NO_MATCH,ymo1,AUTOMATIC,external\ps3\ep5\background\ymo1.png,external\ryukishi\ep5\CG\ymo1.png
_mats_006.txt,ymo1_01,ymo1,ymo1,ymo1,IDENTICAL,external\ps3\ep3\background\ymo1_01.png,external\ryukishi\ep5\CG\ymo1.png
_mats_002.txt,ymo2,ymo2,NO_MATCH,ymo2,AUTOMATIC,external\ps3\ep5\background\ymo2.png,external\ryukishi\ep5\CG\ymo2.png
_mats_006.txt,ymo2_01,mo2,ymo2,ymo2,CONTRADICTORY,external\ps3\ep3\background\ymo2_01.png,external\ryukishi\ep5\CG\ymo2.png
_kakera49.txt,ymo3,ymo3,NO_MATCH,ymo3,AUTOMATIC,external\ps3\ep5\background\ymo3.png,external\ryukishi\ep5\CG\ymo3.png
_mats_006.txt,ymo3_01,ymo3,ymo3,ymo3,IDENTICAL,external\ps3\ep3\background\ymo3_01.png,external\ryukishi\ep5\CG\ymo3.png
tata_012.txt,yugk3_01,gk3,gk3,gk3,IDENTICAL,external\ps3\ep3\background\yugk3_01.png,external\ryukishi\ep5\CG\gk3.png
