ps3 sprite file, ps3 image, ryukishi best match, manual match, count of best match, confidence,all matches,match,match,match,match,match,match,match,match,match,match,match,match,match,match,match,match,match,match,match
omake.txt,sprite/aka_def_,Aka_Def,,26,93%,26:Aka_Def,1:aka_Def,1:sprites/sonota/aka_def,,,,,,,,,,,,,,,,,
_mats_019.txt,sprite/aka_sakebi_,NO_MATCH,,0,0%,,,,,,,,,,,,,,,,,,,,
_mats_019.txt,sprite/aka_warai_,Aka_Def,,2,100%,2:Aka_Def,,,,,,,,,,,,,,,,,,,
omake.txt,sprite/aks1_def_,Aks_Def,,25,78%,25:Aks_Def,2:Aks_MajimeA2,2:sprites/sonota/aks_def,1:Aks_majimeA1,1:Aks_majimeA2,1:Aks_IkariA1,,,,,,,,,,,,,,
_mats_022.txt,sprite/aks1_sakebi_,Aks_IkariB1,,1,50%,1:Aks_IkariB1,1:Aks_IkariB2,,,,,,,,,,,,,,,,,,
hirukowashi03.txt,sprite/aks1_shinken_,Aks_MajimeA1,,12,39%,12:Aks_MajimeA1,8:Aks_majimeA1,4:Aks_MajimeA2,3:Aks_majimeA2,1:Aks_IkariB1,1:Aks_majimeB2,1:Aks_IkariB2,1:sprites/sonota/aks_majimea1,,,,,,,,,,,,
_mats_025.txt,sprite/aks1_warai_,Aks_Warai,,15,100%,15:Aks_Warai,,,,,,,,,,,,,,,,,,,
_mats_021.txt,sprite/aks2_kakusei_,NO_MATCH,,0,0%,,,,,,,,,,,,,,,,,,,,
_mats_021.txt,sprite/aks2_niyari_,Aks_MajimeA2,,1,100%,1:Aks_MajimeA2,,,,,,,,,,,,,,,,,,,
_mats_021.txt,sprite/aks2_sakebi_,Aks_IkariB2,,1,100%,1:Aks_IkariB2,,,,,,,,,,,,,,,,,,,
_mats_021.txt,sprite/aks2_shinken_,Aks_IkariB1,,3,60%,3:Aks_IkariB1,1:Aks_IkariB2,1:no_data,,,,,,,,,,,,,,,,,
_mats_022.txt,sprite/ama_niyari_,NO_MATCH,,0,0%,,,,,,,,,,,,,,,,,,,,
_mats_022.txt,sprite/ama_odoroki_,NO_MATCH,,0,0%,,,,,,,,,,,,,,,,,,,,
_mats_022.txt,sprite/ama_sakebi_,NO_MATCH,,0,0%,,,,,,,,,,,,,,,,,,,,
hima_tips_10.txt,sprite/chibimion_def_,me_si_de_a1,,3,75%,3:me_si_de_a1,1:me_si_de_a2,,,,,,,,,,,,,,,,,,
hima_tips_10.txt,sprite/chibimion_shinken_,me_si_ma_a1,,1,100%,1:me_si_ma_a1,,,,,,,,,,,,,,,,,,,
hima_tips_10.txt,sprite/chibimion_warai_,me_si_wa_a2,,1,50%,1:me_si_wa_a2,1:me_si_wa_a1,,,,,,,,,,,,,,,,,,
hima_tips_10.txt,sprite/chibimion_wink_,me_si_wi_a1,,2,100%,2:me_si_wi_a1,,,,,,,,,,,,,,,,,,,
hima_002_03.txt,sprite/flashback/chibimion_def_,NO_MATCH,,0,0%,,,,,,,,,,,,,,,,,,,,
hima_002_03.txt,sprite/flashback/chibimion_shinken_,NO_MATCH,,0,0%,,,,,,,,,,,,,,,,,,,,
_meak_013.txt,sprite/flashback/kasa_2_,Kasa2,,2,100%,2:Kasa2,,,,,,,,,,,,,,,,,,,
_meak_013.txt,sprite/flashback/kasa_3_,Kasa3,,1,100%,1:Kasa3,,,,,,,,,,,,,,,,,,,
hima_002_03.txt,sprite/flashback/ki_def_,NO_MATCH,,0,0%,,,,,,,,,,,,,,,,,,,,
hima_002_03.txt,sprite/flashback/ki_komaru_,NO_MATCH,,0,0%,,,,,,,,,,,,,,,,,,,,
tata_013.txt,sprite/flashback/me1a_akuwarai_a1_,me_se_aw_a1,,1,100%,1:me_se_aw_a1,,,,,,,,,,,,,,,,,,,
wata_005.txt,sprite/flashback/me1a_odoroki_a1_,me_se_bi_a2,,1,100%,1:me_se_bi_a2,,,,,,,,,,,,,,,,,,,
tata_013.txt,sprite/flashback/me1a_warai_a1_,me_se_wa_a1,,1,100%,1:me_se_wa_a1,,,,,,,,,,,,,,,,,,,
_tsum_022.txt,sprite/flashback/me1b_odoroki_a1_,me_se_th_a1,,1,50%,1:me_se_th_a1,1:Me_odorokiB1,,,,,,,,,,,,,,,,,,
_tsum_021.txt,sprite/flashback/me1b_wink_a1_,Me_WinkB2,,1,100%,1:Me_WinkB2,,,,,,,,,,,,,,,,,,,
_tsum_022.txt,sprite/flashback/me1b_yowaki_a1_,Me_Yowakib2,,1,100%,1:Me_Yowakib2,,,,,,,,,,,,,,,,,,,
_tsum_022.txt,sprite/flashback/me2_akuwarai_a1_,Me_AkuwaraiB1,,1,33%,1:Me_AkuwaraiB1,1:Me_AkuwaraiB2,1:Me_AkuwaraiA1,,,,,,,,,,,,,,,,,
_tsum_022.txt,sprite/flashback/me2_def_a1_,Me_DefB2,,1,100%,1:Me_DefB2,,,,,,,,,,,,,,,,,,,
onik_015_02.txt,sprite/flashback/me2_hig_maji_a1_,me_si_him_a1,,1,100%,1:me_si_him_a1,,,,,,,,,,,,,,,,,,,
wata_005.txt,sprite/flashback/me2_tohoho_a1_,me_si_th_a1,,1,100%,1:me_si_th_a1,,,,,,,,,,,,,,,,,,,
wata_005.txt,sprite/flashback/me2_tokui_a1_,me_si_to_a1,,1,100%,1:me_si_to_a1,,,,,,,,,,,,,,,,,,,
_tsum_022.txt,sprite/flashback/me2_warai_a1_,me_si_wa_a1,,2,67%,2:me_si_wa_a1,1:Me_WaraiA1,,,,,,,,,,,,,,,,,,
_tsum_022.txt,sprite/flashback/me2_wink_a1_,me_si_wi_a1,,1,25%,1:me_si_wi_a1,1:Me_winkB2,1:Me_WinkA1,1:Me_winkA2,,,,,,,,,,,,,,,,
_tsum_022.txt,sprite/flashback/me2_yowaki_a1_,Me_defA1,,1,100%,1:Me_defA1,,,,,,,,,,,,,,,,,,,
hima_002_03.txt,sprite/flashback/oryou_def_,NO_MATCH,,0,0%,,,,,,,,,,,,,,,,,,,,
_meak_024.txt,sprite/flashback/oryou_shinken_,NO_MATCH,,0,0%,,,,,,,,,,,,,,,,,,,,
_meak_024.txt,sprite/flashback/oryou_warai_,NO_MATCH,,0,0%,,,,,,,,,,,,,,,,,,,,
wata_005.txt,sprite/flashback/re1a_def_a1_,re_se_de_a1,,1,100%,1:re_se_de_a1,,,,,,,,,,,,,,,,,,,
onik_015_02.txt,sprite/flashback/re1a_hig_def_a1_,re_se_hi_a1,,1,100%,1:re_se_hi_a1,,,,,,,,,,,,,,,,,,,
wata_005.txt,sprite/flashback/re1a_komaru_a1_,NO_MATCH,,0,0%,,,,,,,,,,,,,,,,,,,,
wata_005.txt,sprite/flashback/re1a_nande_a1_,re_se_na_a1,,1,100%,1:re_se_na_a1,,,,,,,,,,,,,,,,,,,
tata_013.txt,sprite/flashback/re1a_warai_a1_,re_se_wa_a1,,1,100%,1:re_se_wa_a1,,,,,,,,,,,,,,,,,,,
wata_005.txt,sprite/flashback/re1b_hau_b1_,re_se_ha_b1,,1,100%,1:re_se_ha_b1,,,,,,,,,,,,,,,,,,,
_tsum_021.txt,sprite/flashback/re1b_kaii_b1_,re_se_ka_b1,,1,50%,1:re_se_ka_b1,1:Re_KaiiB1,,,,,,,,,,,,,,,,,,
tata_013.txt,sprite/flashback/re1b_warai_b1_,NO_MATCH,,0,0%,,,,,,,,,,,,,,,,,,,,
_tsum_022.txt,sprite/flashback/re2a_def_a1_,Re_DefA1,,2,100%,2:Re_DefA1,,,,,,,,,,,,,,,,,,,
_tsum_022.txt,sprite/flashback/re2a_hau_a1_,Re_HauA1,,1,100%,1:Re_HauA1,,,,,,,,,,,,,,,,,,,
_tsum_022.txt,sprite/flashback/re2a_nande_a1_,Re_NandeA1,,1,100%,1:Re_NandeA1,,,,,,,,,,,,,,,,,,,
_tsum_022.txt,sprite/flashback/re2a_warai_a1_,Re_WaraiA1,,1,100%,1:Re_WaraiA1,,,,,,,,,,,,,,,,,,,
_tsum_022.txt,sprite/flashback/re2b_bikkuri_b1_,Re_BikkuriB1,,1,100%,1:Re_BikkuriB1,,,,,,,,,,,,,,,,,,,
_tsum_022.txt,sprite/flashback/re2b_def_b1_,Re_DefB1,,1,100%,1:Re_DefB1,,,,,,,,,,,,,,,,,,,
wata_005.txt,sprite/flashback/re2b_kaii_b1_,re_si_ka_b1,,1,100%,1:re_si_ka_b1,,,,,,,,,,,,,,,,,,,
wata_011.txt,sprite/flashback/ri1_def_a1_,ri_se_de_a1,,1,100%,1:ri_se_de_a1,,,,,,,,,,,,,,,,,,,
tata_013.txt,sprite/flashback/ri1_warai_a1_,ri_se_wa_a1,,3,100%,3:ri_se_wa_a1,,,,,,,,,,,,,,,,,,,
hima_002_03.txt,sprite/flashback/rim_def_,NO_MATCH,,0,0%,,,,,,,,,,,,,,,,,,,,
hima_002_03.txt,sprite/flashback/rim_majime_,NO_MATCH,,0,0%,,,,,,,,,,,,,,,,,,,,
hima_002_03.txt,sprite/flashback/rim_warai_,NO_MATCH,,0,0%,,,,,,,,,,,,,,,,,,,,
_tsum_026.txt,sprite/flashback/sa1a_akireru_a1_,sa_se_ak_a1,,1,50%,1:sa_se_ak_a1,1:Sa_AkireruA1,,,,,,,,,,,,,,,,,,
tata_013.txt,sprite/flashback/sa1a_def_a1_,sa_se_de_a1,,3,100%,3:sa_se_de_a1,,,,,,,,,,,,,,,,,,,
tata_013.txt,sprite/flashback/sa1a_hannbeso_a1_,sa_se_hn_b1,,1,100%,1:sa_se_hn_b1,,,,,,,,,,,,,,,,,,,
tata_tips_11.txt,sprite/flashback/sa1a_muhyou_a1_,sa_se_mu_a1,,2,100%,2:sa_se_mu_a1,,,,,,,,,,,,,,,,,,,
tata_013.txt,sprite/flashback/sa1a_naku_a1_,sa_se_na_a1,,2,100%,2:sa_se_na_a1,,,,,,,,,,,,,,,,,,,
tata_013.txt,sprite/flashback/sa1a_warai_a1_,NO_MATCH,,0,0%,,,,,,,,,,,,,,,,,,,,
tata_013.txt,sprite/flashback/sa1b_odoroki_b1_,sa_se_bi_b1,,1,100%,1:sa_se_bi_b1,,,,,,,,,,,,,,,,,,,
tata_008.txt,sprite/flashback/sa1b_warai_b1_,sa_se_wa_b1,,1,100%,1:sa_se_wa_b1,,,,,,,,,,,,,,,,,,,
wata_005.txt,sprite/flashback/sa2a_warai_a1_,sa_si_wa_a1,,1,100%,1:sa_si_wa_a1,,,,,,,,,,,,,,,,,,,
wata_005.txt,sprite/flashback/si1a_wink_a1_,si_si_wi_a1,,1,100%,1:si_si_wi_a1,,,,,,,,,,,,,,,,,,,
wata_005.txt,sprite/flashback/si2_def_a1_,si_ma_de_a1,,1,100%,1:si_ma_de_a1,,,,,,,,,,,,,,,,,,,
wata_005.txt,sprite/flashback/si2_hau_a1_,si_ma_ha_a1,,1,100%,1:si_ma_ha_a1,,,,,,,,,,,,,,,,,,,
wata_005.txt,sprite/flashback/si2_warai_a1_,NO_MATCH,,0,0%,,,,,,,,,,,,,,,,,,,,
wata_005.txt,sprite/flashback/si2_wink_a1_,NO_MATCH,,0,0%,,,,,,,,,,,,,,,,,,,,
tata_011_03.txt,sprite/flashback/tomi1_def_,tm_si_de_a1,,1,100%,1:tm_si_de_a1,,,,,,,,,,,,,,,,,,,
saikoroshi04.txt,sprite/ha1_au_,Ha_AuA1%,,29,83%,29:Ha_AuA1%,3:sprites/hanyu/miko/ha_aua1,2:sprites/hanyu/miko/ha_aua1,1:sprites/hanyu/miko/ha_odorokia1,,,,,,,,,,,,,,,,
saikoroshi04.txt,sprite/ha1_def_,Ha_DefA1%,,15,79%,15:Ha_DefA1%,2:sprites/hanyu/miko/ha_waraia1,1:Ha_defA1%,1:Ha_DefA2%,,,,,,,,,,,,,,,,
saikoroshi04.txt,sprite/ha1_def2_,Ha_NiramuA1%,,5,45%,5:Ha_NiramuA1%,3:Ha_DefA2%,2:Ha_SinmyouA1%,1:sprites/hanyu/miko/ha_waraia1,,,,,,,,,,,,,,,,
saikoroshi04.txt,sprite/ha1_muhyou_,sprites/hanyu/miko/ha_niramua1,,5,71%,5:sprites/hanyu/miko/ha_niramua1,1:sprites/hanyu/miko/ha_odorokia1,1:sprites/hanyu/miko/ha_waraia1,,,,,,,,,,,,,,,,,
saikoroshi04.txt,sprite/ha1_odoroki_,sprites/hanyu/miko/ha_odorokia1,,6,35%,6:sprites/hanyu/miko/ha_odorokia1,6:sprites/hanyu/miko/ha_odorokia1,4:Ha_OdorokiA1%,1:sprites/hanyu/miko/ha_aua1,,,,,,,,,,,,,,,,
_mats_012.txt,sprite/ha1_sakebi_,Ha_NiramuA1%,,1,100%,1:Ha_NiramuA1%,,,,,,,,,,,,,,,,,,,
saikoroshi04.txt,sprite/ha1_shinken_,sprites/hanyu/miko/ha_niramua1,,2,67%,2:sprites/hanyu/miko/ha_niramua1,1:Ha_OyasiroA1%,,,,,,,,,,,,,,,,,,
saikoroshi04.txt,sprite/ha1_warai_,Ha_WaraiA1%,,11,79%,11:Ha_WaraiA1%,2:sprites/hanyu/miko/ha_waraia1,1:sprites/hanyu/miko/ha_waraia1,,,,,,,,,,,,,,,,,
hirukowashi04.txt,sprite/ha1_yowaki_,Ha_YowakiA1%,,25,83%,25:Ha_YowakiA1%,3:sprites/hanyu/miko/ha_yowakia1,1:sprites/hanyu/miko/ha_odorokia1,1:sprites/hanyu/miko/ha_yowakia1,,,,,,,,,,,,,,,,
_mats_016.txt,sprite/ha2a_au_,Ha_AuA1,,1,100%,1:Ha_AuA1,,,,,,,,,,,,,,,,,,,
_mats_025.txt,sprite/ha2a_def_,Ha_DefA1,,5,42%,5:Ha_DefA1,3:Ha_NiramuA1,1:Ri_WaraiA1#,1:Ha_AuA1,1:Kei_Warai#,1:Ha_DefA1%,,,,,,,,,,,,,,
_mats_024.txt,sprite/ha2a_def2_,Ha_NiramuA1,,18,95%,18:Ha_NiramuA1,1:Ha_SinmyouA1,,,,,,,,,,,,,,,,,,
_mats_016.txt,sprite/ha2a_muhyou_,NO_MATCH,,0,0%,,,,,,,,,,,,,,,,,,,,
_mats_021.txt,sprite/ha2a_odoroki_,Ha_OdorokiA1,,2,67%,2:Ha_OdorokiA1,1:Ha_NiramuA1,,,,,,,,,,,,,,,,,,
_mats_018.txt,sprite/ha2a_sakebi_,Ha_NiramuA1,,1,100%,1:Ha_NiramuA1,,,,,,,,,,,,,,,,,,,
_mats_025.txt,sprite/ha2a_warai_,Ha_WaraiA1,,11,79%,11:Ha_WaraiA1,1:Ha_OdorokiA1,1:Ha_Waraia1,1:Ha_WaraiA1%,,,,,,,,,,,,,,,,
_mats_025.txt,sprite/ha2a_yowaki_,Ha_YowakiA1,,3,100%,3:Ha_YowakiA1,,,,,,,,,,,,,,,,,,,
_mats_023.txt,sprite/ha2b_def_,Ha_DefA1,,1,100%,1:Ha_DefA1,,,,,,,,,,,,,,,,,,,
_mats_021.txt,sprite/ha2b_def2_,Ri_NikoA1#,,1,100%,1:Ri_NikoA1#,,,,,,,,,,,,,,,,,,,
_mats_022.txt,sprite/ha2b_warai_,Ha_WaraiA1,,4,100%,4:Ha_WaraiA1,,,,,,,,,,,,,,,,,,,
omake.txt,sprite/ha3a_au_,Ha_AuA1,,11,85%,11:Ha_AuA1,1:Ha_Aua1,1:sprites/hanyu/ha_aua1,,,,,,,,,,,,,,,,,
omake.txt,sprite/ha3a_def_,Ha_DefA1,,7,70%,7:Ha_DefA1,1:sprites/mion/me_akuwaraia1,1:sprites/hanyu/ha_aua1,1:sprites/satosi/sato_komaru2,,,,,,,,,,,,,,,,
_mats_013.txt,sprite/ha3a_def2_,Ha_DefA2,,2,67%,2:Ha_DefA2,1:Ha_NiramuA1,,,,,,,,,,,,,,,,,,
_mats_025.txt,sprite/ha3a_odoroki_,Ha_OdorokiA1,,11,100%,11:Ha_OdorokiA1,,,,,,,,,,,,,,,,,,,
omake.txt,sprite/ha3a_shinken_,NO_MATCH,,0,0%,,,,,,,,,,,,,,,,,,,,
omake.txt,sprite/ha3a_warai_,Ha_WaraiA1,,10,67%,10:Ha_WaraiA1,2:sprites/hanyu/ha_aua1,1:Ha_waraiA1,1:sprites/sion/si_haua1,1:sprites/rika/ri_waraia1,,,,,,,,,,,,,,,
_mats_013.txt,sprite/ha3a_yowaki_,Ha_YowakiA1,,9,100%,9:Ha_YowakiA1,,,,,,,,,,,,,,,,,,,
saikoroshi03.txt,sprite/ha4_def_,sprites/hanyu/mikotrans/ha_defa2,,1,33%,1:sprites/hanyu/mikotrans/ha_defa2,1:sprites/hanyu/mikotrans/ha_niramua1,1:sprites/hanyu/mikotrans/ha_defa1,,,,,,,,,,,,,,,,,
saikoroshi03.txt,sprite/ha4_def2_,sprites/hanyu/mikotrans/ha_niramua1,,6,86%,6:sprites/hanyu/mikotrans/ha_niramua1,1:sprites/hanyu/mikotrans/ha_defa2,,,,,,,,,,,,,,,,,,
saikoroshi03.txt,sprite/ha4_muhyou_,sprites/hanyu/mikotrans/ha_niramua1,,3,100%,3:sprites/hanyu/mikotrans/ha_niramua1,,,,,,,,,,,,,,,,,,,
saikoroshi03.txt,sprite/ha4_shinken_,sprites/hanyu/mikotrans/ha_niramua1,,1,100%,1:sprites/hanyu/mikotrans/ha_niramua1,,,,,,,,,,,,,,,,,,,
saikoroshi03.txt,sprite/ha4_yowaki_,sprites/hanyu/mikotrans/ha_niramua1,,5,100%,5:sprites/hanyu/mikotrans/ha_niramua1,,,,,,,,,,,,,,,,,,,
batsukoishi01.txt,sprite/iri1_def1_,ir_si_de_a1,,27,56%,27:ir_si_de_a1,19:Iri_Def1#,1:ta_si_de_a1,1:si_si_aw_a1,,,,,,,,,,,,,,,,
omake.txt,sprite/iri1_def2_,ir_si_de_a2,,26,51%,26:ir_si_de_a2,19:Iri_Def2#,2:sprites/irie/sifuku/iri_def2,1:ir_si_wa_a1,1:oi_si_wa_a1,1:re_si_wa_a1,1:sprites/keiiti/sifuku/kei_warai,,,,,,,,,,,,,
batsukoishi01.txt,sprite/iri1_majime_,Iri_Majime#,,19,53%,19:Iri_Majime#,8:Iri_majime#,5:ir_si_ma_a1,1:ir_si_de_a2,1:no_data,1:Iri_MAjime#,1:Tomi_Majime#,,,,,,,,,,,,,
batsukoishi01.txt,sprite/iri1_majime2_,Iri_Majime2#,,9,36%,9:Iri_Majime2#,5:ir_si_ma_a2,5:Iri_majime2#,1:si_si_wa_b1,1:ir_si_de_a1,1:me_se_bi_a1,1:Iri_majime#,1:sprites/irie/sifuku/iri_warai,1:sprites/sion/sifuku/si_waraib1,,,,,,,,,,,
omake.txt,sprite/iri1_warai_,ir_si_wa_a1,,16,57%,16:ir_si_wa_a1,7:Iri_Warai#,2:Iri_warai#,1:si_si_aw_a1,1:re_se_ik_b1,1:sprites/irie/sifuku/iri_warai,,,,,,,,,,,,,,
saikoroshi04.txt,sprite/iri2_def1_,Iri_Def1+,,44,61%,44:Iri_Def1+,20:ir_hk_de_a1,7:Iri_Def1#,1:Si_MajimeB1#,,,,,,,,,,,,,,,,
saikoroshi04.txt,sprite/iri2_def2_,Iri_Def2+,,27,57%,27:Iri_Def2+,11:ir_hk_de_a2,7:Iri_Def2#,2:Iri_def2+,,,,,,,,,,,,,,,,
saikoroshi04.txt,sprite/iri2_majime_,Iri_Majime+,,43,46%,43:Iri_Majime+,22:Iri_majime+,16:ir_hk_ma_a1,7:Iri_Majime#,4:Iri_majime#,1:Iri_MAjime+,,,,,,,,,,,,,,
saikoroshi04.txt,sprite/iri2_majime2_,Iri_Majime2+,,23,44%,23:Iri_Majime2+,14:Iri_majime2+,6:Iri_Majime2#,4:ir_hk_ma_a2,1:ir_hk_ma_a1,1:Iri_Majime+,1:iri_majime2#,1:Iri_majime2#,1:Iri_Majime#,,,,,,,,,,,
_mats_022.txt,sprite/iri2_warai_,Iri_Warai+,,16,70%,16:Iri_Warai+,6:ir_hk_wa_a1,1:Iri_Warai#,,,,,,,,,,,,,,,,,
batsukoishi01.txt,sprite/iri3_def1_,Iri_Def1!,,10,67%,10:Iri_Def1!,4:ir_yk_de_a1,1:sa_se_wa_a1,,,,,,,,,,,,,,,,,
_meak_007.txt,sprite/iri3_def2_,Iri_Def2!,,9,64%,9:Iri_Def2!,3:ir_yk_de_a2,2:Iri_def2!,,,,,,,,,,,,,,,,,
batsukoishi01.txt,sprite/iri3_majime_,Iri_majime!,,3,100%,3:Iri_majime!,,,,,,,,,,,,,,,,,,,
batsukoishi01.txt,sprite/iri3_majime2_,Iri_majime2!,,2,50%,2:Iri_majime2!,1:Iri_Majime2!,1:sprites/sion/sifuku/si_waraib1,,,,,,,,,,,,,,,,,
_meak_006.txt,sprite/iri3_warai_,Iri_Warai!,,4,40%,4:Iri_Warai!,3:ir_yk_wa_a1,3:Iri_warai!,,,,,,,,,,,,,,,,,
_mina_019.txt,sprite/kameda1a_def_,NO_MATCH,,0,0%,,,,,,,,,,,,,,,,,,,,
_mina_013.txt,sprite/kameda1a_niyari_,NO_MATCH,,0,0%,,,,,,,,,,,,,,,,,,,,
_mina_013.txt,sprite/kameda1a_shinken_,NO_MATCH,,0,0%,,,,,,,,,,,,,,,,,,,,
_mina_013.txt,sprite/kameda1a_warai_,NO_MATCH,,0,0%,,,,,,,,,,,,,,,,,,,,
_mina_019.txt,sprite/kameda1b_odoroki_,no_data,,1,100%,1:no_data,,,,,,,,,,,,,,,,,,,
tata_003.txt,sprite/kameda2a_def_,NO_MATCH,,0,0%,,,,,,,,,,,,,,,,,,,,
tata_003.txt,sprite/kameda2a_niyari_,NO_MATCH,,0,0%,,,,,,,,,,,,,,,,,,,,
tata_003.txt,sprite/kameda2a_shinken_,NO_MATCH,,0,0%,,,,,,,,,,,,,,,,,,,,
tata_003.txt,sprite/kameda2a_warai_,NO_MATCH,,0,0%,,,,,,,,,,,,,,,,,,,,
omake.txt,sprite/kasa_1_,Kasa1,,33,97%,33:Kasa1,1:sprites/sonota/kasa1,,,,,,,,,,,,,,,,,,
_mats_022.txt,sprite/kasa_2_,Kasa2,,24,92%,24:Kasa2,2:Kasa3,,,,,,,,,,,,,,,,,,
_mats_022.txt,sprite/kasa_3_,Kasa3,,11,92%,11:Kasa3,1:Si_OdorokiA1#,,,,,,,,,,,,,,,,,,
saikoroshi03.txt,sprite/kei1_def1_,Kei_Def1,,47,92%,47:Kei_Def1,1:Kei_Warai,1:sprites/keiiti/kei_def1,1:sprites/keiiti/kei_warai,1:sprites/hanyu/ha_aua1,,,,,,,,,,,,,,,
_mats_013.txt,sprite/kei1_def2_,Kei_Def2,,22,92%,22:Kei_Def2,1:kei_Def2,1:Kei_def2,,,,,,,,,,,,,,,,,
hirukowashi02_3.txt,sprite/kei1_ikari1_,Kei_Ikari1,,10,67%,10:Kei_Ikari1,3:sprites/keiiti/kei_ikari1,1:Re_OkoruA1,1:sprites/rena/re_kaiib1,,,,,,,,,,,,,,,,
hirukowashi02_3.txt,sprite/kei1_ikari2_,Kei_Ikari2,,7,88%,7:Kei_Ikari2,1:sprites/rena/re_waraia1,,,,,,,,,,,,,,,,,,
omake.txt,sprite/kei1_komaru_,Kei_Komaru,,12,55%,12:Kei_Komaru,2:Kei_komaru,2:sprites/keiiti/kei_komaru,1:Kei_Nayamu,1:no_data,1:Re_BikkuriA1,1:sprites/rena/re_bikkuria1,1:sprites/rena/re_waraia1,1:sprites/sion/sifuku/si_akuwaraia1,,,,,,,,,,,
hirukowashi02_3.txt,sprite/kei1_majime_,Kei_Majime,,11,79%,11:Kei_Majime,1:Re_DefA1,1:Kei_Nayamu,1:sprites/keiiti/kei_majime,,,,,,,,,,,,,,,,
hirukowashi02.txt,sprite/kei1_majime2_,Kei_Majime2,,3,60%,3:Kei_Majime2,2:Kei_majime2,,,,,,,,,,,,,,,,,,
omake.txt,sprite/kei1_nayamu_,Kei_Nayamu,,10,53%,10:Kei_Nayamu,4:sprites/keiiti/kei_nayamu,1:no_data,1:kei_Nayamu,1:Kei_nayamu,1:sprites/sion/sifuku/si_akuwaraia1,1:sprites/rika/ri_waraia1,,,,,,,,,,,,,
omake.txt,sprite/kei1_warai_,Kei_Warai,,42,75%,42:Kei_Warai,6:sprites/keiiti/kei_warai,2:kei_Warai,2:Kei_warai,1:sprites/rena/taisoufuku/re_haua1,1:sprites/rena/re_kaiib1,1:sprites/sion/sifuku/si_akuwaraia1,1:sprites/sion/si_haua1,,,,,,,,,,,,
saikoroshi04.txt,sprite/kei2_def1_,Kei_Def1#,,41,93%,41:Kei_Def1#,2:sprites/keiiti/sifuku/kei_def1,1:Kei_Def1,,,,,,,,,,,,,,,,,
_mats_021.txt,sprite/kei2_def2_,Kei_Def2#,,14,88%,14:Kei_Def2#,1:Kei_def2#,1:Kei_Def1#,,,,,,,,,,,,,,,,,
hirukowashi03.txt,sprite/kei2_ikari1_,Kei_Ikari1#,,9,100%,9:Kei_Ikari1#,,,,,,,,,,,,,,,,,,,
saikoroshi00.txt,sprite/kei2_ikari2_,Kei_Ikari2#,,2,25%,2:Kei_Ikari2#,1:Kei_Nayamu#,1:Kei_Ikari2,1:Kei_Ikari1#,1:Re_OkoruB1#,1:sprites/keiiti/sifuku/kei_warai,1:sprites/keiiti/sifuku/kei_ikari2,,,,,,,,,,,,,
hirukowashi03.txt,sprite/kei2_komaru_,Kei_Komaru#,,11,55%,11:Kei_Komaru#,2:sprites/keiiti/sifuku/kei_komaru,1:no_data,1:Re_KomaruA1#,1:Kei_Nayamu#,1:Kei_komaru#,1:Sa_HannbesoB1#,1:Kei_Warai#,1:Kei_Def1#,,,,,,,,,,,
_mats_021.txt,sprite/kei2_majime_,Kei_Majime#,,7,54%,7:Kei_Majime#,4:Kei_majime#,1:Kei_majime2#,1:Kei_Majime,,,,,,,,,,,,,,,,
batsukoishi01.txt,sprite/kei2_majime2_,Kei_Majime2#,,2,40%,2:Kei_Majime2#,1:Kei_majime2#,1:kei_majime2#,1:sprites/keiiti/sifuku/kei_warai,,,,,,,,,,,,,,,,
saikoroshi04.txt,sprite/kei2_nayamu_,Kei_Nayamu#,,8,53%,8:Kei_Nayamu#,2:sprites/keiiti/sifuku/kei_warai,1:Kei_Nayamu,1:Me_MajimeA2#,1:Kei_nayamu#,1:sprites/keiiti/sifuku/kei_def1,1:sprites/keiiti/sifuku/kei_nayamu,,,,,,,,,,,,,
saikoroshi04.txt,sprite/kei2_warai_,Kei_Warai#,,48,87%,48:Kei_Warai#,2:Kei_warai#,2:kei_Warai#,2:sprites/keiiti/sifuku/kei_warai,1:Ha_DefA1,,,,,,,,,,,,,,,
batsukoishi01.txt,sprite/kei6_komaru_,sprites/sion/sifuku/si_waraib1,,1,100%,1:sprites/sion/sifuku/si_waraib1,,,,,,,,,,,,,,,,,,,
batsukoishi01.txt,sprite/kei6_nayamu_,NO_MATCH,,0,0%,,,,,,,,,,,,,,,,,,,,
_mina_019.txt,sprite/ki_def_,no_data,,1,100%,1:no_data,,,,,,,,,,,,,,,,,,,
_mina_019.txt,sprite/ki_komaru_,NO_MATCH,,0,0%,,,,,,,,,,,,,,,,,,,,
_mina_018.txt,sprite/ki_warai_,Aka_Def,,1,100%,1:Aka_Def,,,,,,,,,,,,,,,,,,,
_mats_019.txt,sprite/kuma_def_,no_data,,3,100%,3:no_data,,,,,,,,,,,,,,,,,,,
_tsum_026.txt,sprite/kuma_komaru_,NO_MATCH,,0,0%,,,,,,,,,,,,,,,,,,,,
_mats_017.txt,sprite/kuma_warai_,NO_MATCH,,0,0%,,,,,,,,,,,,,,,,,,,,
saikoroshi03.txt,sprite/me1a_akuwarai_a1_,me_se_aw_a1,,32,42%,32:me_se_aw_a1,21:Me_AkuwaraiA1,5:Me_AkuwaraiA2,4:Me_akuwaraiA1,4:sprites/mion/me_akuwaraia1,3:me_se_aw_a2,1:me_se_wi_a2,1:si_si_aw_a1,1:ri_se_de_a1,1:me_AkuwaraiA2,1:Me_AkuwaraiB1,1:sprites/rika/ri_waraia1,1:sprites/rena/re_waraia1,,,,,,,
saikoroshi02_3.txt,sprite/me1a_def_a1_,me_se_de_a1,,49,37%,49:me_se_de_a1,30:Me_DefA1,20:Me_DefA2,16:me_se_de_a2,3:sprites/mion/me_defa2,2:re_se_de_a1,1:me_se_wi_a2,1:sa_se_aw_a1,1:sa_se_wa_a1,1:me_se_ma_b2,1:me_se_si_a1,1:Me_DefB1,1:Me_WinkA1,1:Me_DefB2,1:Me_defA1,1:Me_MajimeA1,1:Re_OkoruB1,1:sprites/mion/me_defa1,1:sprites/mion/me_tohohoa1,1:sprites/rena/re_komarua1
_tsum_022.txt,sprite/me1a_hau_a1_,me_se_ha_a1,,2,67%,2:me_se_ha_a1,1:Me_HauA1,,,,,,,,,,,,,,,,,,
tata_012.txt,sprite/me1a_hig_maji_a1_,me_se_him_a1,,1,50%,1:me_se_him_a1,1:me_se_to_b2,,,,,,,,,,,,,,,,,,
batsukoishi01.txt,sprite/me1a_huteki_a1_,me_se_fu_a1,,9,43%,9:me_se_fu_a1,7:Me_HutekiA1,2:me_se_fu_a2,1:re_se_de_a1,1:me_se_wi_a1,1:Me_AkuwaraiA1,,,,,,,,,,,,,,
_mina_013.txt,sprite/me1a_ikari_a1_,me_se_ik_a2,,3,38%,3:me_se_ik_a2,2:me_se_ik_a1,1:me_se_bi_a1,1:Me_IkariA1,1:Me_IkariA2,,,,,,,,,,,,,,,
saikoroshi02_3.txt,sprite/me1a_majime_a1_,Me_MajimeA2,,15,25%,15:Me_MajimeA2,12:Me_MajimeA1,9:me_se_ma_a1,6:me_se_ma_a2,5:Me_majimeA1,3:Me_MajimeB2,3:Me_majimeA2,2:me_se_de_a1,1:me_se_bi_a1,1:me_se_ma_b1,1:re_se_de_a1,1:Me_majimeB2,1:Me_MajimeB1,1:sprites/rena/re_komarua1,,,,,,
saikoroshi02_2.txt,sprite/me1a_odoroki_a1_,Me_OdorokiA1,,11,33%,11:Me_OdorokiA1,9:me_se_bi_a1,4:me_se_bi_a2,3:Me_OdorokiA2,1:me_se_th_a2,1:me_se_ha_b1,1:ti_si_ik_a1,1:Me_OdorokiB1,1:sprites/hanyu/ha_aua1,1:sprites/mion/me_odorokia2,,,,,,,,,,
_mats_013.txt,sprite/me1a_sinmyou_a1_,me_se_si_a2,,2,22%,2:me_se_si_a2,2:Me_SinmyouA1,1:me_se_si_a1,1:me_se_de_b1,1:me_se_de_a1,1:me_se_si_b1,1:Me_SinmyouA2,,,,,,,,,,,,,
saikoroshi02_3.txt,sprite/me1a_tohoho_a1_,Me_TohohoA1,,28,40%,28:Me_TohohoA1,17:me_se_th_a1,9:me_se_th_a2,4:sprites/mion/me_tohohoa1,3:Me_tohohoA1,2:ri_se_de_a1,2:Me_TohohoA2,1:oi_si_wa_a1,1:ti_si_ik_a1,1:Me_WinkA2,1:sprites/mion/me_akuwaraib1,1:sprites/mion/me_akuwaraia1,,,,,,,,
saikoroshi02_3.txt,sprite/me1a_tokui_a1_,Me_TokuiA1,,31,52%,31:Me_TokuiA1,16:me_se_to_a1,3:me_se_to_a2,2:Me_TokuiA2,2:sprites/mion/me_akuwaraia1,1:oi_si_wa_a1,1:si_si_wa_b1,1:me_se_ma_a1,1:Me_tokuiA1,1:Me_tokuiA2,1:sprites/mion/me_tokuia2,,,,,,,,,
saikoroshi02_3.txt,sprite/me1a_warai_a1_,Me_WaraiA1,,39,43%,39:Me_WaraiA1,31:me_se_wa_a1,11:me_se_wa_a2,3:Me_waraiA1,1:oi_si_wa_a1,1:me_se_ik_a2,1:Me_WAraiA2,1:Me_WaraiA2,1:Re_WaraiA1,1:sprites/mion/me_waraia1,,,,,,,,,,
saikoroshi01.txt,sprite/me1a_wink_a1_,me_se_wi_a1,,46,32%,46:me_se_wi_a1,42:me_se_wi_a2,36:Me_WinkA1,13:Me_WinkA2,2:sprites/mion/me_winka2,1:sa_se_aw_a1,1:Me_winkA1,1:me_WinkA1,1:me_WinkA2,1:sprites/mion/me_winka1,1:sprites/mion/me_akuwaraia1,1:sprites/mion/me_winkb1,,,,,,,,
_mina_016.txt,sprite/me1a_yowaki_a1_,Me_YowakiA1,,12,35%,12:Me_YowakiA1,8:me_se_yw_a1,3:me_se_yw_a2,1:me_se_th_a2,1:me_se_th_a1,1:me_se_th_b2,1:me_se_de_a1,1:me_se_si_b2,1:me_se_ma_a2,1:me_se_ma_a1,1:Me_YowakiB1,1:Me_YowakiA2,1:Me_TohohoA1,1:Me_YowakiB2,,,,,,
saikoroshi01.txt,sprite/me1b_akuwarai_a1_,Me_AkuwaraiB1,,16,30%,16:Me_AkuwaraiB1,11:me_se_aw_b2,11:me_se_aw_b1,6:Me_AkuwaraiB2,3:sprites/mion/me_akuwaraib1,1:me_se_th_a2,1:me_se_aw_a1,1:me_AkuwaraiB1,1:Me_akuwaraiB2,1:Me_AkuwaraiA2,1:Me_AKuwaraiB1,,,,,,,,,
saikoroshi02_3.txt,sprite/me1b_def_a1_,Me_DefB2,,16,28%,16:Me_DefB2,14:me_se_de_b2,13:me_se_de_b1,12:Me_DefB1,1:ta_si_aw_a1,1:Me_defB2,1:Re_DefB1,,,,,,,,,,,,,
_tsum_022.txt,sprite/me1b_hau_a1_,Me_HauB1,,2,100%,2:Me_HauB1,,,,,,,,,,,,,,,,,,,
_mats_016.txt,sprite/me1b_huteki_a1_,me_se_fu_b2,,5,45%,5:me_se_fu_b2,3:me_se_fu_b1,1:me_se_aw_a2,1:me_se_aw_a1,1:Si_AkuwaraiA1,,,,,,,,,,,,,,,
_mina_013.txt,sprite/me1b_ikari_a1_,me_se_fu_b2,,1,20%,1:me_se_fu_b2,1:me_se_aw_a1,1:me_se_ik_b1,1:me_se_ik_b2,1:Me_IkariB2,,,,,,,,,,,,,,,
saikoroshi02_3.txt,sprite/me1b_majime_a1_,Me_MajimeB2,,12,28%,12:Me_MajimeB2,10:me_se_ma_b2,8:me_se_ma_b1,6:Me_MajimeB1,2:Me_majimeB2,1:Me_majimeB1,1:Me_IkariB1,1:sprites/mion/me_majimeb2,1:sprites/mion/me_tohohoa1,1:sprites/rena/re_komarua1,,,,,,,,,,
hirukowashi02_3.txt,sprite/me1b_odoroki_a1_,Me_OdorokiB1,,8,24%,8:Me_OdorokiB1,6:me_se_bi_b2,6:me_se_bi_b1,6:Me_OdorokiB2,1:me_se_wi_b2,1:si_si_aw_a1,1:ri_se_de_a1,1:me_se_ik_a2,1:re_se_ik_b1,1:sprites/mion/me_odorokib2,1:sprites/mion/me_odorokib1,,,,,,,,,
_mats_016.txt,sprite/me1b_sinmyou_a1_,me_se_si_b2,,2,40%,2:me_se_si_b2,1:me_se_si_b1,1:Me_SinmyouB2,1:Me_AkuwaraiB2,,,,,,,,,,,,,,,,
omake.txt,sprite/me1b_tohoho_a1_,me_se_th_b1,,9,30%,9:me_se_th_b1,6:Me_TohohoB1,4:me_se_th_b2,4:Me_TohohoB2,2:Me_tohohoB1,2:Me_tohohoB2,1:si_si_wa_b1,1:re_se_ik_b1,1:me_TohohoB2,,,,,,,,,,,
saikoroshi01.txt,sprite/me1b_tokui_a1_,Me_TokuiB1,,7,27%,7:Me_TokuiB1,6:me_se_to_b2,6:Me_TokuiB2,4:me_se_to_b1,2:sprites/mion/me_tokuib1,1:sprites/mion/me_tokuib2,,,,,,,,,,,,,,
saikoroshi02_3.txt,sprite/me1b_warai_a1_,Me_WaraiB1,,11,27%,11:Me_WaraiB1,10:me_se_wa_b1,7:me_se_wa_b2,6:Me_WaraiB2,1:re_se_wa_a1,1:si_si_wa_b1,1:me_se_ik_a2,1:Me_AkuwaraiB1,1:Me_waraiB1,1:Me_waraiB2,1:sprites/mion/me_tohohoa1,,,,,,,,,
saikoroshi02_3.txt,sprite/me1b_wink_a1_,me_se_wi_b2,,23,27%,23:me_se_wi_b2,23:Me_WinkB2,17:me_se_wi_b1,9:Me_WinkB1,3:me_se_wi_a1,2:sprites/mion/me_winkb2,1:re_se_wa_a1,1:ir_si_wa_a1,1:si_si_aw_a1,1:Me_winkB1,1:Me_WinkA2,1:sprites/satosi/sato_komaru2,1:sprites/mion/me_winkb1,1:sprites/mion/me_tohohoa1,,,,,,
_mina_016.txt,sprite/me1b_yowaki_a1_,me_se_yw_b2,,4,33%,4:me_se_yw_b2,2:me_se_yw_b1,2:Me_YowakiB2,2:Me_YowakiB1,1:Me_yowakiB1,1:Me_YowakiA1,,,,,,,,,,,,,,
saikoroshi00.txt,sprite/me2_akuwarai_a1_,Me_AkuwaraiA1#,,23,42%,23:Me_AkuwaraiA1#,10:me_si_aw_a1,9:Me_AkuwaraiA2#,8:me_si_aw_a2,1:me_si_fu_a2,1:me_si_de_a1,1:Me_AkuwaraiA1,1:Me_akuwaraiA1#,1:sprites/mion/sifuku/me_akuwaraia1,,,,,,,,,,,
saikoroshi04.txt,sprite/me2_def_a1_,me_si_de_a1,,43,45%,43:me_si_de_a1,25:me_si_de_a2,16:Me_DefA1#,4:Me_DefA2#,2:Me_DefB2,2:sprites/mion/sifuku/me_defa1,1:me_si_si_a1,1:me_si_si_a2,1:Kei_Def1#,,,,,,,,,,,
_mina_020.txt,sprite/me2_hau_a1_,Me_HauA1#,,5,62%,5:Me_HauA1#,2:me_si_ha_a1,1:me_si_si_a2,,,,,,,,,,,,,,,,,
_meak_017.txt,sprite/me2_hig_maji_a1_,me_si_him_a1,,1,20%,1:me_si_him_a1,1:me_se_him_a1,1:me_si_him_a2,1:me_si_to_a2,1:Me_Hi_majiA2#,,,,,,,,,,,,,,,
hirukowashi03.txt,sprite/me2_huteki_a1_,Me_HutekiA1#,,11,37%,11:Me_HutekiA1#,8:me_si_fu_a1,6:me_si_fu_a2,2:sprites/mion/sifuku/me_hutekia1,1:me_si_th_a2,1:me_si_aw_a1,1:me_si_si_a2,,,,,,,,,,,,,
_mats_024.txt,sprite/me2_ikari_a1_,Me_IkariA1#,,3,27%,3:Me_IkariA1#,2:me_si_ik_a1,1:me_si_th_a1,1:me_si_ik_a2,1:me_si_th_a2,1:me_si_ma_a1,1:Me_TohohoA1#,1:Me_OdorokiA1#,,,,,,,,,,,,
hirukowashi03.txt,sprite/me2_majime_a1_,me_si_ma_a1,,19,28%,19:me_si_ma_a1,12:me_si_ma_a2,12:Me_MajimeA1#,7:Me_MajimeA2#,4:Me_majimeA2#,3:me_si_de_a2,3:Me_MajimeA2,2:Me_MajimeA1,2:sprites/mion/sifuku/me_majimea2,1:Me_SinmyouA1#,1:Kei_Nayamu#,1:Me_majimeA1#,1:Oko_Ikari#,1:Me_OdorokiA1#,,,,,,
hirukowashi03.txt,sprite/me2_odoroki_a1_,Me_OdorokiA1#,,17,31%,17:Me_OdorokiA1#,11:me_si_bi_a2,10:Me_OdorokiA2#,9:me_si_bi_a1,3:Me_OdorokiA1,2:me_si_th_a2,1:me_si_th_a1,1:Me_OdorokiA2,1:Me_odorokiA1#,,,,,,,,,,,
_mina_004.txt,sprite/me2_sinmyou_a1_,me_si_si_a1,,23,70%,23:me_si_si_a1,5:Me_SinmyouA1#,4:me_si_si_a2,1:Me_SinmyouA2#,,,,,,,,,,,,,,,,
hirukowashi04.txt,sprite/me2_tohoho_a1_,Me_TohohoA1#,,17,31%,17:Me_TohohoA1#,11:me_si_th_a1,10:me_si_th_a2,6:Me_TohohoA2#,4:Me_TohohoA1,1:me_si_de_a1,1:me_TohohoA1#,1:no_data,1:Me_tohohoA1#,1:Me_tohohoA2#,1:sprites/mion/sifuku/me_tohohoa1,1:sprites/mion/me_tohohob1,,,,,,,,
saikoroshi04.txt,sprite/me2_tokui_a1_,me_si_to_a1,,11,34%,11:me_si_to_a1,9:me_si_to_a2,8:Me_TokuiA1#,1:Me_TokuiA1,1:Me_TokuiA2#,1:sprites/mion/sifuku/me_tokuia1,1:sprites/mion/sifuku/me_tokuia2,,,,,,,,,,,,,
saikoroshi04.txt,sprite/me2_warai_a1_,me_si_wa_a1,,28,40%,28:me_si_wa_a1,17:me_si_wa_a2,12:Me_WaraiA1#,8:Me_WaraiA2#,1:sa_si_aw_a1,1:Me_waraiA1#,1:Me_OdorokiA1#,1:Me_WaraiA1,1:sprites/mion/sifuku/me_waraia1,,,,,,,,,,,
hirukowashi04.txt,sprite/me2_wink_a1_,me_si_wi_a2,,40,36%,40:me_si_wi_a2,31:me_si_wi_a1,20:Me_WinkA2#,13:Me_WinkA1#,2:sprites/mion/sifuku/me_winka2,1:Me_WinkB1,1:Me_WinkA1,1:Me_winkA2#,1:sprites/mion/sifuku/me_winka1,1:sprites/mion/me_winka1,,,,,,,,,,
_mina_019.txt,sprite/me2_yowaki_a1_,Me_YowakiA1#,,5,38%,5:Me_YowakiA1#,3:me_si_yw_a1,1:me_si_bi_a2,1:me_si_th_a1,1:me_si_yw_a2,1:Me_SinmyouA2#,1:Me_YowakiA1,,,,,,,,,,,,,
_tsum_001.txt,sprite/me3_akuwarai_a1_,Me_AkuwaraiA1&,,4,40%,4:Me_AkuwaraiA1&,3:me_ta_aw_a2,2:me_ta_aw_a1,1:Me_AkuwaraiA2&,,,,,,,,,,,,,,,,
_tsum_001.txt,sprite/me3_def_a1_,me_ta_de_a1,,6,75%,6:me_ta_de_a1,1:me_ta_de_a2,1:Me_DefA1&,,,,,,,,,,,,,,,,,
_tsum_001.txt,sprite/me3_huteki_a1_,me_ta_fu_a2,,1,33%,1:me_ta_fu_a2,1:me_ta_fu_a1,1:Me_HutekiA1&,,,,,,,,,,,,,,,,,
_tsum_001.txt,sprite/me3_ikari_a1_,Me_IkariA2&,,1,100%,1:Me_IkariA2&,,,,,,,,,,,,,,,,,,,
_tsum_001.txt,sprite/me3_majime_a1_,Me_MajimeA1&,,1,50%,1:Me_MajimeA1&,1:Me_MajimeA2&,,,,,,,,,,,,,,,,,,
_tsum_001.txt,sprite/me3_odoroki_a1_,Me_OdorokiA1&,,5,100%,5:Me_OdorokiA1&,,,,,,,,,,,,,,,,,,,
_tsum_001.txt,sprite/me3_tohoho_a1_,me_ta_th_a1,,2,40%,2:me_ta_th_a1,2:Me_TohohoA2&,1:Me_TohohoA1&,,,,,,,,,,,,,,,,,
_tsum_001.txt,sprite/me3_tokui_a1_,Me_TokuiA1&,,5,56%,5:Me_TokuiA1&,2:me_ta_to_a2,1:me_ta_to_a1,1:Me_TokuiA2&,,,,,,,,,,,,,,,,
_tsum_001.txt,sprite/me3_warai_a1_,me_ta_wa_a2,,5,56%,5:me_ta_wa_a2,3:Me_WaraiA1&,1:Me_WaraiA2&,,,,,,,,,,,,,,,,,
_tsum_001.txt,sprite/me3_wink_a1_,me_ta_wi_a1,,4,50%,4:me_ta_wi_a1,3:Me_WinkA2&,1:Me_WinkA1&,,,,,,,,,,,,,,,,,
onik_005.txt,sprite/me4_akuwarai_a1_,me_mi_aw_a1,,3,100%,3:me_mi_aw_a1,,,,,,,,,,,,,,,,,,,
onik_005.txt,sprite/me4_huteki_a1_,me_mi_fu_a2,,1,100%,1:me_mi_fu_a2,,,,,,,,,,,,,,,,,,,
batsukoishi01.txt,sprite/me4_tohoho_a1_,sprites/mion/s_mizugi/me_tohohoa1,,1,100%,1:sprites/mion/s_mizugi/me_tohohoa1,,,,,,,,,,,,,,,,,,,
onik_005.txt,sprite/me4_wink_a1_,me_mi_wi_a1,,1,50%,1:me_mi_wi_a1,1:me_mi_wi_a2,,,,,,,,,,,,,,,,,,
_tsum_003_3.txt,sprite/me5_akuwarai_a1_,Me_AkuwaraiA1$,,2,67%,2:Me_AkuwaraiA1$,1:Me_AkuwaraiA2$,,,,,,,,,,,,,,,,,,
_tsum_003_3.txt,sprite/me5_def_a1_,NO_MATCH,,0,0%,,,,,,,,,,,,,,,,,,,,
_tsum_003_3.txt,sprite/me5_huteki_a1_,Me_HutekiA1$,,1,100%,1:Me_HutekiA1$,,,,,,,,,,,,,,,,,,,
_tsum_003_3.txt,sprite/me5_tohoho_a1_,Me_TohohoA1$,,4,80%,4:Me_TohohoA1$,1:Me_TohohoA2$,,,,,,,,,,,,,,,,,,
_tsum_003_3.txt,sprite/me5_warai_a1_,Me_WaraiA1$,,2,67%,2:Me_WaraiA1$,1:Me_WAraiA2$,,,,,,,,,,,,,,,,,,
_tsum_003_4.txt,sprite/me5_wink_a1_,Me_WinkA1$,,4,57%,4:Me_WinkA1$,3:Me_WinkA2$,,,,,,,,,,,,,,,,,,
_kakera52.txt,sprite/miyo1_def_,NO_MATCH,,0,0%,,,,,,,,,,,,,,,,,,,,
_kakera52.txt,sprite/miyo1_komari_,NO_MATCH,,0,0%,,,,,,,,,,,,,,,,,,,,
_kakera52.txt,sprite/miyo1_majime_,NO_MATCH,,0,0%,,,,,,,,,,,,,,,,,,,,
_kakera52.txt,sprite/miyo1_warai_,NO_MATCH,,0,0%,,,,,,,,,,,,,,,,,,,,
_mats_006.txt,sprite/miyo3_def_,NO_MATCH,,0,0%,,,,,,,,,,,,,,,,,,,,
_mats_006.txt,sprite/miyo3_komari_,NO_MATCH,,0,0%,,,,,,,,,,,,,,,,,,,,
hima_004.txt,sprite/miyuki_def_,NO_MATCH,,0,0%,,,,,,,,,,,,,,,,,,,,
hima_004.txt,sprite/miyuki_hatena_,NO_MATCH,,0,0%,,,,,,,,,,,,,,,,,,,,
hima_004.txt,sprite/miyuki_huan_,NO_MATCH,,0,0%,,,,,,,,,,,,,,,,,,,,
hima_004.txt,sprite/miyuki_kanashimi_,NO_MATCH,,0,0%,,,,,,,,,,,,,,,,,,,,
hima_004.txt,sprite/miyuki_neboke_,NO_MATCH,,0,0%,,,,,,,,,,,,,,,,,,,,
_mats_025.txt,sprite/miyuki_warai_,NO_MATCH,,0,0%,,,,,,,,,,,,,,,,,,,,
hirukowashi03.txt,sprite/oisi1_1_,Oisi1,,126,57%,126:Oisi1,84:oi_si_de_a1,4:Oisi5,2:oi_si_wa_a1,2:Oisi4,1:me_se_wi_a1,1:si_si_wa_b1,1:Iri_majime#,1:Oisi2,,,,,,,,,,,
hirukowashi03.txt,sprite/oisi1_2_,Oisi2,,138,58%,138:Oisi2,90:oi_si_wa_a1,2:ri_se_de_a1,2:sprites/sonota/oisi2,1:si_si_wa_b1,1:si_si_wi_a1,1:no_data,1:Oisi4,1:sprites/keiiti/sifuku/kei_warai,1:sprites/sion/sifuku/si_waraib1,,,,,,,,,,
hirukowashi03.txt,sprite/oisi1_3_,Oisi3,,15,75%,15:Oisi3,3:oi_si_ma_a1,1:Oisi2,1:sprites/sonota/oisi3,,,,,,,,,,,,,,,,
omake.txt,sprite/oisi1_4_,Oisi4,,112,80%,112:Oisi4,23:oi_si_de_a2,2:Oisi5,2:sprites/sonota/oisi4,1:sprites/keiiti/sifuku/kei_warai,,,,,,,,,,,,,,,
hirukowashi03.txt,sprite/oisi1_5_,Oisi5,,20,40%,20:Oisi5,13:oi_si_aw_a1,10:Oisi3,2:Oisi4,1:oi_si_wa_a1,1:oi_si_de_a1,1:no_data,1:Oisi1,1:sprites/sonota/oisi2,,,,,,,,,,,
staffroom.txt,sprite/oisi2_10_,sprites/sonota/ohisi10,,4,100%,4:sprites/sonota/ohisi10,,,,,,,,,,,,,,,,,,,
staffroom.txt,sprite/oisi2_6_,oi_yk_de_a1,,15,88%,15:oi_yk_de_a1,2:sprites/sonota/oisi6,,,,,,,,,,,,,,,,,,
staffroom.txt,sprite/oisi2_7_,oi_yk_wa_a1,,7,50%,7:oi_yk_wa_a1,7:sprites/sonota/oisi7,,,,,,,,,,,,,,,,,,
hima_004.txt,sprite/oisi2_8_,oi_yk_de_a1,,1,50%,1:oi_yk_de_a1,1:oi_yk_ma_a1,,,,,,,,,,,,,,,,,,
staffroom.txt,sprite/oisi2_9_,oi_yk_de_a2,,10,77%,10:oi_yk_de_a2,3:sprites/sonota/oisi9,,,,,,,,,,,,,,,,,,
_meak_015_1.txt,sprite/oka1_def_,NO_MATCH,,0,0%,,,,,,,,,,,,,,,,,,,,
_mina_013.txt,sprite/oka1_odoroki_,NO_MATCH,,0,0%,,,,,,,,,,,,,,,,,,,,
_mina_015_1.txt,sprite/oka1_shinken_,NO_MATCH,,0,0%,,,,,,,,,,,,,,,,,,,,
_tsum_003_2.txt,sprite/oka1_tere_,NO_MATCH,,0,0%,,,,,,,,,,,,,,,,,,,,
_mina_003_1.txt,sprite/oka1_warai_,NO_MATCH,,0,0%,,,,,,,,,,,,,,,,,,,,
_tsum_001.txt,sprite/oka2_odoroki_,NO_MATCH,,0,0%,,,,,,,,,,,,,,,,,,,,
_tsum_001.txt,sprite/oka2_shinken_,NO_MATCH,,0,0%,,,,,,,,,,,,,,,,,,,,
_tsum_001.txt,sprite/oka2_warai_,NO_MATCH,,0,0%,,,,,,,,,,,,,,,,,,,,
staffroom.txt,sprite/oko3_def_,sprites/okonogi/oko_def,,3,100%,3:sprites/okonogi/oko_def,,,,,,,,,,,,,,,,,,,
staffroom.txt,sprite/oko3_kumon_,sprites/okonogi/oko_akuwarai,,2,100%,2:sprites/okonogi/oko_akuwarai,,,,,,,,,,,,,,,,,,,
staffroom.txt,sprite/oko3_niyari_,sprites/okonogi/oko_warai,,8,100%,8:sprites/okonogi/oko_warai,,,,,,,,,,,,,,,,,,,
staffroom.txt,sprite/oko3_odoroki_,sprites/okonogi/oko_def2,,1,100%,1:sprites/okonogi/oko_def2,,,,,,,,,,,,,,,,,,,
staffroom.txt,sprite/oko3_sakebi_,sprites/okonogi/oko_ikari,,1,100%,1:sprites/okonogi/oko_ikari,,,,,,,,,,,,,,,,,,,
_mats_024.txt,sprite/oko_def_,Oko_Def#,,14,42%,14:Oko_Def#,7:Oko_Warai#,4:Oko_Akuwarai#,3:Oko_Def2#,1:Ta_Def#,1:Oko_Def,1:no_data,1:Oko_AkuWarai#,1:oko_Warai#,,,,,,,,,,,
_mats_024.txt,sprite/oko_kumon_,Oko_Def2#,,1,33%,1:Oko_Def2#,1:Oko_Akuwarai#,1:Oko_Warai#,,,,,,,,,,,,,,,,,
omake.txt,sprite/oko_niyari_,Oko_Akuwarai#,,5,45%,5:Oko_Akuwarai#,4:Oko_Warai#,1:oko_Akuwarai#,1:sprites/okonogi/sifuku/oko_warai,,,,,,,,,,,,,,,,
_mats_024.txt,sprite/oko_odoroki_,Oko_Def#,,6,55%,6:Oko_Def#,3:Oko_Akuwarai#,1:Oko_Def2#,1:oko_Def2#,,,,,,,,,,,,,,,,
_mats_024.txt,sprite/oko_sakebi_,Oko_Ikari#,,8,67%,8:Oko_Ikari#,3:Oko_Akuwarai#,1:Oko_Def#,,,,,,,,,,,,,,,,,
_mats_017.txt,sprite/oryou_def_,no_data,,1,100%,1:no_data,,,,,,,,,,,,,,,,,,,
_mina_018.txt,sprite/oryou_sakebi_,no_data,,1,100%,1:no_data,,,,,,,,,,,,,,,,,,,
_mina_018.txt,sprite/oryou_shinken_,NO_MATCH,,0,0%,,,,,,,,,,,,,,,,,,,,
_mats_017.txt,sprite/oryou_warai_,NO_MATCH,,0,0%,,,,,,,,,,,,,,,,,,,,
saikoroshi02_3.txt,sprite/re1a_bikkuri_a1_,re_se_bi_a1,,19,46%,19:re_se_bi_a1,10:Re_BikkuriA1,6:sprites/rena/re_bikkuria1,1:re_se_bi_b1,1:sa_se_aw_a1,1:re_se_ko_a1,1:Re_BikkuriB1,1:Kei_Komaru,1:sprites/rena/re_waraia1,,,,,,,,,,,
saikoroshi03.txt,sprite/re1a_def_a1_,re_se_de_a1,,128,60%,128:re_se_de_a1,57:Re_DefA1,6:sprites/rena/re_defa1,3:sprites/mion/me_tohohoa1,2:si_si_wi_a1,2:me_se_de_a1,2:re_se_de_b1,1:tm_si_de_a1,1:re_se_wa_b1,1:ri_se_de_a1,1:si_si_fu_a1,1:Re_KomaruA1,1:Re_DefB1,1:Kei_majime2,1:Re_defA1,1:Re_WaraiA1,1:Me_WaraiA1,1:sprites/rena/re_bikkuria1,1:sprites/satosi/sato_komaru2,
omake.txt,sprite/re1a_hau_a1_,re_se_ha_a1,,36,58%,36:re_se_ha_a1,16:Re_HauA1,6:sprites/rena/re_haua1,1:si_si_wa_a1,1:re_se_wa_a1,1:sprites/hanyu/ha_aua1,1:sprites/rena/re_waraib1,,,,,,,,,,,,,
tata_012.txt,sprite/re1a_hig_def_a1_,re_se_hi_a1,,6,86%,6:re_se_hi_a1,1:re_se_hi_b1,,,,,,,,,,,,,,,,,,
onik_015.txt,sprite/re1a_hig_muhyou_a1_,re_se_him_a1,,2,100%,2:re_se_him_a1,,,,,,,,,,,,,,,,,,,
_mina_013.txt,sprite/re1a_hig_okoru_a1_,re_se_hii_a1,,1,50%,1:re_se_hii_a1,1:Re_Hi_OkoruA1,,,,,,,,,,,,,,,,,,
hirukowashi02_2.txt,sprite/re1a_kaii_a1_,re_se_ka_a1,,7,54%,7:re_se_ka_a1,2:Re_KaiiA1,2:sprites/rena/re_kaiia1,1:sprites/satoko/sa_odorokib2,1:sprites/rena/re_bikkuria1,,,,,,,,,,,,,,,
saikoroshi02_3.txt,sprite/re1a_komaru_a1_,re_se_ko_a1,,38,44%,38:re_se_ko_a1,34:Re_KomaruA1,6:sprites/rena/re_komarua1,2:re_se_de_a1,1:oi_si_wa_a1,1:si_si_aw_a1,1:me_se_bi_a1,1:si_si_fu_a1,1:Re_KomaruB1,1:Re_DefA1,1:sprites/mion/me_akuwaraia1,,,,,,,,,
saikoroshi02_3.txt,sprite/re1a_komaru_a2_,re_se_ko_a2,,12,39%,12:re_se_ko_a2,8:re_se_ko_a1,3:re_se_de_a1,2:re_se_wa_b1,1:re_se_ha_a1,1:re_se_ko_b1,1:Re_BikkuriB1,1:Re_KomaruA1,1:Re_KomaruB1,1:Re_KomaruA2,,,,,,,,,,
saikoroshi02_3.txt,sprite/re1a_nande_a1_,re_se_na_a1,,67,62%,67:re_se_na_a1,19:Re_NandeA1,5:re_se_de_a1,5:sprites/rena/re_nandea1,2:re_se_de_b1,2:Re_DefB1,1:re_si_na_a1,1:ta_si_aw_a1,1:re_se_wa_b1,1:re_se_wa_a1,1:si_si_aw_a1,1:me_se_ik_a2,1:sprites/rena/re_waraia1,1:sprites/mion/me_tohohoa1,,,,,,
hirukowashi02_3.txt,sprite/re1a_okoru_a1_,Re_OkoruA1,,19,56%,19:Re_OkoruA1,5:re_se_ik_a1,3:re_se_de_a1,2:re_se_ko_a1,1:re_se_wa_a1,1:re_se_na_a1,1:re_se_ik_b1,1:Re_DefB1,1:sprites/rena/re_okorua1,,,,,,,,,,,
saikoroshi02_3.txt,sprite/re1a_warai_a1_,re_se_wa_a1,,113,62%,113:re_se_wa_a1,42:Re_WaraiA1,10:sprites/rena/re_waraia1,3:Re_waraiA1,2:si_si_aw_a1,2:re_se_ik_b1,2:sprites/mion/me_tohohoa1,1:re_se_de_a1,1:ir_si_wa_a1,1:si_si_wi_a1,1:me_se_bi_a1,1:me_se_ik_a2,1:re_se_ko_a1,1:Re_WaraiB1,1:sprites/hanyu/ha_aua1,,,,,
hirukowashi04.txt,sprite/re1b_bikkuri_b1_,re_se_bi_b1,,30,60%,30:re_se_bi_b1,15:Re_BikkuriB1,4:sprites/rena/re_bikkurib1,1:me_se_ik_a2,,,,,,,,,,,,,,,,
saikoroshi02_3.txt,sprite/re1b_def_b1_,re_se_de_b1,,36,39%,36:re_se_de_b1,36:Re_DefB1,6:sprites/rena/re_defb1,2:sprites/rena/re_waraib1,1:sa_se_aw_a1,1:oi_si_wa_a1,1:ta_si_aw_a1,1:re_se_de_a1,1:re_se_wa_b1,1:me_se_bi_a1,1:me_se_ik_a2,1:RE_DefB1,1:Re_WaraiB1,1:Me_MajimeA1,1:sprites/rena/re_bikkurib1,1:sprites/rena/re_komarua1,,,,
hirukowashi02_3.txt,sprite/re1b_hau_b1_,re_se_ha_b1,,18,60%,18:re_se_ha_b1,7:sprites/rena/re_haub1,4:Re_HauB1,1:Re_hauB1,,,,,,,,,,,,,,,,
tata_012.txt,sprite/re1b_hig_def_b1_,re_se_hi_b1,,1,100%,1:re_se_hi_b1,,,,,,,,,,,,,,,,,,,
hirukowashi02_3.txt,sprite/re1b_hig_okoru_b1_,re_se_hii_b1,,2,67%,2:re_se_hii_b1,1:sprites/rena/re_hi_okorub1,,,,,,,,,,,,,,,,,,
hirukowashi02_3.txt,sprite/re1b_kaii_b1_,re_se_ka_b1,,16,57%,16:re_se_ka_b1,6:sprites/rena/re_kaiib1,4:Re_KaiiB1,1:sprites/rena/re_waraia1,1:sprites/rika/ri_waraia1,,,,,,,,,,,,,,,
saikoroshi02_2.txt,sprite/re1b_komaru_b1_,re_se_ko_b1,,10,45%,10:re_se_ko_b1,8:Re_KomaruB1,3:sprites/rena/re_komarub1,1:sprites/rena/re_bikkuria1,,,,,,,,,,,,,,,,
_mina_026.txt,sprite/re1b_komaru_b2_,re_se_ko_b1,,4,33%,4:re_se_ko_b1,3:Re_KomaruB1,2:re_se_de_b1,1:re_se_ko_b2,1:re_se_ko_a1,1:Re_BikkuriB1,,,,,,,,,,,,,,
saikoroshi01.txt,sprite/re1b_nande_b1_,re_se_na_b1,,16,52%,16:re_se_na_b1,5:Re_NandeB1,3:re_se_de_b1,3:sprites/rena/re_nandeb1,1:ri_se_wa_a1,1:re_se_bi_b1,1:re_se_de_a1,1:Re_DefA1,,,,,,,,,,,,
hirukowashi02_3.txt,sprite/re1b_okoru_b1_,Re_OkoruB1,,15,68%,15:Re_OkoruB1,5:re_se_ik_b1,1:re_se_de_b1,1:si_si_wi_a1,,,,,,,,,,,,,,,,
saikoroshi02_3.txt,sprite/re1b_warai_b1_,re_se_wa_b1,,85,73%,85:re_se_wa_b1,20:Re_WaraiB1,6:sprites/rena/re_waraib1,2:Re_waraiB1,1:sa_se_aw_a1,1:ta_si_de_a1,1:si_si_aw_a1,,,,,,,,,,,,,
hirukowashi03.txt,sprite/re2a_bikkuri_a1_,Re_BikkuriA1#,,8,40%,8:Re_BikkuriA1#,7:re_si_bi_a1,2:Re_BikkuriA1,1:Re_bikkuriA1#,1:no_data,1:sprites/rena/sifuku/re_bikkuria1,,,,,,,,,,,,,,
saikoroshi04.txt,sprite/re2a_def_a1_,re_si_de_a1,,49,44%,49:re_si_de_a1,43:Re_DefA1#,9:Re_DefA1,4:sprites/rena/sifuku/re_defa1,3:Re_DefB1#,1:re_si_de_b1,1:Re_defA1,1:Re_Defa1#,1:re_DefA1#,,,,,,,,,,,
saikoroshi04.txt,sprite/re2a_hau_a1_,re_si_ha_a1,,29,53%,29:re_si_ha_a1,20:Re_HauA1#,4:sprites/rena/sifuku/re_haua1,1:Re_BikkuriB1#,1:Re_hauA1#,,,,,,,,,,,,,,,
hirukowashi03.txt,sprite/re2a_hig_def_a1_,Re_Hi_DefA1#,,8,53%,8:Re_Hi_DefA1#,2:re_si_hi_a1,2:Re_Hi_DefB1#,1:re_Hi_DefA1#,1:Re_WaraiB1#,1:Re_Hi_DefA1,,,,,,,,,,,,,,
_tsum_026.txt,sprite/re2a_hig_muhyou_a1_,Re_Hi_muhyouA1#,,8,44%,8:Re_Hi_muhyouA1#,4:Re_Hi_muhyouB1#,2:Re_Hi_MuhyouA1#,1:re_si_him_a1,1:Re_WaraiA1#,1:Re_Hi_MuhyouB1#,1:Re_Hi_DefA1#,,,,,,,,,,,,,
_tsum_026.txt,sprite/re2a_hig_okoru_a1_,Re_Hi_OkoruA1#,,5,56%,5:Re_Hi_OkoruA1#,4:Re_Hi_OkoruB1#,,,,,,,,,,,,,,,,,,
_mina_021.txt,sprite/re2a_kaii_a1_,re_si_ka_a1,,9,56%,9:re_si_ka_a1,6:Re_KaiiA1#,1:no_data,,,,,,,,,,,,,,,,,
saikoroshi04.txt,sprite/re2a_komaru_a1_,Re_KomaruA1#,,21,64%,21:Re_KomaruA1#,6:re_si_ko_a1,2:Re_KomaruA1,2:sprites/rena/sifuku/re_komarua1,1:Kei_Komaru#,1:Re_KomaruB1#,,,,,,,,,,,,,,
_mats_024.txt,sprite/re2a_komaru_a2_,Re_KomaruA1#,,3,30%,3:Re_KomaruA1#,2:re_si_ko_a2,2:re_si_ko_a1,1:Re_DefB1#,1:Re_DefA1#,1:Re_Hi_OkoruA1#,,,,,,,,,,,,,,
saikoroshi04.txt,sprite/re2a_nande_a1_,re_si_na_a1,,23,53%,23:re_si_na_a1,14:Re_NandeA1#,1:Re_DefB1#,1:Re_KomaruB1#,1:Re_NandeA1,1:Re_BikkuriB1#,1:Re_BikkuriA1#,1:sprites/rena/re_nandea1,,,,,,,,,,,,
saikoroshi04.txt,sprite/re2a_okoru_a1_,Re_OkoruA1#,,5,45%,5:Re_OkoruA1#,2:Re_OkoruB1#,1:re_si_ko_a2,1:re_si_de_a1,1:Re_okoruA1#,1:sprites/rena/sifuku/re_okorua1,,,,,,,,,,,,,,
saikoroshi04.txt,sprite/re2a_warai_a1_,re_si_wa_a1,,54,47%,54:re_si_wa_a1,52:Re_WaraiA1#,2:re_si_wa_b1,2:Re_WaraiB1#,2:sprites/rena/sifuku/re_waraia1,1:Re_HauB1#,1:Re_WaraiA1,,,,,,,,,,,,,
hirukowashi03.txt,sprite/re2b_bikkuri_b1_,Re_BikkuriB1#,,12,43%,12:Re_BikkuriB1#,10:re_si_bi_b1,4:Re_BikkuriB1,1:Re_BikkuriA1#,1:sprites/rena/sifuku/re_bikkurib1,,,,,,,,,,,,,,,
saikoroshi04.txt,sprite/re2b_def_b1_,Re_DefB1#,,37,64%,37:Re_DefB1#,12:re_si_de_b1,4:Re_DefB1,3:sprites/rena/sifuku/re_defb1,1:re_si_de_a1,1:Re_Defb1#,,,,,,,,,,,,,,
saikoroshi04.txt,sprite/re2b_hau_b1_,re_si_ha_b1,,9,50%,9:re_si_ha_b1,7:Re_HauB1#,1:re_si_ka_b1,1:sprites/rena/sifuku/re_haub1,,,,,,,,,,,,,,,,
hirukowashi03.txt,sprite/re2b_hig_def_b1_,Re_Hi_DefB1#,,1,50%,1:Re_Hi_DefB1#,1:re_Hi_DefB1#,,,,,,,,,,,,,,,,,,
_tsum_021.txt,sprite/re2b_hig_muhyou_b1_,Re_Hi_muhyouB1#,,5,71%,5:Re_Hi_muhyouB1#,1:re_si_him_b1,1:me_si_ik_a2,,,,,,,,,,,,,,,,,
hirukowashi03.txt,sprite/re2b_hig_okoru_b1_,Re_Hi_OkoruB1#,,2,67%,2:Re_Hi_OkoruB1#,1:re_si_hii_b1,,,,,,,,,,,,,,,,,,
saikoroshi00.txt,sprite/re2b_kaii_b1_,re_si_ka_b1,,26,68%,26:re_si_ka_b1,11:Re_KaiiB1#,1:sprites/rena/sifuku/re_kaiib1,,,,,,,,,,,,,,,,,
hirukowashi01.txt,sprite/re2b_komaru_b1_,re_si_ko_b1,,7,44%,7:re_si_ko_b1,6:Re_KomaruB1#,2:Re_KomaruB1,1:sprites/rena/sifuku/re_komarub1,,,,,,,,,,,,,,,,
_mats_024.txt,sprite/re2b_komaru_b2_,Re_KomaruB1#,,2,50%,2:Re_KomaruB1#,1:re_si_ko_b2,1:Re_BikkuriB1#,,,,,,,,,,,,,,,,,
hirukowashi03.txt,sprite/re2b_nande_b1_,Re_NandeB1#,,7,47%,7:Re_NandeB1#,3:sprites/rena/sifuku/re_nandeb1,2:re_si_na_b1,1:re_si_na_a1,1:re_si_wa_b1,1:Re_NandeA1#,,,,,,,,,,,,,,
hirukowashi03.txt,sprite/re2b_okoru_b1_,Re_OkoruB1#,,15,48%,15:Re_OkoruB1#,9:Re_OkoruA1#,2:re_si_ik_b1,2:Re_OkoruA1,1:Re_OkoruB1,1:Re_DefB1#,1:Kei_Ikari2#,,,,,,,,,,,,,
saikoroshi04.txt,sprite/re2b_warai_b1_,re_si_wa_b1,,35,45%,35:re_si_wa_b1,32:Re_WaraiB1#,6:sprites/rena/sifuku/re_waraib1,3:Re_WaraiB1,1:Re_Waraib1#,1:Re_waraiB1#,,,,,,,,,,,,,,
onik_005.txt,sprite/re3a_bikkuri_a1_,re_ta_bi_a1,,3,100%,3:re_ta_bi_a1,,,,,,,,,,,,,,,,,,,
_tsum_001.txt,sprite/re3a_def_a1_,re_ta_de_a1,,7,50%,7:re_ta_de_a1,7:Re_DefA1&,,,,,,,,,,,,,,,,,,
batsukoishi01.txt,sprite/re3a_hau_a1_,re_ta_ha_a1,,4,57%,4:re_ta_ha_a1,2:Re_HauA1&,1:sprites/rena/taisoufuku/re_haua1,,,,,,,,,,,,,,,,,
_tsum_001.txt,sprite/re3a_kaii_a1_,re_ta_ka_a1,,3,75%,3:re_ta_ka_a1,1:re_KaiiA1&,,,,,,,,,,,,,,,,,,
_tsum_001.txt,sprite/re3a_komaru_a1_,re_ta_ko_a1,,1,100%,1:re_ta_ko_a1,,,,,,,,,,,,,,,,,,,
onik_004.txt,sprite/re3a_komaru_a2_,re_ta_ko_a2,,1,100%,1:re_ta_ko_a2,,,,,,,,,,,,,,,,,,,
onik_005.txt,sprite/re3a_nande_a1_,re_ta_na_a1,,3,100%,3:re_ta_na_a1,,,,,,,,,,,,,,,,,,,
_tsum_001.txt,sprite/re3a_okoru_a1_,Re_OkoruA1&,,2,100%,2:Re_OkoruA1&,,,,,,,,,,,,,,,,,,,
_tsum_001.txt,sprite/re3a_warai_a1_,Re_WaraiA1&,,5,62%,5:Re_WaraiA1&,3:re_ta_wa_a1,,,,,,,,,,,,,,,,,,
_tsum_001.txt,sprite/re3b_bikkuri_b1_,re_ta_bi_b1,,4,80%,4:re_ta_bi_b1,1:Re_BikkuriB1&,,,,,,,,,,,,,,,,,,
_tsum_001.txt,sprite/re3b_def_b1_,Re_DefB1&,,9,100%,9:Re_DefB1&,,,,,,,,,,,,,,,,,,,
onik_005.txt,sprite/re3b_hau_b1_,re_ta_ha_b1,,3,100%,3:re_ta_ha_b1,,,,,,,,,,,,,,,,,,,
_mina_009_1.txt,sprite/re3b_kaii_b1_,re_ta_ka_b1,,6,75%,6:re_ta_ka_b1,2:Re_KaiiB1&,,,,,,,,,,,,,,,,,,
batsukoishi01.txt,sprite/re3b_komaru_b1_,Re_KomaruB1&,,1,100%,1:Re_KomaruB1&,,,,,,,,,,,,,,,,,,,
_tsum_001.txt,sprite/re3b_nande_b1_,Re_NandeB1&,,1,100%,1:Re_NandeB1&,,,,,,,,,,,,,,,,,,,
_tsum_001.txt,sprite/re3b_okoru_b1_,Re_OkoruB1&,,2,67%,2:Re_OkoruB1&,1:Re_WaraiB1&,,,,,,,,,,,,,,,,,,
_tsum_001.txt,sprite/re3b_warai_b1_,re_ta_wa_b1,,2,50%,2:re_ta_wa_b1,2:Re_WaraiB1&,,,,,,,,,,,,,,,,,,
_tsum_026.txt,sprite/renasen1_def_,no_data,,1,100%,1:no_data,,,,,,,,,,,,,,,,,,,
_tsum_026.txt,sprite/renasen1_ikakaku_,NO_MATCH,,0,0%,,,,,,,,,,,,,,,,,,,,
_tsum_026.txt,sprite/renasen1_muhyokaku_,Re_Hi_DefB1#,,1,50%,1:Re_Hi_DefB1#,1:Re_Hi_muhyouB1#,,,,,,,,,,,,,,,,,,
_tsum_026.txt,sprite/renasen1_tuukaku_,Re_Hi_DefA1#,,1,100%,1:Re_Hi_DefA1#,,,,,,,,,,,,,,,,,,,
_tsum_026.txt,sprite/renasen1_warai_,Re_Hi_DefB1#,,1,33%,1:Re_Hi_DefB1#,1:Re_DefA1#,1:Re_DefB1#,,,,,,,,,,,,,,,,,
_tsum_026.txt,sprite/renasen2_def_,NO_MATCH,,0,0%,,,,,,,,,,,,,,,,,,,,
_tsum_026.txt,sprite/renasen2_ikakaku_,Re_Hi_OkoruB1#,,3,60%,3:Re_Hi_OkoruB1#,1:Re_Hi_OkoruA1#,1:no_data,,,,,,,,,,,,,,,,,
_kakera45.txt,sprite/renasen2_muhyokaku_,Re_Hi_DefA1#,,5,50%,5:Re_Hi_DefA1#,1:Re_Hi_DefB1#,1:re_Hi_muhyouA1#,1:Re_Hi_muhyouA1#,1:Re_Hi_muhyouB1#,1:Re_DefB1#,,,,,,,,,,,,,,
_tsum_026.txt,sprite/renasen2_shinken_,NO_MATCH,,0,0%,,,,,,,,,,,,,,,,,,,,
_tsum_026.txt,sprite/renasen2_tuukaku_,Re_Hi_DefB1#,,1,100%,1:Re_Hi_DefB1#,,,,,,,,,,,,,,,,,,,
_tsum_026.txt,sprite/renasen2_warai_,Re_waraiA1#,,2,33%,2:Re_waraiA1#,2:Re_WaraiB1#,1:re_WaraiB1#,1:Re_DefB1#,,,,,,,,,,,,,,,,
omake.txt,sprite/ri1_def_a1_,ri_se_de_a1,,85,56%,85:ri_se_de_a1,53:Ri_DefA1,2:Ri_defA1,2:sprites/rika/ri_defa1,1:me_se_wi_a2,1:ta_si_de_a1,1:oi_si_wa_a1,1:si_si_aw_a1,1:no_data,1:Ri_KomaruA1,1:ri_defA1,1:sprites/rika/ri_waraia1,1:sprites/keiiti/kei_warai,,,,,,,
omake.txt,sprite/ri1_fuman_a1_,Ri_FumanA1,,24,56%,24:Ri_FumanA1,5:ri_se_ko_a1,5:Ri_KomaruA1,3:Ri_fumanA1,2:ri_se_de_a1,2:ri_se_ni_a1,1:Ri_WaraiA1,1:sprites/rena/re_waraib1,,,,,,,,,,,,
omake.txt,sprite/ri1_komaru_a1_,Ri_KomaruA1,,25,48%,25:Ri_KomaruA1,22:ri_se_ko_a1,1:si_si_fu_a1,1:Ri_komaruA1,1:sprites/rika/ri_komarua1,1:sprites/rika/ri_waraia1,1:sprites/satosi/sato_komaru2,,,,,,,,,,,,,
hirukowashi02_3.txt,sprite/ri1_komaru_a2_,Ri_KomaruA1,,10,56%,10:Ri_KomaruA1,6:Ri_KomaruA2,2:ri_se_ko_a1,,,,,,,,,,,,,,,,,
hirukowashi02_2.txt,sprite/ri1_majime_a1_,Ri_MajimeA1,,12,57%,12:Ri_MajimeA1,4:Ri_majimeA1,2:sprites/rika/ri_majimea1,1:ri_se_wa_a1,1:ri_se_ko_a1,1:Sa_nakuB1,,,,,,,,,,,,,,
batsukoishi01.txt,sprite/ri1_niko_a1_,ri_se_ni_a1,,56,68%,56:ri_se_ni_a1,22:Ri_NikoA1,1:oi_si_wa_a1,1:ta_si_aw_a1,1:me_se_bi_a1,1:si_si_fu_a1,,,,,,,,,,,,,,
omake.txt,sprite/ri1_niyari_a1_,Ri_NiyariA1,,10,91%,10:Ri_NiyariA1,1:sprites/rika/ri_waraia1,,,,,,,,,,,,,,,,,,
omake.txt,sprite/ri1_warai_a1_,ri_se_wa_a1,,78,54%,78:ri_se_wa_a1,47:Ri_WaraiA1,3:sprites/rika/ri_waraia1,2:me_se_bi_a1,2:si_si_fu_a1,2:Ri_WAraiA1,2:Ri_waraiA1,1:me_se_wi_a1,1:ir_si_wa_a1,1:oi_si_wa_a1,1:si_si_wa_b1,1:Ri_KomaruA1,1:sprites/satoko/sa_odorokib2,1:sprites/rena/re_waraia1,1:sprites/satosi/sato_komaru2,1:sprites/keiiti/kei_warai,,,,
hirukowashi03.txt,sprite/ri2_def_a1_,Ri_DefA1#,,27,52%,27:Ri_DefA1#,20:ri_si_de_a1,2:Ri_DefA1,2:sprites/rika/sifuku/ri_defa1,1:Ri_WaraiA1#,,,,,,,,,,,,,,,
hirukowashi00.txt,sprite/ri2_fuman_a1_,Ri_FumanA1#,,5,62%,5:Ri_FumanA1#,2:Ri_FumanA1,1:sprites/rika/sifuku/ri_fumana1,,,,,,,,,,,,,,,,,
hirukowashi04.txt,sprite/ri2_komaru_a1_,Ri_KomaruA1#,,21,68%,21:Ri_KomaruA1#,6:ri_si_ko_a1,2:sprites/rika/sifuku/ri_komarua1,1:Ri_Komarua1#,1:sprites/rika/ri_komarua1,,,,,,,,,,,,,,,
hirukowashi00.txt,sprite/ri2_komaru_a2_,Ri_KomaruA1#,,6,60%,6:Ri_KomaruA1#,3:Ri_KomaruA2#,1:sprites/rika/sifuku/ri_komarua2,,,,,,,,,,,,,,,,,
hirukowashi04.txt,sprite/ri2_majime_a1_,Ri_MajimeA1#,,17,63%,17:Ri_MajimeA1#,4:Ri_majimeA1#,3:sprites/rika/sifuku/ri_majimea1,2:Ri_MajimeA1,1:sprites/rika/ri_majimea1,,,,,,,,,,,,,,,
hirukowashi03.txt,sprite/ri2_niko_a1_,ri_si_ni_a1,,26,53%,26:ri_si_ni_a1,19:Ri_NikoA1#,1:ri_si_wa_a1,1:re_si_de_a1,1:Ri_NikoA1,1:sprites/rika/sifuku/ri_nikoa1,,,,,,,,,,,,,,
hirukowashi00.txt,sprite/ri2_niyari_a1_,Ri_NiyariA1#,,7,88%,7:Ri_NiyariA1#,1:sprites/rika/sifuku/ri_niyaria1,,,,,,,,,,,,,,,,,,
saikoroshi00.txt,sprite/ri2_warai_a1_,ri_si_wa_a1,,36,45%,36:ri_si_wa_a1,36:Ri_WaraiA1#,3:sprites/rika/sifuku/ri_waraia1,2:Ri_WaraiA1,1:Ri_waraiA1#,1:Ri_Waraia1#,1:Ha_DefA1,,,,,,,,,,,,,
_tsum_001.txt,sprite/ri3_def_a1_,ri_ta_de_a1,,6,86%,6:ri_ta_de_a1,1:Ri_DefA1&,,,,,,,,,,,,,,,,,,
_tsum_001.txt,sprite/ri3_komaru_a1_,Ri_KomaruA1&,,2,67%,2:Ri_KomaruA1&,1:ri_ta_ko_a1,,,,,,,,,,,,,,,,,,
_tsum_001.txt,sprite/ri3_niko_a1_,ri_ta_ni_a1,,3,60%,3:ri_ta_ni_a1,2:Ri_NikoA1&,,,,,,,,,,,,,,,,,,
_tsum_001.txt,sprite/ri3_warai_a1_,Ri_WaraiA1&,,4,57%,4:Ri_WaraiA1&,3:ri_ta_wa_a1,,,,,,,,,,,,,,,,,,
staffroom.txt,sprite/ri4_def_a1_,sprites/rika/nekomimi/ri_defa1,,3,100%,3:sprites/rika/nekomimi/ri_defa1,,,,,,,,,,,,,,,,,,,
staffroom.txt,sprite/ri4_komaru_a1_,sprites/rika/nekomimi/ri_komarua1,,5,62%,5:sprites/rika/nekomimi/ri_komarua1,3:ri_nk_ko_a1,,,,,,,,,,,,,,,,,,
staffroom.txt,sprite/ri4_niko_a1_,sprites/rika/nekomimi/ri_nikoa1,,3,100%,3:sprites/rika/nekomimi/ri_nikoa1,,,,,,,,,,,,,,,,,,,
staffroom.txt,sprite/ri4_warai_a1_,sprites/rika/nekomimi/ri_waraia1,,6,100%,6:sprites/rika/nekomimi/ri_waraia1,,,,,,,,,,,,,,,,,,,
_tsum_012_1.txt,sprite/ri5_def_a1_,ri_mk_de_a1,,12,86%,12:ri_mk_de_a1,1:sa_si_aw_a1,1:Ri_DefA1#,,,,,,,,,,,,,,,,,
_meak_016_2.txt,sprite/ri5_komaru_a1_,ri_mk_ko_a1,,6,86%,6:ri_mk_ko_a1,1:Ri_komaruA1%,,,,,,,,,,,,,,,,,,
_meak_010.txt,sprite/ri5_niko_a1_,ri_mk_ni_a1,,11,79%,11:ri_mk_ni_a1,2:ri_mk_de_a1,1:Ri_NikoA1%,,,,,,,,,,,,,,,,,
batsukoishi01.txt,sprite/ri5_warai_a1_,ri_mk_wa_a1,,8,62%,8:ri_mk_wa_a1,4:Ri_WaraiA1%,1:sprites/rena/re_waraia1,,,,,,,,,,,,,,,,,
_tsum_003_4.txt,sprite/ri6_def_a1_,Ri_DefA1$,,3,100%,3:Ri_DefA1$,,,,,,,,,,,,,,,,,,,
_tsum_003_2.txt,sprite/ri6_komaru_a1_,Ri_KomaruA1$,,2,100%,2:Ri_KomaruA1$,,,,,,,,,,,,,,,,,,,
_tsum_003_2.txt,sprite/ri6_niko_a1_,Ri_NikoA1$,,1,100%,1:Ri_NikoA1$,,,,,,,,,,,,,,,,,,,
_mats_025.txt,sprite/ri6_warai_a1_,Ri_WaraiA1$,,4,80%,4:Ri_WaraiA1$,1:Ri_waraiA1$,,,,,,,,,,,,,,,,,,
hima_003_05.txt,sprite/rim_def_,ri_si_de_a1,,19,83%,19:ri_si_de_a1,2:ri_si_ni_a1,1:ri_si_wa_a1,1:ri_si_fu_a1,,,,,,,,,,,,,,,,
hima_003_05.txt,sprite/rim_komaru_,ri_si_ko_a1,,9,75%,9:ri_si_ko_a1,2:ri_si_ni_a1,1:ri_si_de_a1,,,,,,,,,,,,,,,,,
hima_003_05.txt,sprite/rim_majime_,ri_si_fu_a1,,7,78%,7:ri_si_fu_a1,1:ri_se_fu_a1,1:ri_si_ko_a2,,,,,,,,,,,,,,,,,
hima_003_04.txt,sprite/rim_niyari_,ri_si_ny_a1,,3,100%,3:ri_si_ny_a1,,,,,,,,,,,,,,,,,,,
_mats_010.txt,sprite/rim_warai_,ri_si_wa_a1,,13,62%,13:ri_si_wa_a1,7:ri_si_ni_a1,1:Ri_WaraiA1#,,,,,,,,,,,,,,,,,
omake.txt,sprite/rina_def_,Rina_Def,,12,75%,12:Rina_Def,2:Rina_Warai,1:Rina_warai,1:sprites/sonota/rina_def,,,,,,,,,,,,,,,,
_tsum_018.txt,sprite/rina_ikari_,Rina_Def,,1,50%,1:Rina_Def,1:Rina_Ikari,,,,,,,,,,,,,,,,,,
_mina_tips_004.txt,sprite/rina_warai_,Rina_Warai,,11,73%,11:Rina_Warai,2:Rina_Def,2:Rina_warai,,,,,,,,,,,,,,,,,
saikoroshi02_2.txt,sprite/sa1a_akireru_a1_,sa_se_ak_a1,,42,49%,42:sa_se_ak_a1,25:Sa_AkireruA1,9:sprites/satoko/sa_akirerua1,2:Sa_YareyareA1,1:ir_si_wa_a1,1:ri_se_de_a1,1:ri_se_ni_a1,1:Sa_AkireruB1,1:Sa_AkuwaraiB1,1:sprites/mion/me_akuwaraib1,1:sprites/satosi/sato_komaru2,,,,,,,,,
hirukowashi02.txt,sprite/sa1a_akuwarai_a1_,sa_se_aw_a1,,69,81%,69:sa_se_aw_a1,12:Sa_AkuwaraiA1,2:sa_se_bi_b1,1:si_si_fu_a1,1:sprites/sonota/oisi2,,,,,,,,,,,,,,,
saikoroshi02.txt,sprite/sa1a_def_a1_,sa_se_de_a1,,37,70%,37:sa_se_de_a1,10:Sa_DefA1,1:sa_se_de_b1,1:si_si_aw_a1,1:sa_se_ha_b1,1:Sa_YareyareB2,1:Sa_defA1,1:sprites/satoko/sa_defa1,,,,,,,,,,,,
saikoroshi02_2.txt,sprite/sa1a_hannbeso_a1_,sa_se_hn_a1,,5,36%,5:sa_se_hn_a1,5:Sa_HannbesoA1,1:re_se_ko_b1,1:me_se_ik_a2,1:re_se_ik_b1,1:sprites/satoko/sa_hannbesoa1,,,,,,,,,,,,,,
_mina_025.txt,sprite/sa1a_hannbeso_a3_,sa_se_hn_a3,,2,50%,2:sa_se_hn_a3,1:Sa_HannbesoA3,1:Sa_hannbesoA3,,,,,,,,,,,,,,,,,
_mats_009.txt,sprite/sa1a_hau_a1_,sa_se_ha_a1,,8,73%,8:sa_se_ha_a1,1:sa_se_aw_b1,1:Sa_HauA1,1:Sa_YareyareB1,,,,,,,,,,,,,,,,
_mina_025.txt,sprite/sa1a_hau_a2_,sa_se_ha_a2,,5,83%,5:sa_se_ha_a2,1:Sa_HauA2,,,,,,,,,,,,,,,,,,
batsukoishi01.txt,sprite/sa1a_muhyou_a1_,sa_se_mu_a1,,9,43%,9:sa_se_mu_a1,9:Sa_MuhyouA1,2:Sa_muhyouA1,1:sa_se_ha_a1,,,,,,,,,,,,,,,,
_mina_tips_009.txt,sprite/sa1a_muhyou_a2_,sa_se_mu_a2,,8,62%,8:sa_se_mu_a2,4:Sa_MuhyouA2,1:Sa_muhyouA2,,,,,,,,,,,,,,,,,
_mina_tips_009.txt,sprite/sa1a_naku_a1_,sa_se_na_a1,,7,70%,7:sa_se_na_a1,2:Sa_NakuA1,1:sa_se_hn_a1,,,,,,,,,,,,,,,,,
hirukowashi02_3.txt,sprite/sa1a_odoroki_a1_,sa_se_bi_a1,,41,69%,41:sa_se_bi_a1,17:Sa_OdorokiA1,1:sprites/mion/me_akuwaraib1,,,,,,,,,,,,,,,,,
_mina_tips_009.txt,sprite/sa1a_sakebu_a1_,sa_se_sa_a1,,3,43%,3:sa_se_sa_a1,2:Sa_SakebuA1,1:sa_se_na_b1,1:Sa_sakebuA1,,,,,,,,,,,,,,,,
saikoroshi03.txt,sprite/sa1a_warai_a1_,sa_se_wa_a1,,37,58%,37:sa_se_wa_a1,16:Sa_WaraiA1,4:sprites/satoko/sa_waraia1,3:me_se_wi_a1,1:Sa_waraiA1,1:sprites/sonota/oisi4,1:sprites/keiiti/kei_warai,1:sprites/rena/re_waraib1,,,,,,,,,,,,
saikoroshi02.txt,sprite/sa1a_yareyare_a1_,Sa_YareyareA1,,12,43%,12:Sa_YareyareA1,9:sa_se_ya_a1,3:Sa_YAreyareA1,2:sprites/satoko/sa_yareyarea1,1:sa_se_bi_a1,1:Sa_OdorokiA1,,,,,,,,,,,,,,
_mina_025.txt,sprite/sa1a_yareyare_a2_,sa_se_ya_a2,,4,67%,4:sa_se_ya_a2,2:Sa_YareyareA2,,,,,,,,,,,,,,,,,,
saikoroshi02.txt,sprite/sa1b_akireru_b1_,sa_se_ak_a2,,8,38%,8:sa_se_ak_a2,8:Sa_AkireruB1,2:sprites/satoko/sa_akirerub1,1:Sa_akireruB1,1:sprites/satoko/sifuku/sa_akirerub1,1:sprites/hanyu/ha_aua1,,,,,,,,,,,,,,
saikoroshi02_2.txt,sprite/sa1b_akuwarai_b1_,sa_se_aw_b1,,20,57%,20:sa_se_aw_b1,10:Sa_AkuwaraiB1,3:sprites/satoko/sa_akuwaraib1,1:sa_se_aw_a1,1:sa_se_wa_b1,,,,,,,,,,,,,,,
omake.txt,sprite/sa1b_def_b1_,Sa_DefB1,,3,43%,3:Sa_DefB1,2:sa_se_de_b1,1:Sa_AkuwaraiB1,1:sprites/mion/me_akuwaraia1,,,,,,,,,,,,,,,,
saikoroshi02_2.txt,sprite/sa1b_hannbeso_b1_,Sa_HannbesoB1,,6,40%,6:Sa_HannbesoB1,4:sa_se_hn_b2,4:sa_se_hn_b1,1:sprites/satoko/sa_hannbesob1,,,,,,,,,,,,,,,,
_meak_008.txt,sprite/sa1b_hannbeso_b3_,sa_se_hn_b3,,1,50%,1:sa_se_hn_b3,1:Sa_HannbesoB3,,,,,,,,,,,,,,,,,,
_tsum_022.txt,sprite/sa1b_hau_b1_,sa_se_ha_b1,,2,67%,2:sa_se_ha_b1,1:Sa_HauB1,,,,,,,,,,,,,,,,,,
tata_tips_03.txt,sprite/sa1b_hau_b2_,sa_se_wa_b1,,4,50%,4:sa_se_wa_b1,3:sa_se_ha_b2,1:ri_se_de_a1,,,,,,,,,,,,,,,,,
_mina_015_1.txt,sprite/sa1b_muhyou_b1_,Sa_MuhyouB1,,4,80%,4:Sa_MuhyouB1,1:Sa_muhyouB1,,,,,,,,,,,,,,,,,,
_kakera48.txt,sprite/sa1b_muhyou_b2_,Sa_MuhyouB2,,4,100%,4:Sa_MuhyouB2,,,,,,,,,,,,,,,,,,,
_mina_tips_009.txt,sprite/sa1b_naku_b1_,sa_se_na_b1,,9,60%,9:sa_se_na_b1,3:Sa_NakuB1,1:sa_se_na_b2,1:me_se_ik_a2,1:Sa_NakuA1,,,,,,,,,,,,,,,
saikoroshi02_2.txt,sprite/sa1b_odoroki_b1_,sa_se_bi_b1,,30,43%,30:sa_se_bi_b1,19:Sa_OdorokiB1,6:sa_se_bi_b2,5:sprites/satoko/sa_odorokib1,2:si_si_fu_a1,2:sprites/satosi/sato_komaru2,2:sprites/satoko/sa_odorokib2,1:sa_se_aw_a1,1:oi_si_wa_a1,1:ri_se_de_a1,1:re_se_ik_b1,,,,,,,,,
_kakera32.txt,sprite/sa1b_sakebu_b1_,Sa_SakebuB1,,6,60%,6:Sa_SakebuB1,3:sa_se_sa_b1,1:Sato_komaru,,,,,,,,,,,,,,,,,
saikoroshi02_2.txt,sprite/sa1b_warai_b1_,sa_se_wa_b1,,27,55%,27:sa_se_wa_b1,17:Sa_WaraiB1,3:sprites/satoko/sa_waraib1,1:re_se_wa_b1,1:Sa_waraiB1,,,,,,,,,,,,,,,
saikoroshi02_2.txt,sprite/sa1b_yareyare_b1_,sa_se_yah_b1,,4,36%,4:sa_se_yah_b1,3:Sa_YareyareB1,2:sprites/satoko/sa_yareyareb1,1:sprites/keiiti/kei_warai,1:sprites/hanyu/ha_aua1,,,,,,,,,,,,,,,
tata_002.txt,sprite/sa1b_yareyare_b2_,sa_se_yah_b2,,3,100%,3:sa_se_yah_b2,,,,,,,,,,,,,,,,,,,
saikoroshi04.txt,sprite/sa2a_akireru_a1_,Sa_AkireruA1#,,29,62%,29:Sa_AkireruA1#,15:sa_si_ak_a1,1:ri_mk_de_a1,1:sprites/satoko/sifuku/sa_akirerua1,1:sprites/satoko/sa_akirerua1,,,,,,,,,,,,,,,
hirukowashi03.txt,sprite/sa2a_akuwarai_a1_,sa_si_aw_a1,,31,70%,31:sa_si_aw_a1,11:Sa_AkuwaraiA1#,1:me_si_wi_a2,1:sprites/satoko/sifuku/sa_akuwaraia1,,,,,,,,,,,,,,,,
hirukowashi03.txt,sprite/sa2a_def_a1_,Sa_DefA1#,,13,50%,13:Sa_DefA1#,10:sa_si_de_a1,1:sa_si_aw_a1,1:Sa_defA1#,1:sprites/satoko/sifuku/sa_defa1,,,,,,,,,,,,,,,
_mats_021.txt,sprite/sa2a_hannbeso_a1_,Sa_HannbesoA1#,,3,38%,3:Sa_HannbesoA1#,2:Sa_HannbesoA1,1:sa_si_hn_a1,1:sa_si_bi_a1,1:Sa_HannbesoB1#,,,,,,,,,,,,,,,
_kakera30.txt,sprite/sa2a_hannbeso_a3_,Sa_HannbesoA3#,,2,100%,2:Sa_HannbesoA3#,,,,,,,,,,,,,,,,,,,
saikoroshi04.txt,sprite/sa2a_hau_a1_,Sa_HauA1#,,4,50%,4:Sa_HauA1#,3:sa_si_ha_a1,1:sprites/satoko/sifuku/sa_haua1,,,,,,,,,,,,,,,,,
_kakera30.txt,sprite/sa2a_hau_a2_,sa_si_ha_a2,,1,50%,1:sa_si_ha_a2,1:Sa_HauA2#,,,,,,,,,,,,,,,,,,
_kakera40.txt,sprite/sa2a_muhyou_a1_,Sa_MuhyouA1#,,5,100%,5:Sa_MuhyouA1#,,,,,,,,,,,,,,,,,,,
_mina_019.txt,sprite/sa2a_muhyou_a2_,Sa_MuhyouA2,,1,100%,1:Sa_MuhyouA2,,,,,,,,,,,,,,,,,,,
tata_004.txt,sprite/sa2a_naku_a1_,sa_si_na_a1,,3,100%,3:sa_si_na_a1,,,,,,,,,,,,,,,,,,,
hirukowashi03.txt,sprite/sa2a_odoroki_a1_,sa_si_bi_a1,,40,68%,40:sa_si_bi_a1,17:Sa_OdorokiA1#,1:Sa_OdorokiB1#,1:sprites/satoko/sifuku/sa_odorokia1,,,,,,,,,,,,,,,,
saikoroshi00.txt,sprite/sa2a_warai_a1_,sa_si_wa_a1,,30,54%,30:sa_si_wa_a1,24:Sa_WaraiA1#,1:ri_mk_de_a1,1:sprites/satoko/sa_waraia1,,,,,,,,,,,,,,,,
_mats_024.txt,sprite/sa2a_yareyare_a1_,sa_si_ya_a1,,9,64%,9:sa_si_ya_a1,5:Sa_YareyareA1#,,,,,,,,,,,,,,,,,,
tata_001.txt,sprite/sa2a_yareyare_a2_,sa_si_ya_a2,,1,100%,1:sa_si_ya_a2,,,,,,,,,,,,,,,,,,,
saikoroshi00.txt,sprite/sa2b_akireru_b1_,Sa_AkireruB1#,,10,67%,10:Sa_AkireruB1#,5:sa_si_ak_a2,,,,,,,,,,,,,,,,,,
hirukowashi03.txt,sprite/sa2b_akuwarai_b1_,Sa_AkuwaraiB1#,,8,53%,8:Sa_AkuwaraiB1#,3:sa_si_aw_b1,1:sa_si_ak_a1,1:Sa_Akuwaraib1#,1:Sa_AKuwaraiB1#,1:sprites/satoko/sifuku/sa_akuwaraib1,,,,,,,,,,,,,,
_mats_024.txt,sprite/sa2b_def_b1_,Sa_DefB1#,,2,33%,2:Sa_DefB1#,1:sa_si_aw_a1,1:Sa_OdorokiA1#,1:no_data,1:Sa_OdorokiB1#,,,,,,,,,,,,,,,
_kakera40.txt,sprite/sa2b_hannbeso_b1_,Sa_HannbesoB1#,,3,75%,3:Sa_HannbesoB1#,1:sa_si_hn_b1,,,,,,,,,,,,,,,,,,
_mats_016.txt,sprite/sa2b_hau_b1_,Sa_HauB1#,,1,100%,1:Sa_HauB1#,,,,,,,,,,,,,,,,,,,
_mina_008.txt,sprite/sa2b_hau_b2_,sa_si_ha_b2,,3,100%,3:sa_si_ha_b2,,,,,,,,,,,,,,,,,,,
_kakera30.txt,sprite/sa2b_muhyou_b1_,Sa_MuhyouB1#,,2,67%,2:Sa_MuhyouB1#,1:Sa_MuhyouB1,,,,,,,,,,,,,,,,,,
_meak_tips_02.txt,sprite/sa2b_naku_b1_,Sa_NakuB1,,1,100%,1:Sa_NakuB1,,,,,,,,,,,,,,,,,,,
saikoroshi04.txt,sprite/sa2b_odoroki_b1_,Sa_OdorokiB1#,,18,64%,18:Sa_OdorokiB1#,7:sa_si_bi_b1,3:Sa_odorokiB1#,,,,,,,,,,,,,,,,,
saikoroshi04.txt,sprite/sa2b_warai_b1_,Sa_WaraiB1#,,23,79%,23:Sa_WaraiB1#,3:sa_si_wa_b1,2:sprites/satoko/sifuku/sa_waraib1,1:sa_si_bi_a1,,,,,,,,,,,,,,,,
saikoroshi04.txt,sprite/sa2b_yareyare_b1_,Sa_YareyareB1#,,5,45%,5:Sa_YareyareB1#,3:sa_si_yah_b1,1:sa_si_ak_a1,1:Sa_OdorokiB1#,1:Sa_yareyareB1#,,,,,,,,,,,,,,,
tata_001.txt,sprite/sa2b_yareyare_b2_,sa_si_yah_b2,,2,100%,2:sa_si_yah_b2,,,,,,,,,,,,,,,,,,,
_tsum_001.txt,sprite/sa3_akireru_a1_,Sa_AkireruA1&,,7,78%,7:Sa_AkireruA1&,2:sa_ta_ak_a1,,,,,,,,,,,,,,,,,,
_tsum_001.txt,sprite/sa3_akuwarai_a1_,Sa_AkuwaraiA1&,,8,62%,8:Sa_AkuwaraiA1&,5:sa_ta_aw_a1,,,,,,,,,,,,,,,,,,
_tsum_001.txt,sprite/sa3_def_a1_,sa_ta_de_a1,,3,75%,3:sa_ta_de_a1,1:Sa_DefA1&,,,,,,,,,,,,,,,,,,
_tsum_001.txt,sprite/sa3_hannbeso_a1_,sa_ta_hn_a1,,2,67%,2:sa_ta_hn_a1,1:Sa_HannbesoA1&,,,,,,,,,,,,,,,,,,
_tsum_001.txt,sprite/sa3_odoroki_a1_,sa_ta_bi_a1,,6,50%,6:sa_ta_bi_a1,4:Sa_OdorokiA1&,2:Sa_odorokiA1&,,,,,,,,,,,,,,,,,
_tsum_001.txt,sprite/sa3_warai_a1_,Sa_WaraiA1&,,5,71%,5:Sa_WaraiA1&,2:sa_ta_wa_a1,,,,,,,,,,,,,,,,,,
batsukoishi01.txt,sprite/sa4_akireru_a1_,NO_MATCH,,0,0%,,,,,,,,,,,,,,,,,,,,
onik_005.txt,sprite/sa4_akuwarai_a1_,sa_ku_bi_a1,,1,100%,1:sa_ku_bi_a1,,,,,,,,,,,,,,,,,,,
onik_005.txt,sprite/sa4_odoroki_a1_,sa_ku_bi_a1,,3,100%,3:sa_ku_bi_a1,,,,,,,,,,,,,,,,,,,
onik_005.txt,sprite/sa4_warai_a1_,sa_ku_wa_a1,,1,100%,1:sa_ku_wa_a1,,,,,,,,,,,,,,,,,,,
tata_013_02.txt,sprite/sa5_akireru_a1_,NO_MATCH,,0,0%,,,,,,,,,,,,,,,,,,,,
tata_013_02.txt,sprite/sa5_hannbeso_a1_,sa_to_hn_a1,,4,100%,4:sa_to_hn_a1,,,,,,,,,,,,,,,,,,,
tata_013_02.txt,sprite/sa5_hannbeso_a3_,NO_MATCH,,0,0%,,,,,,,,,,,,,,,,,,,,
tata_013_02.txt,sprite/sa5_hau_a1_,sa_to_ha_a1,,2,100%,2:sa_to_ha_a1,,,,,,,,,,,,,,,,,,,
tata_013_02.txt,sprite/sa5_muhyou_a1_,sa_to_mu_a1,,2,100%,2:sa_to_mu_a1,,,,,,,,,,,,,,,,,,,
tata_013_02.txt,sprite/sa5_muhyou_a2_,sa_to_mu_a2,,1,100%,1:sa_to_mu_a2,,,,,,,,,,,,,,,,,,,
tata_013_02.txt,sprite/sa5_odoroki_a1_,sa_to_bi_a1,,3,100%,3:sa_to_bi_a1,,,,,,,,,,,,,,,,,,,
tata_013_02.txt,sprite/sa5_sakebu_a1_,sa_to_sa_a1,,2,67%,2:sa_to_sa_a1,1:sa_to_bi_a1,,,,,,,,,,,,,,,,,,
tata_013_02.txt,sprite/sa5_warai_a1_,sa_to_wa_a1,,1,100%,1:sa_to_wa_a1,,,,,,,,,,,,,,,,,,,
tata_013_02.txt,sprite/sa5_yareyare_a1_,sa_to_ya_a1,,4,100%,4:sa_to_ya_a1,,,,,,,,,,,,,,,,,,,
tata_013_02.txt,sprite/sa5_yareyare_a2_,sa_to_ya_a2,,3,100%,3:sa_to_ya_a2,,,,,,,,,,,,,,,,,,,
_tsum_003_3.txt,sprite/sa6_akireru_a1_,Sa_AkireruA1-,,3,100%,3:Sa_AkireruA1-,,,,,,,,,,,,,,,,,,,
_tsum_003_3.txt,sprite/sa6_akuwarai_a1_,Sa_AkuwaraiA1-,,2,100%,2:Sa_AkuwaraiA1-,,,,,,,,,,,,,,,,,,,
_tsum_003_3.txt,sprite/sa6_hau_a1_,NO_MATCH,,0,0%,,,,,,,,,,,,,,,,,,,,
_tsum_003_3.txt,sprite/sa6_odoroki_a1_,Sa_OdorokiA1-,,1,100%,1:Sa_OdorokiA1-,,,,,,,,,,,,,,,,,,,
_tsum_003_4.txt,sprite/sa6_warai_a1_,Sa_WaraiA1-,,1,100%,1:Sa_WaraiA1-,,,,,,,,,,,,,,,,,,,
_tsum_003_3.txt,sprite/sa6_yareyare_a1_,Sa_YareyareA1-,,1,100%,1:Sa_YareyareA1-,,,,,,,,,,,,,,,,,,,
saikoroshi02_3.txt,sprite/sato1_def1_,Sato_Def1,,20,77%,20:Sato_Def1,4:sprites/satosi/sato_def1,1:Sato_komaru,1:Sato_Def2,,,,,,,,,,,,,,,,
saikoroshi03.txt,sprite/sato1_def2_,Sato_Def2,,17,81%,17:Sato_Def2,1:Sato_Warai,1:Sato_def2,1:sprites/rika/ri_waraia1,1:sprites/mion/me_tohohoa1,,,,,,,,,,,,,,,
_kakera29.txt,sprite/sato1_ikari_,Sato_Ikari,,3,60%,3:Sato_Ikari,2:Sato_ikari,,,,,,,,,,,,,,,,,,
saikoroshi02_3.txt,sprite/sato1_komaru_,Sato_Komaru,,14,54%,14:Sato_Komaru,3:Sato_komaru,2:no_data,2:Sato_Tukare,2:sprites/satosi/sato_komaru,1:Sato_Def2,1:Sato_tukare,1:sprites/satosi/sato_def1,,,,,,,,,,,,
omake.txt,sprite/sato1_komaru2_,Sato_Komaru2,,12,80%,12:Sato_Komaru2,1:Sato_Komaru,1:Sato_komaru2,1:sprites/satosi/sato_komaru2,,,,,,,,,,,,,,,,
saikoroshi02_3.txt,sprite/sato1_tukare_,Sato_Tukare,,3,60%,3:Sato_Tukare,2:sprites/rena/re_komarua1,,,,,,,,,,,,,,,,,,
saikoroshi03.txt,sprite/sato1_warai_,Sato_Warai,,13,68%,13:Sato_Warai,3:sprites/satosi/sato_warai,2:Sato_warai,1:sprites/rena/re_komarua1,,,,,,,,,,,,,,,,
_kakera28.txt,sprite/sato2_def1_,Sato_Def1!,,3,100%,3:Sato_Def1!,,,,,,,,,,,,,,,,,,,
_meak_019_1.txt,sprite/sato2_def2_,Sato_Warai!,,1,50%,1:Sato_Warai!,1:Sato_Def2!,,,,,,,,,,,,,,,,,,
_meak_006.txt,sprite/sato2_komaru_,Sato_Def2!,,1,100%,1:Sato_Def2!,,,,,,,,,,,,,,,,,,,
_meak_019_1.txt,sprite/sato2_komaru2_,Sato_Komaru2!,,2,67%,2:Sato_Komaru2!,1:Sato_Def2!,,,,,,,,,,,,,,,,,,
_meak_006.txt,sprite/sato2_tukare_,Sato_Warai!,,1,100%,1:Sato_Warai!,,,,,,,,,,,,,,,,,,,
_kakera28.txt,sprite/sato2_warai_,Sato_Warai!,,2,100%,2:Sato_Warai!,,,,,,,,,,,,,,,,,,,
_mats_022.txt,sprite/si1a_akuwarai_a1_,si_si_aw_a1,,22,56%,22:si_si_aw_a1,6:Si_AkuwaraiA1#,3:Si_AkuwaraiA1,2:me_se_bi_a1,2:Si_AkuwaraiB1#,2:Si_akuwaraiA1#,1:si_si_wa_b1,1:oi_si_wa_a1,,,,,,,,,,,,
_mats_021.txt,sprite/si1a_def_a1_,si_si_de_a1,,49,71%,49:si_si_de_a1,11:Si_DefA1#,4:si_si_de_b1,2:Si_DefB1#,1:oi_si_wa_a1,1:Si_DefA1,1:Si_defA1#,,,,,,,,,,,,,
_mats_022.txt,sprite/si1a_hau_a1_,si_si_ha_a1,,4,67%,4:si_si_ha_a1,1:si_si_ha_b1,1:Si_HauA1#,,,,,,,,,,,,,,,,,
omake_04.txt,sprite/si1a_huteki_a1_,si_si_fu_a1,,2,100%,2:si_si_fu_a1,,,,,,,,,,,,,,,,,,,
_mats_023.txt,sprite/si1a_ikari_a1_,Si_IkariA1#,,3,50%,3:Si_IkariA1#,2:Si_IkariA1,1:si_si_ik_a1,,,,,,,,,,,,,,,,,
_mats_022.txt,sprite/si1a_majime_a1_,Si_MajimeA1#,,9,36%,9:Si_MajimeA1#,6:si_si_ma_a1,5:Si_majimeA1#,3:si_si_de_a1,1:si_si_bi_a1,1:Si_MajimeA1,,,,,,,,,,,,,,
_mats_022.txt,sprite/si1a_odoroki_a1_,Si_OdorokiA1#,,5,33%,5:Si_OdorokiA1#,4:si_si_bi_a1,2:si_si_bi_b1,2:Si_OdorokiA1,1:Si_OdorokiB1#,1:Kasa3,,,,,,,,,,,,,,
_mats_022.txt,sprite/si1a_tohoho_a1_,Si_TohohoA1#,,3,50%,3:Si_TohohoA1#,2:Si_TohohoB1#,1:si_si_th_b1,,,,,,,,,,,,,,,,,
_mina_021.txt,sprite/si1a_tokui_a1_,Si_TokuiA1#,,3,50%,3:Si_TokuiA1#,1:si_si_to_a1,1:Si_TokuiB1#,1:Si_TokuiA1,,,,,,,,,,,,,,,,
_mats_025.txt,sprite/si1a_warai_a1_,si_si_wa_a1,,23,52%,23:si_si_wa_a1,12:Si_WaraiA1#,3:Si_WaraiB1#,2:si_si_wa_b1,1:sa_se_aw_a1,1:si_si_aw_a1,1:si_si_fu_a1,1:Si_WaraiA1,,,,,,,,,,,,
_mats_022.txt,sprite/si1a_wink_a1_,si_si_wi_a1,,29,52%,29:si_si_wi_a1,11:Si_WinkA1#,4:si_si_wi_b1,4:Si_WinkB1#,2:si_si_fu_a1,2:Si_WinkA1,1:si_si_aw_b1,1:si_si_wa_b1,1:re_se_wa_b1,1:Si_winkA1#,,,,,,,,,,
_mats_022.txt,sprite/si1a_yowaki_a1_,Si_YowakiA1#,,5,56%,5:Si_YowakiA1#,2:si_si_yw_a1,1:Si_YowakiA1,1:SI_YowakiA1#,,,,,,,,,,,,,,,,
_mats_025.txt,sprite/si1b_akuwarai_b1_,si_si_aw_b1,,7,58%,7:si_si_aw_b1,2:Si_AkuwaraiB1#,1:si_si_fu_a1,1:ti_si_ik_a1,1:ti_si_ko_a1,,,,,,,,,,,,,,,
_mats_021.txt,sprite/si1b_def_b1_,si_si_de_b1,,9,90%,9:si_si_de_b1,1:Si_DefB1#,,,,,,,,,,,,,,,,,,
wata_005.txt,sprite/si1b_hau_b1_,si_si_ha_b1,,1,100%,1:si_si_ha_b1,,,,,,,,,,,,,,,,,,,
omake_04.txt,sprite/si1b_huteki_b1_,NO_MATCH,,0,0%,,,,,,,,,,,,,,,,,,,,
_mats_022.txt,sprite/si1b_majime_b1_,Si_MajimeB1#,,5,83%,5:Si_MajimeB1#,1:Iri_Def1+,,,,,,,,,,,,,,,,,,
_mats_021.txt,sprite/si1b_odoroki_b1_,NO_MATCH,,0,0%,,,,,,,,,,,,,,,,,,,,
_mats_022.txt,sprite/si1b_tohoho_b1_,Si_TohohoB1#,,3,75%,3:Si_TohohoB1#,1:Si_TohohoA1#,,,,,,,,,,,,,,,,,,
tata_004.txt,sprite/si1b_tokui_b1_,si_si_to_b1,,2,100%,2:si_si_to_b1,,,,,,,,,,,,,,,,,,,
_mats_021.txt,sprite/si1b_warai_b1_,si_si_wa_b1,,11,85%,11:si_si_wa_b1,1:si_si_fu_a1,1:Si_WaraiB1#,,,,,,,,,,,,,,,,,
saikoroshi03.txt,sprite/si1b_wink_b1_,si_si_wi_b1,,14,61%,14:si_si_wi_b1,3:si_si_wi_a1,3:Si_WinkB1#,1:ta_si_de_a1,1:oi_si_wa_a1,1:Si_WinkA1,,,,,,,,,,,,,,
_tsum_004.txt,sprite/si2_akuwarai_a1_,si_ma_aw_a1,,2,50%,2:si_ma_aw_a1,2:Si_AkuwaraiA1$,,,,,,,,,,,,,,,,,,
_tsum_004.txt,sprite/si2_def_a1_,si_ma_de_a1,,15,94%,15:si_ma_de_a1,1:Si_DefA1$,,,,,,,,,,,,,,,,,,
wata_005.txt,sprite/si2_hau_a1_,si_ma_ha_a1,,8,100%,8:si_ma_ha_a1,,,,,,,,,,,,,,,,,,,
wata_004.txt,sprite/si2_huteki_a1_,NO_MATCH,,0,0%,,,,,,,,,,,,,,,,,,,,
wata_004.txt,sprite/si2_majime_a1_,NO_MATCH,,0,0%,,,,,,,,,,,,,,,,,,,,
wata_005.txt,sprite/si2_odoroki_a1_,si_ma_bi_a1,,8,100%,8:si_ma_bi_a1,,,,,,,,,,,,,,,,,,,
wata_004.txt,sprite/si2_tokui_a1_,si_ma_to_a1,,1,100%,1:si_ma_to_a1,,,,,,,,,,,,,,,,,,,
_tsum_004.txt,sprite/si2_warai_a1_,si_ma_wa_a1,,11,85%,11:si_ma_wa_a1,2:Si_WaraiA1$,,,,,,,,,,,,,,,,,,
_tsum_004.txt,sprite/si2_wink_a1_,si_ma_wi_a1,,9,69%,9:si_ma_wi_a1,4:Si_WinkA1$,,,,,,,,,,,,,,,,,,
wata_005.txt,sprite/si2_yowaki_a1_,si_ma_yw_a1,,8,89%,8:si_ma_yw_a1,1:si_ma_de_a1,,,,,,,,,,,,,,,,,,
omake.txt,sprite/si3_akuwarai_a1_,Si_AkuwaraiA1,,14,67%,14:Si_AkuwaraiA1,2:Si_akuwaraiA1,1:sprites/rena/re_waraia1,1:sprites/sion/sifuku/si_waraib1,1:sprites/rena/re_bikkuria1,1:sprites/sion/sifuku/si_akuwaraia1,1:sprites/sion/si_haua1,,,,,,,,,,,,,
_mina_028.txt,sprite/si3_def_a1_,Si_DefA1,,11,100%,11:Si_DefA1,,,,,,,,,,,,,,,,,,,
omake.txt,sprite/si3_hau_a1_,sprites/sion/si_haua1,,1,100%,1:sprites/sion/si_haua1,,,,,,,,,,,,,,,,,,,
_mina_013.txt,sprite/si3_huteki_a1_,Si_HutekiA1,,2,40%,2:Si_HutekiA1,1:Si_TohohoA1,1:Si_DefA1,1:Si_TokuiA1,,,,,,,,,,,,,,,,
batsukoishi01.txt,sprite/si3_ikari_a1_,Si_IkariA1,,18,95%,18:Si_IkariA1,1:sprites/sonota/oisi2,,,,,,,,,,,,,,,,,,
omake.txt,sprite/si3_majime_a1_,Si_MajimeA1,,29,83%,29:Si_MajimeA1,2:Si_majimeA1,1:sprites/sion/sifuku/si_majimeb1,1:sprites/sion/si_haua1,1:sprites/keiiti/kei_warai,1:sprites/mion/me_akuwaraia1,,,,,,,,,,,,,,
omake.txt,sprite/si3_odoroki_a1_,Si_OdorokiA1,,8,89%,8:Si_OdorokiA1,1:sprites/rena/re_waraib1,,,,,,,,,,,,,,,,,,
omake.txt,sprite/si3_tohoho_a1_,Si_TohohoA1,,12,86%,12:Si_TohohoA1,1:sprites/sonota/oisi4,1:sprites/sion/si_haua1,,,,,,,,,,,,,,,,,
_meak_ep_03.txt,sprite/si3_tokui_a1_,Si_TokuiA1,,1,100%,1:Si_TokuiA1,,,,,,,,,,,,,,,,,,,
omake.txt,sprite/si3_warai_a1_,Si_WaraiA1,,20,91%,20:Si_WaraiA1,1:sprites/rena/re_waraia1,1:sprites/rika/ri_waraia1,,,,,,,,,,,,,,,,,
omake.txt,sprite/si3_wink_a1_,Si_WinkA1,,20,87%,20:Si_WinkA1,1:Si_winkA1,1:sprites/rena/re_waraia1,1:sprites/rika/ri_waraia1,,,,,,,,,,,,,,,,
_mina_016.txt,sprite/si3_yowaki_a1_,Si_YowakiA1,,4,100%,4:Si_YowakiA1,,,,,,,,,,,,,,,,,,,
hirukowashi02_3.txt,sprite/ta1_akuwarai_,Ta_Akuwarai#,,23,45%,23:Ta_Akuwarai#,18:ta_si_aw_a1,3:sprites/takano/sifuku/ta_akuwarai,1:ta_si_de_a1,1:si_si_aw_a1,1:ta_si_wa_a1,1:Ta_AkuWarai#,1:Ta_Def#,1:Ta_Ikari2#,1:Ta_Ikari#,,,,,,,,,,
hirukowashi02_3.txt,sprite/ta1_def_,Ta_Def#,,69,49%,69:Ta_Def#,55:ta_si_de_a1,4:sprites/takano/sifuku/ta_def,3:ta_si_wa_a1,3:Ta_def#,2:si_si_aw_a1,1:ta_si_aw_a1,1:si_si_wa_b1,1:no_data,1:Ta_Def+,,,,,,,,,,
hirukowashi02_3.txt,sprite/ta1_hatena_,ta_si_de_a1,,2,40%,2:ta_si_de_a1,1:Ta_Def#,1:Ta_Ikari#,1:sprites/takano/sifuku/ta_komaru2,,,,,,,,,,,,,,,,
hirukowashi02_3.txt,sprite/ta1_human_,Ta_Komaru#,,4,24%,4:Ta_Komaru#,3:Ta_Komaru2#,3:Ta_Ikari#,2:ta_si_de_a1,2:sprites/takano/sifuku/ta_tukare,1:Ta_komaru#,1:Ta_Ikari2#,1:sprites/takano/sifuku/ta_komaru2,,,,,,,,,,,,
_mats_022.txt,sprite/ta1_iradachi_,Ta_Ikari2#,,3,30%,3:Ta_Ikari2#,2:Ta_Tukare#,2:Ta_Komaru#,2:Ta_Ikari#,1:Ta_Komaru2#,,,,,,,,,,,,,,,
_mats_020.txt,sprite/ta1_kanashimi_,Ta_Tukare#,,2,50%,2:Ta_Tukare#,1:Ta_Komaru#,1:Ta_Komaru2#,,,,,,,,,,,,,,,,,
hirukowashi04.txt,sprite/ta1_sakebi_,Ta_Ikari#,,6,46%,6:Ta_Ikari#,2:Ta_Ikari2#,2:sprites/takano/sifuku/ta_ikari2,1:Ta_ikari#,1:sprites/takano/sifuku/ta_komaru,1:sprites/takano/sifuku/ta_komaru2,,,,,,,,,,,,,,
omake.txt,sprite/ta1_warai_,Ta_Warai#,,59,56%,59:Ta_Warai#,29:ta_si_wa_a1,8:sprites/takano/sifuku/ta_warai,3:Ta_warai#,2:ta_si_aw_a1,2:Ta_Def#,1:si_si_wa_b1,1:me_se_bi_a1,1:re_se_ko_a1,,,,,,,,,,,
_kakera18.txt,sprite/ta2_akuwarai_,Ta_Akuwarai+,,17,85%,17:Ta_Akuwarai+,3:Ta_AkuWarai+,,,,,,,,,,,,,,,,,,
staffroom.txt,sprite/ta2_def_,Ta_Def+,,37,88%,37:Ta_Def+,2:Ta_def+,2:sprites/takano/hakui/ta_def,1:no_data,,,,,,,,,,,,,,,,
_mina_009_2.txt,sprite/ta2_hatena_,Ta_Def+,,1,100%,1:Ta_Def+,,,,,,,,,,,,,,,,,,,
staffroom.txt,sprite/ta2_human_,sprites/takano/hakui/ta_tukare,,1,100%,1:sprites/takano/hakui/ta_tukare,,,,,,,,,,,,,,,,,,,
staffroom.txt,sprite/ta2_iradachi_,Ta_Komaru+,,1,50%,1:Ta_Komaru+,1:sprites/takano/hakui/ta_komaru,,,,,,,,,,,,,,,,,,
_mats_015.txt,sprite/ta2_kanashimi_,Ta_Tukare+,,1,100%,1:Ta_Tukare+,,,,,,,,,,,,,,,,,,,
_kakera11.txt,sprite/ta2_sakebi_,Ta_Ikari+,,1,50%,1:Ta_Ikari+,1:Ta_Ikari2+,,,,,,,,,,,,,,,,,,
staffroom.txt,sprite/ta2_warai_,Ta_Warai+,,25,86%,25:Ta_Warai+,3:sprites/takano/hakui/ta_warai,1:Ta_warai+,,,,,,,,,,,,,,,,,
_mats_022.txt,sprite/ta3_akuwarai_,Ta_Akuwarai,,8,89%,8:Ta_Akuwarai,1:Ta_AkuWarai,,,,,,,,,,,,,,,,,,
_mina_ep.txt,sprite/ta3_def_,Ta_Def,,10,100%,10:Ta_Def,,,,,,,,,,,,,,,,,,,
_mats_022.txt,sprite/ta3_human_,Ta_Def,,1,50%,1:Ta_Def,1:Ta_Komaru2,,,,,,,,,,,,,,,,,,
_mats_022.txt,sprite/ta3_iradachi_,Ta_Komaru,,1,100%,1:Ta_Komaru,,,,,,,,,,,,,,,,,,,
_mats_022.txt,sprite/ta3_sakebi_,Ta_Ikari2,,1,100%,1:Ta_Ikari2,,,,,,,,,,,,,,,,,,,
_mats_024.txt,sprite/ta5_akuwarai_,Ta_Akuwarai,,1,100%,1:Ta_Akuwarai,,,,,,,,,,,,,,,,,,,
_mats_024.txt,sprite/ta5_human_,Ta_Komaru,,3,75%,3:Ta_Komaru,1:Ta_Ikari,,,,,,,,,,,,,,,,,,
_mats_024.txt,sprite/ta5_iradachi_,Ta_Ikari2,,2,50%,2:Ta_Ikari2,1:Ta_Ikari,1:Ta_Komaru2,,,,,,,,,,,,,,,,,
_mats_024.txt,sprite/ta5_sakebi_,Ta_Ikari2,,4,57%,4:Ta_Ikari2,2:Ta_Komaru,1:Ta_Ikari,,,,,,,,,,,,,,,,,
_mina_op.txt,sprite/tetu_1_,Tetu1,,8,100%,8:Tetu1,,,,,,,,,,,,,,,,,,,
omake.txt,sprite/tetu_2_,Tetu2,,6,86%,6:Tetu2,1:sprites/sonota/tetu2,,,,,,,,,,,,,,,,,,
_kakera48.txt,sprite/tetu_3_,Tetu3,,5,100%,5:Tetu3,,,,,,,,,,,,,,,,,,,
saikoroshi02_2.txt,sprite/tie_1_,Tie1,,35,66%,35:Tie1,8:ti_si_de_a1,3:sprites/sonota/tie1,1:ir_si_wa_a1,1:oi_si_wa_a1,1:si_si_aw_a1,1:si_si_wi_a1,1:no_data,1:Tie2,1:sprites/sonota/tie3,,,,,,,,,,
saikoroshi02_2.txt,sprite/tie_2_,Tie2,,16,50%,16:Tie2,7:ti_si_ik_a1,3:ti_si_ko_a1,3:sprites/sonota/tie2,2:Tie1,1:Furiker_b,,,,,,,,,,,,,,
omake.txt,sprite/tie_3_,Tie3,,24,75%,24:Tie3,3:ti_si_ko_a1,1:ir_si_wa_a1,1:me_se_bi_a1,1:Tie1,1:Kei_Komaru,1:sprites/sonota/tie3,,,,,,,,,,,,,
wata_003.txt,sprite/tie_4_,NO_MATCH,,0,0%,,,,,,,,,,,,,,,,,,,,
omake.txt,sprite/tomi1_def_,tm_si_de_a1,,54,56%,54:tm_si_de_a1,32:Tomi_Def#,2:me_se_wi_a1,2:Tomi_def#,2:sprites/tomi/sifuku/tomitake1,1:ta_si_aw_a1,1:oi_si_wa_a1,1:si_si_wa_b1,1:sprites/satoko/sa_akirerua1,,,,,,,,,,,
hirukowashi02_2.txt,sprite/tomi1_ikari_,sprites/tomi/sifuku/tomitake4,,2,100%,2:sprites/tomi/sifuku/tomitake4,,,,,,,,,,,,,,,,,,,
hirukowashi04.txt,sprite/tomi1_komaru_,tm_si_ko_a1,,31,39%,31:tm_si_ko_a1,27:Tomi_Komaru#,8:Tomi_Odoroki#,6:sprites/tomi/sifuku/tomitake3,2:si_si_aw_a1,2:sprites/tomi/sifuku/tomitake5,1:si_si_wi_a1,1:re_se_ik_b1,1:re_se_wa_b1,,,,,,,,,,,
hirukowashi01.txt,sprite/tomi1_shinken_,Tomi_Majime#,,10,56%,10:Tomi_Majime#,4:Tomi_majime#,1:Tomi_Odoroki#,1:tomi_Majime#,1:Iri_majime#,1:sprites/tomi/sifuku/tomitake6,,,,,,,,,,,,,,
hirukowashi04.txt,sprite/tomi1_warai_,tm_si_wa_a1,,43,54%,43:tm_si_wa_a1,20:Tomi_Warai#,12:sprites/tomi/sifuku/tomitake2,2:ti_si_ko_a1,1:ta_si_aw_a1,1:ta_si_de_a1,,,,,,,,,,,,,,
_mats_005.txt,sprite/tomi2_def_,Tomi_Def,,12,100%,12:Tomi_Def,,,,,,,,,,,,,,,,,,,
_kakera19.txt,sprite/tomi2_komaru_,Tomi_Komaru,,5,100%,5:Tomi_Komaru,,,,,,,,,,,,,,,,,,,
_kakera25.txt,sprite/tomi2_shinken_,Tomi_majime,,1,100%,1:Tomi_majime,,,,,,,,,,,,,,,,,,,
_mats_005.txt,sprite/tomi2_warai_,Tomi_Warai,,8,100%,8:Tomi_Warai,,,,,,,,,,,,,,,,,,,
batsukoishi01.txt,sprite/tomi3_def_,Tomi_Def#,,3,100%,3:Tomi_Def#,,,,,,,,,,,,,,,,,,,
batsukoishi01.txt,sprite/tomi3_ikari_,Tomi_Ikari#,,2,50%,2:Tomi_Ikari#,1:Tomi_majime#,1:sprites/tomi/sifuku/tomitake2,,,,,,,,,,,,,,,,,
batsukoishi01.txt,sprite/tomi3_komaru_,Tomi_Odoroki#,,1,100%,1:Tomi_Odoroki#,,,,,,,,,,,,,,,,,,,
batsukoishi01.txt,sprite/tomi3_shinken_,Tomi_Majime#,,1,100%,1:Tomi_Majime#,,,,,,,,,,,,,,,,,,,
batsukoishi01.txt,sprite/tomi3_warai_,Tomi_Warai#,,1,100%,1:Tomi_Warai#,,,,,,,,,,,,,,,,,,,
_meak_015_1.txt,sprite/tomita1_def_,NO_MATCH,,0,0%,,,,,,,,,,,,,,,,,,,,
_mina_015_1.txt,sprite/tomita1_ikari_,NO_MATCH,,0,0%,,,,,,,,,,,,,,,,,,,,
_mina_013.txt,sprite/tomita1_kanashimi_,NO_MATCH,,0,0%,,,,,,,,,,,,,,,,,,,,
_mina_003_1.txt,sprite/tomita1_odoroki_,NO_MATCH,,0,0%,,,,,,,,,,,,,,,,,,,,
_mina_013.txt,sprite/tomita1_shinken_,NO_MATCH,,0,0%,,,,,,,,,,,,,,,,,,,,
wata_003.txt,sprite/tomita1_tere_,NO_MATCH,,0,0%,,,,,,,,,,,,,,,,,,,,
_mina_013.txt,sprite/tomita1_warai_,Kei_Warai#,,1,100%,1:Kei_Warai#,,,,,,,,,,,,,,,,,,,
_tsum_001.txt,sprite/tomita2_ikari_,NO_MATCH,,0,0%,,,,,,,,,,,,,,,,,,,,
_tsum_001.txt,sprite/tomita2_kanashimi_,NO_MATCH,,0,0%,,,,,,,,,,,,,,,,,,,,
_tsum_001.txt,sprite/tomita2_odoroki_,no_data,,1,100%,1:no_data,,,,,,,,,,,,,,,,,,,
_tsum_001.txt,sprite/tomita2_shinken_,NO_MATCH,,0,0%,,,,,,,,,,,,,,,,,,,,
_tsum_001.txt,sprite/tomita2_warai_,no_data,,1,100%,1:no_data,,,,,,,,,,,,,,,,,,,
_meak_023.txt,transparent,no_data,,1,100%,1:no_data,,,,,,,,,,,,,,,,,,,
