ps3 sprite file, ps3 image, ryukishi best match, count of best match, confidence,all matches,match,match,match,match,match,match,match,match,match,match,match,match,match,match,match,match,match,match,match,match,match,match,match,match,match,match
,Aka_Def,sprite/aka_def_,26,90%,26:sprite/aka_def_,2:sprite/aka_warai_,1:sprite/ki_warai_,,,,,,,,,,,,,,,,,,,,,,,,
,Aks_Def,sprite/aks1_def_,25,100%,25:sprite/aks1_def_,,,,,,,,,,,,,,,,,,,,,,,,,,
,Aks_IkariA1,sprite/aks1_def_,1,100%,1:sprite/aks1_def_,,,,,,,,,,,,,,,,,,,,,,,,,,
,Aks_IkariB1,sprite/aks2_shinken_,3,60%,3:sprite/aks2_shinken_,1:sprite/aks1_sakebi_,1:sprite/aks1_shinken_,,,,,,,,,,,,,,,,,,,,,,,,
,Aks_IkariB2,sprite/aks2_shinken_,1,25%,1:sprite/aks2_shinken_,1:sprite/aks2_sakebi_,1:sprite/aks1_shinken_,1:sprite/aks1_sakebi_,,,,,,,,,,,,,,,,,,,,,,,
,Aks_MajimeA1,sprite/aks1_shinken_,12,100%,12:sprite/aks1_shinken_,,,,,,,,,,,,,,,,,,,,,,,,,,
,Aks_MajimeA2,sprite/aks1_shinken_,4,57%,4:sprite/aks1_shinken_,2:sprite/aks1_def_,1:sprite/aks2_niyari_,,,,,,,,,,,,,,,,,,,,,,,,
,Aks_Warai,sprite/aks1_warai_,15,100%,15:sprite/aks1_warai_,,,,,,,,,,,,,,,,,,,,,,,,,,
,Aks_majimeA1,sprite/aks1_shinken_,8,89%,8:sprite/aks1_shinken_,1:sprite/aks1_def_,,,,,,,,,,,,,,,,,,,,,,,,,
,Aks_majimeA2,sprite/aks1_shinken_,3,75%,3:sprite/aks1_shinken_,1:sprite/aks1_def_,,,,,,,,,,,,,,,,,,,,,,,,,
,Aks_majimeB2,sprite/aks1_shinken_,1,100%,1:sprite/aks1_shinken_,,,,,,,,,,,,,,,,,,,,,,,,,,
,Furiker_b,sprite/tie_2_,1,100%,1:sprite/tie_2_,,,,,,,,,,,,,,,,,,,,,,,,,,
,Ha_AuA1,sprite/ha3a_au_,11,85%,11:sprite/ha3a_au_,1:sprite/ha2a_au_,1:sprite/ha2a_def_,,,,,,,,,,,,,,,,,,,,,,,,
,Ha_AuA1%,sprite/ha1_au_,29,100%,29:sprite/ha1_au_,,,,,,,,,,,,,,,,,,,,,,,,,,
,Ha_Aua1,sprite/ha3a_au_,1,100%,1:sprite/ha3a_au_,,,,,,,,,,,,,,,,,,,,,,,,,,
,Ha_DefA1,sprite/ha3a_def_,7,47%,7:sprite/ha3a_def_,5:sprite/ha2a_def_,1:sprite/ha2b_def_,1:sprite/ri2_warai_a1_,1:sprite/kei2_warai_,,,,,,,,,,,,,,,,,,,,,,
,Ha_DefA1%,sprite/ha1_def_,15,94%,15:sprite/ha1_def_,1:sprite/ha2a_def_,,,,,,,,,,,,,,,,,,,,,,,,,
,Ha_DefA2,sprite/ha3a_def2_,2,100%,2:sprite/ha3a_def2_,,,,,,,,,,,,,,,,,,,,,,,,,,
,Ha_DefA2%,sprite/ha1_def2_,3,75%,3:sprite/ha1_def2_,1:sprite/ha1_def_,,,,,,,,,,,,,,,,,,,,,,,,,
,Ha_NiramuA1,sprite/ha2a_def2_,18,75%,18:sprite/ha2a_def2_,3:sprite/ha2a_def_,1:sprite/ha3a_def2_,1:sprite/ha2a_sakebi_,1:sprite/ha2a_odoroki_,,,,,,,,,,,,,,,,,,,,,,
,Ha_NiramuA1%,sprite/ha1_def2_,5,83%,5:sprite/ha1_def2_,1:sprite/ha1_sakebi_,,,,,,,,,,,,,,,,,,,,,,,,,
,Ha_OdorokiA1,sprite/ha3a_odoroki_,11,79%,11:sprite/ha3a_odoroki_,2:sprite/ha2a_odoroki_,1:sprite/ha2a_warai_,,,,,,,,,,,,,,,,,,,,,,,,
,Ha_OdorokiA1%,sprite/ha1_odoroki_,4,100%,4:sprite/ha1_odoroki_,,,,,,,,,,,,,,,,,,,,,,,,,,
,Ha_OyasiroA1%,sprite/ha1_shinken_,1,100%,1:sprite/ha1_shinken_,,,,,,,,,,,,,,,,,,,,,,,,,,
,Ha_SinmyouA1,sprite/ha2a_def2_,1,100%,1:sprite/ha2a_def2_,,,,,,,,,,,,,,,,,,,,,,,,,,
,Ha_SinmyouA1%,sprite/ha1_def2_,2,100%,2:sprite/ha1_def2_,,,,,,,,,,,,,,,,,,,,,,,,,,
,Ha_WaraiA1,sprite/ha2a_warai_,11,44%,11:sprite/ha2a_warai_,10:sprite/ha3a_warai_,4:sprite/ha2b_warai_,,,,,,,,,,,,,,,,,,,,,,,,
,Ha_WaraiA1%,sprite/ha1_warai_,11,92%,11:sprite/ha1_warai_,1:sprite/ha2a_warai_,,,,,,,,,,,,,,,,,,,,,,,,,
,Ha_Waraia1,sprite/ha2a_warai_,1,100%,1:sprite/ha2a_warai_,,,,,,,,,,,,,,,,,,,,,,,,,,
,Ha_YowakiA1,sprite/ha3a_yowaki_,9,75%,9:sprite/ha3a_yowaki_,3:sprite/ha2a_yowaki_,,,,,,,,,,,,,,,,,,,,,,,,,
,Ha_YowakiA1%,sprite/ha1_yowaki_,25,100%,25:sprite/ha1_yowaki_,,,,,,,,,,,,,,,,,,,,,,,,,,
,Ha_defA1%,sprite/ha1_def_,1,100%,1:sprite/ha1_def_,,,,,,,,,,,,,,,,,,,,,,,,,,
,Ha_waraiA1,sprite/ha3a_warai_,1,100%,1:sprite/ha3a_warai_,,,,,,,,,,,,,,,,,,,,,,,,,,
,Iri_Def1+,sprite/iri2_def1_,44,98%,44:sprite/iri2_def1_,1:sprite/si1b_majime_b1_,,,,,,,,,,,,,,,,,,,,,,,,,
,Iri_Def1!,sprite/iri3_def1_,10,100%,10:sprite/iri3_def1_,,,,,,,,,,,,,,,,,,,,,,,,,,
,Iri_Def1#,sprite/iri1_def1_,19,73%,19:sprite/iri1_def1_,7:sprite/iri2_def1_,,,,,,,,,,,,,,,,,,,,,,,,,
,Iri_Def2+,sprite/iri2_def2_,27,100%,27:sprite/iri2_def2_,,,,,,,,,,,,,,,,,,,,,,,,,,
,Iri_Def2!,sprite/iri3_def2_,9,100%,9:sprite/iri3_def2_,,,,,,,,,,,,,,,,,,,,,,,,,,
,Iri_Def2#,sprite/iri1_def2_,19,73%,19:sprite/iri1_def2_,7:sprite/iri2_def2_,,,,,,,,,,,,,,,,,,,,,,,,,
,Iri_MAjime+,sprite/iri2_majime_,1,100%,1:sprite/iri2_majime_,,,,,,,,,,,,,,,,,,,,,,,,,,
,Iri_MAjime#,sprite/iri1_majime_,1,100%,1:sprite/iri1_majime_,,,,,,,,,,,,,,,,,,,,,,,,,,
,Iri_Majime+,sprite/iri2_majime_,43,98%,43:sprite/iri2_majime_,1:sprite/iri2_majime2_,,,,,,,,,,,,,,,,,,,,,,,,,
,Iri_Majime#,sprite/iri1_majime_,19,70%,19:sprite/iri1_majime_,7:sprite/iri2_majime_,1:sprite/iri2_majime2_,,,,,,,,,,,,,,,,,,,,,,,,
,Iri_Majime2+,sprite/iri2_majime2_,23,100%,23:sprite/iri2_majime2_,,,,,,,,,,,,,,,,,,,,,,,,,,
,Iri_Majime2!,sprite/iri3_majime2_,1,100%,1:sprite/iri3_majime2_,,,,,,,,,,,,,,,,,,,,,,,,,,
,Iri_Majime2#,sprite/iri1_majime2_,9,60%,9:sprite/iri1_majime2_,6:sprite/iri2_majime2_,,,,,,,,,,,,,,,,,,,,,,,,,
,Iri_Warai+,sprite/iri2_warai_,16,100%,16:sprite/iri2_warai_,,,,,,,,,,,,,,,,,,,,,,,,,,
,Iri_Warai!,sprite/iri3_warai_,4,100%,4:sprite/iri3_warai_,,,,,,,,,,,,,,,,,,,,,,,,,,
,Iri_Warai#,sprite/iri1_warai_,7,88%,7:sprite/iri1_warai_,1:sprite/iri2_warai_,,,,,,,,,,,,,,,,,,,,,,,,,
,Iri_def2+,sprite/iri2_def2_,2,100%,2:sprite/iri2_def2_,,,,,,,,,,,,,,,,,,,,,,,,,,
,Iri_def2!,sprite/iri3_def2_,2,100%,2:sprite/iri3_def2_,,,,,,,,,,,,,,,,,,,,,,,,,,
,Iri_majime+,sprite/iri2_majime_,22,100%,22:sprite/iri2_majime_,,,,,,,,,,,,,,,,,,,,,,,,,,
,Iri_majime!,sprite/iri3_majime_,3,100%,3:sprite/iri3_majime_,,,,,,,,,,,,,,,,,,,,,,,,,,
,Iri_majime#,sprite/iri1_majime_,8,53%,8:sprite/iri1_majime_,4:sprite/iri2_majime_,1:sprite/oisi1_1_,1:sprite/iri1_majime2_,1:sprite/tomi1_shinken_,,,,,,,,,,,,,,,,,,,,,,
,Iri_majime2+,sprite/iri2_majime2_,14,100%,14:sprite/iri2_majime2_,,,,,,,,,,,,,,,,,,,,,,,,,,
,Iri_majime2!,sprite/iri3_majime2_,2,100%,2:sprite/iri3_majime2_,,,,,,,,,,,,,,,,,,,,,,,,,,
,Iri_majime2#,sprite/iri1_majime2_,5,83%,5:sprite/iri1_majime2_,1:sprite/iri2_majime2_,,,,,,,,,,,,,,,,,,,,,,,,,
,Iri_warai!,sprite/iri3_warai_,3,100%,3:sprite/iri3_warai_,,,,,,,,,,,,,,,,,,,,,,,,,,
,Iri_warai#,sprite/iri1_warai_,2,100%,2:sprite/iri1_warai_,,,,,,,,,,,,,,,,,,,,,,,,,,
,Kasa1,sprite/kasa_1_,33,100%,33:sprite/kasa_1_,,,,,,,,,,,,,,,,,,,,,,,,,,
,Kasa2,sprite/kasa_2_,24,92%,24:sprite/kasa_2_,2:sprite/flashback/kasa_2_,,,,,,,,,,,,,,,,,,,,,,,,,
,Kasa3,sprite/kasa_3_,11,73%,11:sprite/kasa_3_,2:sprite/kasa_2_,1:sprite/flashback/kasa_3_,1:sprite/si1a_odoroki_a1_,,,,,,,,,,,,,,,,,,,,,,,
,Kei_Def1,sprite/kei1_def1_,47,98%,47:sprite/kei1_def1_,1:sprite/kei2_def1_,,,,,,,,,,,,,,,,,,,,,,,,,
,Kei_Def1#,sprite/kei2_def1_,41,93%,41:sprite/kei2_def1_,1:sprite/me2_def_a1_,1:sprite/kei2_komaru_,1:sprite/kei2_def2_,,,,,,,,,,,,,,,,,,,,,,,
,Kei_Def2,sprite/kei1_def2_,22,100%,22:sprite/kei1_def2_,,,,,,,,,,,,,,,,,,,,,,,,,,
,Kei_Def2#,sprite/kei2_def2_,14,100%,14:sprite/kei2_def2_,,,,,,,,,,,,,,,,,,,,,,,,,,
,Kei_Ikari1,sprite/kei1_ikari1_,10,100%,10:sprite/kei1_ikari1_,,,,,,,,,,,,,,,,,,,,,,,,,,
,Kei_Ikari1#,sprite/kei2_ikari1_,9,90%,9:sprite/kei2_ikari1_,1:sprite/kei2_ikari2_,,,,,,,,,,,,,,,,,,,,,,,,,
,Kei_Ikari2,sprite/kei1_ikari2_,7,88%,7:sprite/kei1_ikari2_,1:sprite/kei2_ikari2_,,,,,,,,,,,,,,,,,,,,,,,,,
,Kei_Ikari2#,sprite/kei2_ikari2_,2,67%,2:sprite/kei2_ikari2_,1:sprite/re2b_okoru_b1_,,,,,,,,,,,,,,,,,,,,,,,,,
,Kei_Komaru,sprite/kei1_komaru_,12,86%,12:sprite/kei1_komaru_,1:sprite/re1a_bikkuri_a1_,1:sprite/tie_3_,,,,,,,,,,,,,,,,,,,,,,,,
,Kei_Komaru#,sprite/kei2_komaru_,11,92%,11:sprite/kei2_komaru_,1:sprite/re2a_komaru_a1_,,,,,,,,,,,,,,,,,,,,,,,,,
,Kei_Majime,sprite/kei1_majime_,11,92%,11:sprite/kei1_majime_,1:sprite/kei2_majime_,,,,,,,,,,,,,,,,,,,,,,,,,
,Kei_Majime#,sprite/kei2_majime_,7,100%,7:sprite/kei2_majime_,,,,,,,,,,,,,,,,,,,,,,,,,,
,Kei_Majime2,sprite/kei1_majime2_,3,100%,3:sprite/kei1_majime2_,,,,,,,,,,,,,,,,,,,,,,,,,,
,Kei_Majime2#,sprite/kei2_majime2_,2,100%,2:sprite/kei2_majime2_,,,,,,,,,,,,,,,,,,,,,,,,,,
,Kei_Nayamu,sprite/kei1_nayamu_,10,77%,10:sprite/kei1_nayamu_,1:sprite/kei1_komaru_,1:sprite/kei1_majime_,1:sprite/kei2_nayamu_,,,,,,,,,,,,,,,,,,,,,,,
,Kei_Nayamu#,sprite/kei2_nayamu_,8,73%,8:sprite/kei2_nayamu_,1:sprite/kei2_komaru_,1:sprite/kei2_ikari2_,1:sprite/me2_majime_a1_,,,,,,,,,,,,,,,,,,,,,,,
,Kei_Warai,sprite/kei1_warai_,42,98%,42:sprite/kei1_warai_,1:sprite/kei1_def1_,,,,,,,,,,,,,,,,,,,,,,,,,
,Kei_Warai#,sprite/kei2_warai_,48,94%,48:sprite/kei2_warai_,1:sprite/tomita1_warai_,1:sprite/kei2_komaru_,1:sprite/ha2a_def_,,,,,,,,,,,,,,,,,,,,,,,
,Kei_def2,sprite/kei1_def2_,1,100%,1:sprite/kei1_def2_,,,,,,,,,,,,,,,,,,,,,,,,,,
,Kei_def2#,sprite/kei2_def2_,1,100%,1:sprite/kei2_def2_,,,,,,,,,,,,,,,,,,,,,,,,,,
,Kei_komaru,sprite/kei1_komaru_,2,100%,2:sprite/kei1_komaru_,,,,,,,,,,,,,,,,,,,,,,,,,,
,Kei_komaru#,sprite/kei2_komaru_,1,100%,1:sprite/kei2_komaru_,,,,,,,,,,,,,,,,,,,,,,,,,,
,Kei_majime#,sprite/kei2_majime_,4,100%,4:sprite/kei2_majime_,,,,,,,,,,,,,,,,,,,,,,,,,,
,Kei_majime2,sprite/kei1_majime2_,2,67%,2:sprite/kei1_majime2_,1:sprite/re1a_def_a1_,,,,,,,,,,,,,,,,,,,,,,,,,
,Kei_majime2#,sprite/kei2_majime_,1,50%,1:sprite/kei2_majime_,1:sprite/kei2_majime2_,,,,,,,,,,,,,,,,,,,,,,,,,
,Kei_nayamu,sprite/kei1_nayamu_,1,100%,1:sprite/kei1_nayamu_,,,,,,,,,,,,,,,,,,,,,,,,,,
,Kei_nayamu#,sprite/kei2_nayamu_,1,100%,1:sprite/kei2_nayamu_,,,,,,,,,,,,,,,,,,,,,,,,,,
,Kei_warai,sprite/kei1_warai_,2,100%,2:sprite/kei1_warai_,,,,,,,,,,,,,,,,,,,,,,,,,,
,Kei_warai#,sprite/kei2_warai_,2,100%,2:sprite/kei2_warai_,,,,,,,,,,,,,,,,,,,,,,,,,,
,Me_AKuwaraiB1,sprite/me1b_akuwarai_a1_,1,100%,1:sprite/me1b_akuwarai_a1_,,,,,,,,,,,,,,,,,,,,,,,,,,
,Me_AkuwaraiA1,sprite/me1a_akuwarai_a1_,21,88%,21:sprite/me1a_akuwarai_a1_,1:sprite/flashback/me2_akuwarai_a1_,1:sprite/me2_akuwarai_a1_,1:sprite/me1a_huteki_a1_,,,,,,,,,,,,,,,,,,,,,,,
,Me_AkuwaraiA1#,sprite/me2_akuwarai_a1_,23,100%,23:sprite/me2_akuwarai_a1_,,,,,,,,,,,,,,,,,,,,,,,,,,
,Me_AkuwaraiA1$,sprite/me5_akuwarai_a1_,2,100%,2:sprite/me5_akuwarai_a1_,,,,,,,,,,,,,,,,,,,,,,,,,,
,Me_AkuwaraiA1&,sprite/me3_akuwarai_a1_,4,100%,4:sprite/me3_akuwarai_a1_,,,,,,,,,,,,,,,,,,,,,,,,,,
,Me_AkuwaraiA2,sprite/me1a_akuwarai_a1_,5,83%,5:sprite/me1a_akuwarai_a1_,1:sprite/me1b_akuwarai_a1_,,,,,,,,,,,,,,,,,,,,,,,,,
,Me_AkuwaraiA2#,sprite/me2_akuwarai_a1_,9,100%,9:sprite/me2_akuwarai_a1_,,,,,,,,,,,,,,,,,,,,,,,,,,
,Me_AkuwaraiA2$,sprite/me5_akuwarai_a1_,1,100%,1:sprite/me5_akuwarai_a1_,,,,,,,,,,,,,,,,,,,,,,,,,,
,Me_AkuwaraiA2&,sprite/me3_akuwarai_a1_,1,100%,1:sprite/me3_akuwarai_a1_,,,,,,,,,,,,,,,,,,,,,,,,,,
,Me_AkuwaraiB1,sprite/me1b_akuwarai_a1_,16,84%,16:sprite/me1b_akuwarai_a1_,1:sprite/me1b_warai_a1_,1:sprite/flashback/me2_akuwarai_a1_,1:sprite/me1a_akuwarai_a1_,,,,,,,,,,,,,,,,,,,,,,,
,Me_AkuwaraiB2,sprite/me1b_akuwarai_a1_,6,75%,6:sprite/me1b_akuwarai_a1_,1:sprite/flashback/me2_akuwarai_a1_,1:sprite/me1b_sinmyou_a1_,,,,,,,,,,,,,,,,,,,,,,,,
,Me_DefA1,sprite/me1a_def_a1_,30,100%,30:sprite/me1a_def_a1_,,,,,,,,,,,,,,,,,,,,,,,,,,
,Me_DefA1#,sprite/me2_def_a1_,16,100%,16:sprite/me2_def_a1_,,,,,,,,,,,,,,,,,,,,,,,,,,
,Me_DefA1&,sprite/me3_def_a1_,1,100%,1:sprite/me3_def_a1_,,,,,,,,,,,,,,,,,,,,,,,,,,
,Me_DefA2,sprite/me1a_def_a1_,20,100%,20:sprite/me1a_def_a1_,,,,,,,,,,,,,,,,,,,,,,,,,,
,Me_DefA2#,sprite/me2_def_a1_,4,100%,4:sprite/me2_def_a1_,,,,,,,,,,,,,,,,,,,,,,,,,,
,Me_DefB1,sprite/me1b_def_a1_,12,92%,12:sprite/me1b_def_a1_,1:sprite/me1a_def_a1_,,,,,,,,,,,,,,,,,,,,,,,,,
,Me_DefB2,sprite/me1b_def_a1_,16,80%,16:sprite/me1b_def_a1_,2:sprite/me2_def_a1_,1:sprite/flashback/me2_def_a1_,1:sprite/me1a_def_a1_,,,,,,,,,,,,,,,,,,,,,,,
,Me_HauA1,sprite/me1a_hau_a1_,1,100%,1:sprite/me1a_hau_a1_,,,,,,,,,,,,,,,,,,,,,,,,,,
,Me_HauA1#,sprite/me2_hau_a1_,5,100%,5:sprite/me2_hau_a1_,,,,,,,,,,,,,,,,,,,,,,,,,,
,Me_HauB1,sprite/me1b_hau_a1_,2,100%,2:sprite/me1b_hau_a1_,,,,,,,,,,,,,,,,,,,,,,,,,,
,Me_Hi_majiA2#,sprite/me2_hig_maji_a1_,1,100%,1:sprite/me2_hig_maji_a1_,,,,,,,,,,,,,,,,,,,,,,,,,,
,Me_HutekiA1,sprite/me1a_huteki_a1_,7,100%,7:sprite/me1a_huteki_a1_,,,,,,,,,,,,,,,,,,,,,,,,,,
,Me_HutekiA1#,sprite/me2_huteki_a1_,11,100%,11:sprite/me2_huteki_a1_,,,,,,,,,,,,,,,,,,,,,,,,,,
,Me_HutekiA1$,sprite/me5_huteki_a1_,1,100%,1:sprite/me5_huteki_a1_,,,,,,,,,,,,,,,,,,,,,,,,,,
,Me_HutekiA1&,sprite/me3_huteki_a1_,1,100%,1:sprite/me3_huteki_a1_,,,,,,,,,,,,,,,,,,,,,,,,,,
,Me_IkariA1,sprite/me1a_ikari_a1_,1,100%,1:sprite/me1a_ikari_a1_,,,,,,,,,,,,,,,,,,,,,,,,,,
,Me_IkariA1#,sprite/me2_ikari_a1_,3,100%,3:sprite/me2_ikari_a1_,,,,,,,,,,,,,,,,,,,,,,,,,,
,Me_IkariA2,sprite/me1a_ikari_a1_,1,100%,1:sprite/me1a_ikari_a1_,,,,,,,,,,,,,,,,,,,,,,,,,,
,Me_IkariA2&,sprite/me3_ikari_a1_,1,100%,1:sprite/me3_ikari_a1_,,,,,,,,,,,,,,,,,,,,,,,,,,
,Me_IkariB1,sprite/me1b_majime_a1_,1,100%,1:sprite/me1b_majime_a1_,,,,,,,,,,,,,,,,,,,,,,,,,,
,Me_IkariB2,sprite/me1b_ikari_a1_,1,100%,1:sprite/me1b_ikari_a1_,,,,,,,,,,,,,,,,,,,,,,,,,,
,Me_MajimeA1,sprite/me1a_majime_a1_,12,75%,12:sprite/me1a_majime_a1_,2:sprite/me2_majime_a1_,1:sprite/me1a_def_a1_,1:sprite/re1b_def_b1_,,,,,,,,,,,,,,,,,,,,,,,
,Me_MajimeA1#,sprite/me2_majime_a1_,12,100%,12:sprite/me2_majime_a1_,,,,,,,,,,,,,,,,,,,,,,,,,,
,Me_MajimeA1&,sprite/me3_majime_a1_,1,100%,1:sprite/me3_majime_a1_,,,,,,,,,,,,,,,,,,,,,,,,,,
,Me_MajimeA2,sprite/me1a_majime_a1_,15,83%,15:sprite/me1a_majime_a1_,3:sprite/me2_majime_a1_,,,,,,,,,,,,,,,,,,,,,,,,,
,Me_MajimeA2#,sprite/me2_majime_a1_,7,88%,7:sprite/me2_majime_a1_,1:sprite/kei2_nayamu_,,,,,,,,,,,,,,,,,,,,,,,,,
,Me_MajimeA2&,sprite/me3_majime_a1_,1,100%,1:sprite/me3_majime_a1_,,,,,,,,,,,,,,,,,,,,,,,,,,
,Me_MajimeB1,sprite/me1b_majime_a1_,6,86%,6:sprite/me1b_majime_a1_,1:sprite/me1a_majime_a1_,,,,,,,,,,,,,,,,,,,,,,,,,
,Me_MajimeB2,sprite/me1b_majime_a1_,12,80%,12:sprite/me1b_majime_a1_,3:sprite/me1a_majime_a1_,,,,,,,,,,,,,,,,,,,,,,,,,
,Me_OdorokiA1,sprite/me1a_odoroki_a1_,11,79%,11:sprite/me1a_odoroki_a1_,3:sprite/me2_odoroki_a1_,,,,,,,,,,,,,,,,,,,,,,,,,
,Me_OdorokiA1#,sprite/me2_odoroki_a1_,17,85%,17:sprite/me2_odoroki_a1_,1:sprite/me2_warai_a1_,1:sprite/me2_ikari_a1_,1:sprite/me2_majime_a1_,,,,,,,,,,,,,,,,,,,,,,,
,Me_OdorokiA1&,sprite/me3_odoroki_a1_,5,100%,5:sprite/me3_odoroki_a1_,,,,,,,,,,,,,,,,,,,,,,,,,,
,Me_OdorokiA2,sprite/me1a_odoroki_a1_,3,75%,3:sprite/me1a_odoroki_a1_,1:sprite/me2_odoroki_a1_,,,,,,,,,,,,,,,,,,,,,,,,,
,Me_OdorokiA2#,sprite/me2_odoroki_a1_,10,100%,10:sprite/me2_odoroki_a1_,,,,,,,,,,,,,,,,,,,,,,,,,,
,Me_OdorokiB1,sprite/me1b_odoroki_a1_,8,89%,8:sprite/me1b_odoroki_a1_,1:sprite/me1a_odoroki_a1_,,,,,,,,,,,,,,,,,,,,,,,,,
,Me_OdorokiB2,sprite/me1b_odoroki_a1_,6,100%,6:sprite/me1b_odoroki_a1_,,,,,,,,,,,,,,,,,,,,,,,,,,
,Me_SinmyouA1,sprite/me1a_sinmyou_a1_,2,100%,2:sprite/me1a_sinmyou_a1_,,,,,,,,,,,,,,,,,,,,,,,,,,
,Me_SinmyouA1#,sprite/me2_sinmyou_a1_,5,83%,5:sprite/me2_sinmyou_a1_,1:sprite/me2_majime_a1_,,,,,,,,,,,,,,,,,,,,,,,,,
,Me_SinmyouA2,sprite/me1a_sinmyou_a1_,1,100%,1:sprite/me1a_sinmyou_a1_,,,,,,,,,,,,,,,,,,,,,,,,,,
,Me_SinmyouA2#,sprite/me2_sinmyou_a1_,1,50%,1:sprite/me2_sinmyou_a1_,1:sprite/me2_yowaki_a1_,,,,,,,,,,,,,,,,,,,,,,,,,
,Me_SinmyouB2,sprite/me1b_sinmyou_a1_,1,100%,1:sprite/me1b_sinmyou_a1_,,,,,,,,,,,,,,,,,,,,,,,,,,
,Me_TohohoA1,sprite/me1a_tohoho_a1_,28,85%,28:sprite/me1a_tohoho_a1_,4:sprite/me2_tohoho_a1_,1:sprite/me1a_yowaki_a1_,,,,,,,,,,,,,,,,,,,,,,,,
,Me_TohohoA1#,sprite/me2_tohoho_a1_,17,94%,17:sprite/me2_tohoho_a1_,1:sprite/me2_ikari_a1_,,,,,,,,,,,,,,,,,,,,,,,,,
,Me_TohohoA1$,sprite/me5_tohoho_a1_,4,100%,4:sprite/me5_tohoho_a1_,,,,,,,,,,,,,,,,,,,,,,,,,,
,Me_TohohoA1&,sprite/me3_tohoho_a1_,1,100%,1:sprite/me3_tohoho_a1_,,,,,,,,,,,,,,,,,,,,,,,,,,
,Me_TohohoA2,sprite/me1a_tohoho_a1_,2,100%,2:sprite/me1a_tohoho_a1_,,,,,,,,,,,,,,,,,,,,,,,,,,
,Me_TohohoA2#,sprite/me2_tohoho_a1_,6,100%,6:sprite/me2_tohoho_a1_,,,,,,,,,,,,,,,,,,,,,,,,,,
,Me_TohohoA2$,sprite/me5_tohoho_a1_,1,100%,1:sprite/me5_tohoho_a1_,,,,,,,,,,,,,,,,,,,,,,,,,,
,Me_TohohoA2&,sprite/me3_tohoho_a1_,2,100%,2:sprite/me3_tohoho_a1_,,,,,,,,,,,,,,,,,,,,,,,,,,
,Me_TohohoB1,sprite/me1b_tohoho_a1_,6,100%,6:sprite/me1b_tohoho_a1_,,,,,,,,,,,,,,,,,,,,,,,,,,
,Me_TohohoB2,sprite/me1b_tohoho_a1_,4,100%,4:sprite/me1b_tohoho_a1_,,,,,,,,,,,,,,,,,,,,,,,,,,
,Me_TokuiA1,sprite/me1a_tokui_a1_,31,97%,31:sprite/me1a_tokui_a1_,1:sprite/me2_tokui_a1_,,,,,,,,,,,,,,,,,,,,,,,,,
,Me_TokuiA1#,sprite/me2_tokui_a1_,8,100%,8:sprite/me2_tokui_a1_,,,,,,,,,,,,,,,,,,,,,,,,,,
,Me_TokuiA1&,sprite/me3_tokui_a1_,5,100%,5:sprite/me3_tokui_a1_,,,,,,,,,,,,,,,,,,,,,,,,,,
,Me_TokuiA2,sprite/me1a_tokui_a1_,2,100%,2:sprite/me1a_tokui_a1_,,,,,,,,,,,,,,,,,,,,,,,,,,
,Me_TokuiA2#,sprite/me2_tokui_a1_,1,100%,1:sprite/me2_tokui_a1_,,,,,,,,,,,,,,,,,,,,,,,,,,
,Me_TokuiA2&,sprite/me3_tokui_a1_,1,100%,1:sprite/me3_tokui_a1_,,,,,,,,,,,,,,,,,,,,,,,,,,
,Me_TokuiB1,sprite/me1b_tokui_a1_,7,100%,7:sprite/me1b_tokui_a1_,,,,,,,,,,,,,,,,,,,,,,,,,,
,Me_TokuiB2,sprite/me1b_tokui_a1_,6,100%,6:sprite/me1b_tokui_a1_,,,,,,,,,,,,,,,,,,,,,,,,,,
,Me_WAraiA2,sprite/me1a_warai_a1_,1,100%,1:sprite/me1a_warai_a1_,,,,,,,,,,,,,,,,,,,,,,,,,,
,Me_WAraiA2$,sprite/me5_warai_a1_,1,100%,1:sprite/me5_warai_a1_,,,,,,,,,,,,,,,,,,,,,,,,,,
,Me_WaraiA1,sprite/me1a_warai_a1_,39,93%,39:sprite/me1a_warai_a1_,1:sprite/flashback/me2_warai_a1_,1:sprite/me2_warai_a1_,1:sprite/re1a_def_a1_,,,,,,,,,,,,,,,,,,,,,,,
,Me_WaraiA1#,sprite/me2_warai_a1_,12,100%,12:sprite/me2_warai_a1_,,,,,,,,,,,,,,,,,,,,,,,,,,
,Me_WaraiA1$,sprite/me5_warai_a1_,2,100%,2:sprite/me5_warai_a1_,,,,,,,,,,,,,,,,,,,,,,,,,,
,Me_WaraiA1&,sprite/me3_warai_a1_,3,100%,3:sprite/me3_warai_a1_,,,,,,,,,,,,,,,,,,,,,,,,,,
,Me_WaraiA2,sprite/me1a_warai_a1_,1,100%,1:sprite/me1a_warai_a1_,,,,,,,,,,,,,,,,,,,,,,,,,,
,Me_WaraiA2#,sprite/me2_warai_a1_,8,100%,8:sprite/me2_warai_a1_,,,,,,,,,,,,,,,,,,,,,,,,,,
,Me_WaraiA2&,sprite/me3_warai_a1_,1,100%,1:sprite/me3_warai_a1_,,,,,,,,,,,,,,,,,,,,,,,,,,
,Me_WaraiB1,sprite/me1b_warai_a1_,11,100%,11:sprite/me1b_warai_a1_,,,,,,,,,,,,,,,,,,,,,,,,,,
,Me_WaraiB2,sprite/me1b_warai_a1_,6,100%,6:sprite/me1b_warai_a1_,,,,,,,,,,,,,,,,,,,,,,,,,,
,Me_WinkA1,sprite/me1a_wink_a1_,36,92%,36:sprite/me1a_wink_a1_,1:sprite/me1a_def_a1_,1:sprite/flashback/me2_wink_a1_,1:sprite/me2_wink_a1_,,,,,,,,,,,,,,,,,,,,,,,
,Me_WinkA1#,sprite/me2_wink_a1_,13,100%,13:sprite/me2_wink_a1_,,,,,,,,,,,,,,,,,,,,,,,,,,
,Me_WinkA1$,sprite/me5_wink_a1_,4,100%,4:sprite/me5_wink_a1_,,,,,,,,,,,,,,,,,,,,,,,,,,
,Me_WinkA1&,sprite/me3_wink_a1_,1,100%,1:sprite/me3_wink_a1_,,,,,,,,,,,,,,,,,,,,,,,,,,
,Me_WinkA2,sprite/me1a_wink_a1_,13,87%,13:sprite/me1a_wink_a1_,1:sprite/me1a_tohoho_a1_,1:sprite/me1b_wink_a1_,,,,,,,,,,,,,,,,,,,,,,,,
,Me_WinkA2#,sprite/me2_wink_a1_,20,100%,20:sprite/me2_wink_a1_,,,,,,,,,,,,,,,,,,,,,,,,,,
,Me_WinkA2$,sprite/me5_wink_a1_,3,100%,3:sprite/me5_wink_a1_,,,,,,,,,,,,,,,,,,,,,,,,,,
,Me_WinkA2&,sprite/me3_wink_a1_,3,100%,3:sprite/me3_wink_a1_,,,,,,,,,,,,,,,,,,,,,,,,,,
,Me_WinkB1,sprite/me1b_wink_a1_,9,90%,9:sprite/me1b_wink_a1_,1:sprite/me2_wink_a1_,,,,,,,,,,,,,,,,,,,,,,,,,
,Me_WinkB2,sprite/me1b_wink_a1_,23,96%,23:sprite/me1b_wink_a1_,1:sprite/flashback/me1b_wink_a1_,,,,,,,,,,,,,,,,,,,,,,,,,
,Me_YowakiA1,sprite/me1a_yowaki_a1_,12,86%,12:sprite/me1a_yowaki_a1_,1:sprite/me1b_yowaki_a1_,1:sprite/me2_yowaki_a1_,,,,,,,,,,,,,,,,,,,,,,,,
,Me_YowakiA1#,sprite/me2_yowaki_a1_,5,100%,5:sprite/me2_yowaki_a1_,,,,,,,,,,,,,,,,,,,,,,,,,,
,Me_YowakiA2,sprite/me1a_yowaki_a1_,1,100%,1:sprite/me1a_yowaki_a1_,,,,,,,,,,,,,,,,,,,,,,,,,,
,Me_YowakiB1,sprite/me1b_yowaki_a1_,2,67%,2:sprite/me1b_yowaki_a1_,1:sprite/me1a_yowaki_a1_,,,,,,,,,,,,,,,,,,,,,,,,,
,Me_YowakiB2,sprite/me1b_yowaki_a1_,2,67%,2:sprite/me1b_yowaki_a1_,1:sprite/me1a_yowaki_a1_,,,,,,,,,,,,,,,,,,,,,,,,,
,Me_Yowakib2,sprite/flashback/me1b_yowaki_a1_,1,100%,1:sprite/flashback/me1b_yowaki_a1_,,,,,,,,,,,,,,,,,,,,,,,,,,
,Me_akuwaraiA1,sprite/me1a_akuwarai_a1_,4,100%,4:sprite/me1a_akuwarai_a1_,,,,,,,,,,,,,,,,,,,,,,,,,,
,Me_akuwaraiA1#,sprite/me2_akuwarai_a1_,1,100%,1:sprite/me2_akuwarai_a1_,,,,,,,,,,,,,,,,,,,,,,,,,,
,Me_akuwaraiB2,sprite/me1b_akuwarai_a1_,1,100%,1:sprite/me1b_akuwarai_a1_,,,,,,,,,,,,,,,,,,,,,,,,,,
,Me_defA1,sprite/flashback/me2_yowaki_a1_,1,50%,1:sprite/flashback/me2_yowaki_a1_,1:sprite/me1a_def_a1_,,,,,,,,,,,,,,,,,,,,,,,,,
,Me_defB2,sprite/me1b_def_a1_,1,100%,1:sprite/me1b_def_a1_,,,,,,,,,,,,,,,,,,,,,,,,,,
,Me_majimeA1,sprite/me1a_majime_a1_,5,100%,5:sprite/me1a_majime_a1_,,,,,,,,,,,,,,,,,,,,,,,,,,
,Me_majimeA1#,sprite/me2_majime_a1_,1,100%,1:sprite/me2_majime_a1_,,,,,,,,,,,,,,,,,,,,,,,,,,
,Me_majimeA2,sprite/me1a_majime_a1_,3,100%,3:sprite/me1a_majime_a1_,,,,,,,,,,,,,,,,,,,,,,,,,,
,Me_majimeA2#,sprite/me2_majime_a1_,4,100%,4:sprite/me2_majime_a1_,,,,,,,,,,,,,,,,,,,,,,,,,,
,Me_majimeB1,sprite/me1b_majime_a1_,1,100%,1:sprite/me1b_majime_a1_,,,,,,,,,,,,,,,,,,,,,,,,,,
,Me_majimeB2,sprite/me1b_majime_a1_,2,67%,2:sprite/me1b_majime_a1_,1:sprite/me1a_majime_a1_,,,,,,,,,,,,,,,,,,,,,,,,,
,Me_odorokiA1#,sprite/me2_odoroki_a1_,1,100%,1:sprite/me2_odoroki_a1_,,,,,,,,,,,,,,,,,,,,,,,,,,
,Me_odorokiB1,sprite/flashback/me1b_odoroki_a1_,1,100%,1:sprite/flashback/me1b_odoroki_a1_,,,,,,,,,,,,,,,,,,,,,,,,,,
,Me_tohohoA1,sprite/me1a_tohoho_a1_,3,100%,3:sprite/me1a_tohoho_a1_,,,,,,,,,,,,,,,,,,,,,,,,,,
,Me_tohohoA1#,sprite/me2_tohoho_a1_,1,100%,1:sprite/me2_tohoho_a1_,,,,,,,,,,,,,,,,,,,,,,,,,,
,Me_tohohoA2#,sprite/me2_tohoho_a1_,1,100%,1:sprite/me2_tohoho_a1_,,,,,,,,,,,,,,,,,,,,,,,,,,
,Me_tohohoB1,sprite/me1b_tohoho_a1_,2,100%,2:sprite/me1b_tohoho_a1_,,,,,,,,,,,,,,,,,,,,,,,,,,
,Me_tohohoB2,sprite/me1b_tohoho_a1_,2,100%,2:sprite/me1b_tohoho_a1_,,,,,,,,,,,,,,,,,,,,,,,,,,
,Me_tokuiA1,sprite/me1a_tokui_a1_,1,100%,1:sprite/me1a_tokui_a1_,,,,,,,,,,,,,,,,,,,,,,,,,,
,Me_tokuiA2,sprite/me1a_tokui_a1_,1,100%,1:sprite/me1a_tokui_a1_,,,,,,,,,,,,,,,,,,,,,,,,,,
,Me_waraiA1,sprite/me1a_warai_a1_,3,100%,3:sprite/me1a_warai_a1_,,,,,,,,,,,,,,,,,,,,,,,,,,
,Me_waraiA1#,sprite/me2_warai_a1_,1,100%,1:sprite/me2_warai_a1_,,,,,,,,,,,,,,,,,,,,,,,,,,
,Me_waraiB1,sprite/me1b_warai_a1_,1,100%,1:sprite/me1b_warai_a1_,,,,,,,,,,,,,,,,,,,,,,,,,,
,Me_waraiB2,sprite/me1b_warai_a1_,1,100%,1:sprite/me1b_warai_a1_,,,,,,,,,,,,,,,,,,,,,,,,,,
,Me_winkA1,sprite/me1a_wink_a1_,1,100%,1:sprite/me1a_wink_a1_,,,,,,,,,,,,,,,,,,,,,,,,,,
,Me_winkA2,sprite/flashback/me2_wink_a1_,1,100%,1:sprite/flashback/me2_wink_a1_,,,,,,,,,,,,,,,,,,,,,,,,,,
,Me_winkA2#,sprite/me2_wink_a1_,1,100%,1:sprite/me2_wink_a1_,,,,,,,,,,,,,,,,,,,,,,,,,,
,Me_winkB1,sprite/me1b_wink_a1_,1,100%,1:sprite/me1b_wink_a1_,,,,,,,,,,,,,,,,,,,,,,,,,,
,Me_winkB2,sprite/flashback/me2_wink_a1_,1,100%,1:sprite/flashback/me2_wink_a1_,,,,,,,,,,,,,,,,,,,,,,,,,,
,Me_yowakiB1,sprite/me1b_yowaki_a1_,1,100%,1:sprite/me1b_yowaki_a1_,,,,,,,,,,,,,,,,,,,,,,,,,,
,Oisi1,sprite/oisi1_1_,126,99%,126:sprite/oisi1_1_,1:sprite/oisi1_5_,,,,,,,,,,,,,,,,,,,,,,,,,
,Oisi2,sprite/oisi1_2_,138,99%,138:sprite/oisi1_2_,1:sprite/oisi1_3_,1:sprite/oisi1_1_,,,,,,,,,,,,,,,,,,,,,,,,
,Oisi3,sprite/oisi1_3_,15,60%,15:sprite/oisi1_3_,10:sprite/oisi1_5_,,,,,,,,,,,,,,,,,,,,,,,,,
,Oisi4,sprite/oisi1_4_,112,96%,112:sprite/oisi1_4_,2:sprite/oisi1_5_,2:sprite/oisi1_1_,1:sprite/oisi1_2_,,,,,,,,,,,,,,,,,,,,,,,
,Oisi5,sprite/oisi1_5_,20,77%,20:sprite/oisi1_5_,4:sprite/oisi1_1_,2:sprite/oisi1_4_,,,,,,,,,,,,,,,,,,,,,,,,
,Oko_AkuWarai#,sprite/oko_def_,1,100%,1:sprite/oko_def_,,,,,,,,,,,,,,,,,,,,,,,,,,
,Oko_Akuwarai#,sprite/oko_niyari_,5,31%,5:sprite/oko_niyari_,4:sprite/oko_def_,3:sprite/oko_odoroki_,3:sprite/oko_sakebi_,1:sprite/oko_kumon_,,,,,,,,,,,,,,,,,,,,,,
,Oko_Def,sprite/oko_def_,1,100%,1:sprite/oko_def_,,,,,,,,,,,,,,,,,,,,,,,,,,
,Oko_Def#,sprite/oko_def_,14,67%,14:sprite/oko_def_,6:sprite/oko_odoroki_,1:sprite/oko_sakebi_,,,,,,,,,,,,,,,,,,,,,,,,
,Oko_Def2#,sprite/oko_def_,3,60%,3:sprite/oko_def_,1:sprite/oko_odoroki_,1:sprite/oko_kumon_,,,,,,,,,,,,,,,,,,,,,,,,
,Oko_Ikari#,sprite/oko_sakebi_,8,89%,8:sprite/oko_sakebi_,1:sprite/me2_majime_a1_,,,,,,,,,,,,,,,,,,,,,,,,,
,Oko_Warai#,sprite/oko_def_,7,58%,7:sprite/oko_def_,4:sprite/oko_niyari_,1:sprite/oko_kumon_,,,,,,,,,,,,,,,,,,,,,,,,
,RE_DefB1,sprite/re1b_def_b1_,1,100%,1:sprite/re1b_def_b1_,,,,,,,,,,,,,,,,,,,,,,,,,,
,Re_BikkuriA1,sprite/re1a_bikkuri_a1_,10,77%,10:sprite/re1a_bikkuri_a1_,2:sprite/re2a_bikkuri_a1_,1:sprite/kei1_komaru_,,,,,,,,,,,,,,,,,,,,,,,,
,Re_BikkuriA1#,sprite/re2a_bikkuri_a1_,8,80%,8:sprite/re2a_bikkuri_a1_,1:sprite/re2b_bikkuri_b1_,1:sprite/re2a_nande_a1_,,,,,,,,,,,,,,,,,,,,,,,,
,Re_BikkuriB1,sprite/re1b_bikkuri_b1_,15,65%,15:sprite/re1b_bikkuri_b1_,4:sprite/re2b_bikkuri_b1_,1:sprite/re1a_bikkuri_a1_,1:sprite/re1a_komaru_a2_,1:sprite/flashback/re2b_bikkuri_b1_,1:sprite/re1b_komaru_b2_,,,,,,,,,,,,,,,,,,,,,
,Re_BikkuriB1#,sprite/re2b_bikkuri_b1_,12,80%,12:sprite/re2b_bikkuri_b1_,1:sprite/re2a_hau_a1_,1:sprite/re2a_nande_a1_,1:sprite/re2b_komaru_b2_,,,,,,,,,,,,,,,,,,,,,,,
,Re_BikkuriB1&,sprite/re3b_bikkuri_b1_,1,100%,1:sprite/re3b_bikkuri_b1_,,,,,,,,,,,,,,,,,,,,,,,,,,
,Re_DefA1,sprite/re1a_def_a1_,57,80%,57:sprite/re1a_def_a1_,9:sprite/re2a_def_a1_,2:sprite/flashback/re2a_def_a1_,1:sprite/kei1_majime_,1:sprite/re1a_komaru_a1_,1:sprite/re1b_nande_b1_,,,,,,,,,,,,,,,,,,,,,
,Re_DefA1#,sprite/re2a_def_a1_,43,96%,43:sprite/re2a_def_a1_,1:sprite/re2a_komaru_a2_,1:sprite/renasen1_warai_,,,,,,,,,,,,,,,,,,,,,,,,
,Re_DefA1&,sprite/re3a_def_a1_,7,100%,7:sprite/re3a_def_a1_,,,,,,,,,,,,,,,,,,,,,,,,,,
,Re_DefB1,sprite/re1b_def_b1_,36,78%,36:sprite/re1b_def_b1_,4:sprite/re2b_def_b1_,2:sprite/re1a_nande_a1_,1:sprite/re1a_def_a1_,1:sprite/re1a_okoru_a1_,1:sprite/flashback/re2b_def_b1_,1:sprite/me1b_def_a1_,,,,,,,,,,,,,,,,,,,,
,Re_DefB1#,sprite/re2b_def_b1_,37,80%,37:sprite/re2b_def_b1_,3:sprite/re2a_def_a1_,1:sprite/re2a_komaru_a2_,1:sprite/re2a_nande_a1_,1:sprite/renasen2_muhyokaku_,1:sprite/renasen2_warai_,1:sprite/renasen1_warai_,1:sprite/re2b_okoru_b1_,,,,,,,,,,,,,,,,,,,
,Re_DefB1&,sprite/re3b_def_b1_,9,100%,9:sprite/re3b_def_b1_,,,,,,,,,,,,,,,,,,,,,,,,,,
,Re_Defa1#,sprite/re2a_def_a1_,1,100%,1:sprite/re2a_def_a1_,,,,,,,,,,,,,,,,,,,,,,,,,,
,Re_Defb1#,sprite/re2b_def_b1_,1,100%,1:sprite/re2b_def_b1_,,,,,,,,,,,,,,,,,,,,,,,,,,
,Re_HauA1,sprite/re1a_hau_a1_,16,94%,16:sprite/re1a_hau_a1_,1:sprite/flashback/re2a_hau_a1_,,,,,,,,,,,,,,,,,,,,,,,,,
,Re_HauA1#,sprite/re2a_hau_a1_,20,100%,20:sprite/re2a_hau_a1_,,,,,,,,,,,,,,,,,,,,,,,,,,
,Re_HauA1&,sprite/re3a_hau_a1_,2,100%,2:sprite/re3a_hau_a1_,,,,,,,,,,,,,,,,,,,,,,,,,,
,Re_HauB1,sprite/re1b_hau_b1_,4,100%,4:sprite/re1b_hau_b1_,,,,,,,,,,,,,,,,,,,,,,,,,,
,Re_HauB1#,sprite/re2b_hau_b1_,7,88%,7:sprite/re2b_hau_b1_,1:sprite/re2a_warai_a1_,,,,,,,,,,,,,,,,,,,,,,,,,
,Re_Hi_DefA1,sprite/re2a_hig_def_a1_,1,100%,1:sprite/re2a_hig_def_a1_,,,,,,,,,,,,,,,,,,,,,,,,,,
,Re_Hi_DefA1#,sprite/re2a_hig_def_a1_,8,53%,8:sprite/re2a_hig_def_a1_,5:sprite/renasen2_muhyokaku_,1:sprite/renasen1_tuukaku_,1:sprite/re2a_hig_muhyou_a1_,,,,,,,,,,,,,,,,,,,,,,,
,Re_Hi_DefB1#,sprite/re2a_hig_def_a1_,2,29%,2:sprite/re2a_hig_def_a1_,1:sprite/renasen2_muhyokaku_,1:sprite/renasen1_muhyokaku_,1:sprite/re2b_hig_def_b1_,1:sprite/renasen1_warai_,1:sprite/renasen2_tuukaku_,,,,,,,,,,,,,,,,,,,,,
,Re_Hi_MuhyouA1#,sprite/re2a_hig_muhyou_a1_,2,100%,2:sprite/re2a_hig_muhyou_a1_,,,,,,,,,,,,,,,,,,,,,,,,,,
,Re_Hi_MuhyouB1#,sprite/re2a_hig_muhyou_a1_,1,100%,1:sprite/re2a_hig_muhyou_a1_,,,,,,,,,,,,,,,,,,,,,,,,,,
,Re_Hi_OkoruA1,sprite/re1a_hig_okoru_a1_,1,100%,1:sprite/re1a_hig_okoru_a1_,,,,,,,,,,,,,,,,,,,,,,,,,,
,Re_Hi_OkoruA1#,sprite/re2a_hig_okoru_a1_,5,71%,5:sprite/re2a_hig_okoru_a1_,1:sprite/renasen2_ikakaku_,1:sprite/re2a_komaru_a2_,,,,,,,,,,,,,,,,,,,,,,,,
,Re_Hi_OkoruB1#,sprite/re2a_hig_okoru_a1_,4,44%,4:sprite/re2a_hig_okoru_a1_,3:sprite/renasen2_ikakaku_,2:sprite/re2b_hig_okoru_b1_,,,,,,,,,,,,,,,,,,,,,,,,
,Re_Hi_muhyouA1#,sprite/re2a_hig_muhyou_a1_,8,89%,8:sprite/re2a_hig_muhyou_a1_,1:sprite/renasen2_muhyokaku_,,,,,,,,,,,,,,,,,,,,,,,,,
,Re_Hi_muhyouB1#,sprite/re2b_hig_muhyou_b1_,5,45%,5:sprite/re2b_hig_muhyou_b1_,4:sprite/re2a_hig_muhyou_a1_,1:sprite/renasen1_muhyokaku_,1:sprite/renasen2_muhyokaku_,,,,,,,,,,,,,,,,,,,,,,,
,Re_KaiiA1,sprite/re1a_kaii_a1_,2,100%,2:sprite/re1a_kaii_a1_,,,,,,,,,,,,,,,,,,,,,,,,,,
,Re_KaiiA1#,sprite/re2a_kaii_a1_,6,100%,6:sprite/re2a_kaii_a1_,,,,,,,,,,,,,,,,,,,,,,,,,,
,Re_KaiiB1,sprite/re1b_kaii_b1_,4,80%,4:sprite/re1b_kaii_b1_,1:sprite/flashback/re1b_kaii_b1_,,,,,,,,,,,,,,,,,,,,,,,,,
,Re_KaiiB1#,sprite/re2b_kaii_b1_,11,100%,11:sprite/re2b_kaii_b1_,,,,,,,,,,,,,,,,,,,,,,,,,,
,Re_KaiiB1&,sprite/re3b_kaii_b1_,2,100%,2:sprite/re3b_kaii_b1_,,,,,,,,,,,,,,,,,,,,,,,,,,
,Re_KomaruA1,sprite/re1a_komaru_a1_,34,89%,34:sprite/re1a_komaru_a1_,2:sprite/re2a_komaru_a1_,1:sprite/re1a_def_a1_,1:sprite/re1a_komaru_a2_,,,,,,,,,,,,,,,,,,,,,,,
,Re_KomaruA1#,sprite/re2a_komaru_a1_,21,84%,21:sprite/re2a_komaru_a1_,3:sprite/re2a_komaru_a2_,1:sprite/kei2_komaru_,,,,,,,,,,,,,,,,,,,,,,,,
,Re_KomaruA2,sprite/re1a_komaru_a2_,1,100%,1:sprite/re1a_komaru_a2_,,,,,,,,,,,,,,,,,,,,,,,,,,
,Re_KomaruB1,sprite/re1b_komaru_b1_,8,53%,8:sprite/re1b_komaru_b1_,3:sprite/re1b_komaru_b2_,2:sprite/re2b_komaru_b1_,1:sprite/re1a_komaru_a1_,1:sprite/re1a_komaru_a2_,,,,,,,,,,,,,,,,,,,,,,
,Re_KomaruB1#,sprite/re2b_komaru_b1_,6,60%,6:sprite/re2b_komaru_b1_,2:sprite/re2b_komaru_b2_,1:sprite/re2a_nande_a1_,1:sprite/re2a_komaru_a1_,,,,,,,,,,,,,,,,,,,,,,,
,Re_KomaruB1&,sprite/re3b_komaru_b1_,1,100%,1:sprite/re3b_komaru_b1_,,,,,,,,,,,,,,,,,,,,,,,,,,
,Re_NandeA1,sprite/re1a_nande_a1_,19,90%,19:sprite/re1a_nande_a1_,1:sprite/flashback/re2a_nande_a1_,1:sprite/re2a_nande_a1_,,,,,,,,,,,,,,,,,,,,,,,,
,Re_NandeA1#,sprite/re2a_nande_a1_,14,93%,14:sprite/re2a_nande_a1_,1:sprite/re2b_nande_b1_,,,,,,,,,,,,,,,,,,,,,,,,,
,Re_NandeB1,sprite/re1b_nande_b1_,5,100%,5:sprite/re1b_nande_b1_,,,,,,,,,,,,,,,,,,,,,,,,,,
,Re_NandeB1#,sprite/re2b_nande_b1_,7,100%,7:sprite/re2b_nande_b1_,,,,,,,,,,,,,,,,,,,,,,,,,,
,Re_NandeB1&,sprite/re3b_nande_b1_,1,100%,1:sprite/re3b_nande_b1_,,,,,,,,,,,,,,,,,,,,,,,,,,
,Re_OkoruA1,sprite/re1a_okoru_a1_,19,86%,19:sprite/re1a_okoru_a1_,2:sprite/re2b_okoru_b1_,1:sprite/kei1_ikari1_,,,,,,,,,,,,,,,,,,,,,,,,
,Re_OkoruA1#,sprite/re2b_okoru_b1_,9,64%,9:sprite/re2b_okoru_b1_,5:sprite/re2a_okoru_a1_,,,,,,,,,,,,,,,,,,,,,,,,,
,Re_OkoruA1&,sprite/re3a_okoru_a1_,2,100%,2:sprite/re3a_okoru_a1_,,,,,,,,,,,,,,,,,,,,,,,,,,
,Re_OkoruB1,sprite/re1b_okoru_b1_,15,88%,15:sprite/re1b_okoru_b1_,1:sprite/re2b_okoru_b1_,1:sprite/me1a_def_a1_,,,,,,,,,,,,,,,,,,,,,,,,
,Re_OkoruB1#,sprite/re2b_okoru_b1_,15,83%,15:sprite/re2b_okoru_b1_,2:sprite/re2a_okoru_a1_,1:sprite/kei2_ikari2_,,,,,,,,,,,,,,,,,,,,,,,,
,Re_OkoruB1&,sprite/re3b_okoru_b1_,2,100%,2:sprite/re3b_okoru_b1_,,,,,,,,,,,,,,,,,,,,,,,,,,
,Re_WaraiA1,sprite/re1a_warai_a1_,42,91%,42:sprite/re1a_warai_a1_,1:sprite/re1a_def_a1_,1:sprite/flashback/re2a_warai_a1_,1:sprite/me1a_warai_a1_,1:sprite/re2a_warai_a1_,,,,,,,,,,,,,,,,,,,,,,
,Re_WaraiA1#,sprite/re2a_warai_a1_,52,98%,52:sprite/re2a_warai_a1_,1:sprite/re2a_hig_muhyou_a1_,,,,,,,,,,,,,,,,,,,,,,,,,
,Re_WaraiA1&,sprite/re3a_warai_a1_,5,100%,5:sprite/re3a_warai_a1_,,,,,,,,,,,,,,,,,,,,,,,,,,
,Re_WaraiB1,sprite/re1b_warai_b1_,20,80%,20:sprite/re1b_warai_b1_,3:sprite/re2b_warai_b1_,1:sprite/re1a_warai_a1_,1:sprite/re1b_def_b1_,,,,,,,,,,,,,,,,,,,,,,,
,Re_WaraiB1#,sprite/re2b_warai_b1_,32,86%,32:sprite/re2b_warai_b1_,2:sprite/re2a_warai_a1_,2:sprite/renasen2_warai_,1:sprite/re2a_hig_def_a1_,,,,,,,,,,,,,,,,,,,,,,,
,Re_WaraiB1&,sprite/re3b_warai_b1_,2,67%,2:sprite/re3b_warai_b1_,1:sprite/re3b_okoru_b1_,,,,,,,,,,,,,,,,,,,,,,,,,
,Re_Waraib1#,sprite/re2b_warai_b1_,1,100%,1:sprite/re2b_warai_b1_,,,,,,,,,,,,,,,,,,,,,,,,,,
,Re_bikkuriA1#,sprite/re2a_bikkuri_a1_,1,100%,1:sprite/re2a_bikkuri_a1_,,,,,,,,,,,,,,,,,,,,,,,,,,
,Re_defA1,sprite/re2a_def_a1_,1,50%,1:sprite/re2a_def_a1_,1:sprite/re1a_def_a1_,,,,,,,,,,,,,,,,,,,,,,,,,
,Re_hauA1#,sprite/re2a_hau_a1_,1,100%,1:sprite/re2a_hau_a1_,,,,,,,,,,,,,,,,,,,,,,,,,,
,Re_hauB1,sprite/re1b_hau_b1_,1,100%,1:sprite/re1b_hau_b1_,,,,,,,,,,,,,,,,,,,,,,,,,,
,Re_okoruA1#,sprite/re2a_okoru_a1_,1,100%,1:sprite/re2a_okoru_a1_,,,,,,,,,,,,,,,,,,,,,,,,,,
,Re_waraiA1,sprite/re1a_warai_a1_,3,100%,3:sprite/re1a_warai_a1_,,,,,,,,,,,,,,,,,,,,,,,,,,
,Re_waraiA1#,sprite/renasen2_warai_,2,100%,2:sprite/renasen2_warai_,,,,,,,,,,,,,,,,,,,,,,,,,,
,Re_waraiB1,sprite/re1b_warai_b1_,2,100%,2:sprite/re1b_warai_b1_,,,,,,,,,,,,,,,,,,,,,,,,,,
,Re_waraiB1#,sprite/re2b_warai_b1_,1,100%,1:sprite/re2b_warai_b1_,,,,,,,,,,,,,,,,,,,,,,,,,,
,Ri_DefA1,sprite/ri1_def_a1_,53,96%,53:sprite/ri1_def_a1_,2:sprite/ri2_def_a1_,,,,,,,,,,,,,,,,,,,,,,,,,
,Ri_DefA1#,sprite/ri2_def_a1_,27,96%,27:sprite/ri2_def_a1_,1:sprite/ri5_def_a1_,,,,,,,,,,,,,,,,,,,,,,,,,
,Ri_DefA1$,sprite/ri6_def_a1_,3,100%,3:sprite/ri6_def_a1_,,,,,,,,,,,,,,,,,,,,,,,,,,
,Ri_DefA1&,sprite/ri3_def_a1_,1,100%,1:sprite/ri3_def_a1_,,,,,,,,,,,,,,,,,,,,,,,,,,
,Ri_FumanA1,sprite/ri1_fuman_a1_,24,92%,24:sprite/ri1_fuman_a1_,2:sprite/ri2_fuman_a1_,,,,,,,,,,,,,,,,,,,,,,,,,
,Ri_FumanA1#,sprite/ri2_fuman_a1_,5,100%,5:sprite/ri2_fuman_a1_,,,,,,,,,,,,,,,,,,,,,,,,,,
,Ri_KomaruA1,sprite/ri1_komaru_a1_,25,60%,25:sprite/ri1_komaru_a1_,10:sprite/ri1_komaru_a2_,5:sprite/ri1_fuman_a1_,1:sprite/ri1_warai_a1_,1:sprite/ri1_def_a1_,,,,,,,,,,,,,,,,,,,,,,
,Ri_KomaruA1#,sprite/ri2_komaru_a1_,21,78%,21:sprite/ri2_komaru_a1_,6:sprite/ri2_komaru_a2_,,,,,,,,,,,,,,,,,,,,,,,,,
,Ri_KomaruA1$,sprite/ri6_komaru_a1_,2,100%,2:sprite/ri6_komaru_a1_,,,,,,,,,,,,,,,,,,,,,,,,,,
,Ri_KomaruA1&,sprite/ri3_komaru_a1_,2,100%,2:sprite/ri3_komaru_a1_,,,,,,,,,,,,,,,,,,,,,,,,,,
,Ri_KomaruA2,sprite/ri1_komaru_a2_,6,100%,6:sprite/ri1_komaru_a2_,,,,,,,,,,,,,,,,,,,,,,,,,,
,Ri_KomaruA2#,sprite/ri2_komaru_a2_,3,100%,3:sprite/ri2_komaru_a2_,,,,,,,,,,,,,,,,,,,,,,,,,,
,Ri_Komarua1#,sprite/ri2_komaru_a1_,1,100%,1:sprite/ri2_komaru_a1_,,,,,,,,,,,,,,,,,,,,,,,,,,
,Ri_MajimeA1,sprite/ri1_majime_a1_,12,86%,12:sprite/ri1_majime_a1_,2:sprite/ri2_majime_a1_,,,,,,,,,,,,,,,,,,,,,,,,,
,Ri_MajimeA1#,sprite/ri2_majime_a1_,17,100%,17:sprite/ri2_majime_a1_,,,,,,,,,,,,,,,,,,,,,,,,,,
,Ri_NikoA1,sprite/ri1_niko_a1_,22,96%,22:sprite/ri1_niko_a1_,1:sprite/ri2_niko_a1_,,,,,,,,,,,,,,,,,,,,,,,,,
,Ri_NikoA1#,sprite/ri2_niko_a1_,19,95%,19:sprite/ri2_niko_a1_,1:sprite/ha2b_def2_,,,,,,,,,,,,,,,,,,,,,,,,,
,Ri_NikoA1$,sprite/ri6_niko_a1_,1,100%,1:sprite/ri6_niko_a1_,,,,,,,,,,,,,,,,,,,,,,,,,,
,Ri_NikoA1%,sprite/ri5_niko_a1_,1,100%,1:sprite/ri5_niko_a1_,,,,,,,,,,,,,,,,,,,,,,,,,,
,Ri_NikoA1&,sprite/ri3_niko_a1_,2,100%,2:sprite/ri3_niko_a1_,,,,,,,,,,,,,,,,,,,,,,,,,,
,Ri_NiyariA1,sprite/ri1_niyari_a1_,10,100%,10:sprite/ri1_niyari_a1_,,,,,,,,,,,,,,,,,,,,,,,,,,
,Ri_NiyariA1#,sprite/ri2_niyari_a1_,7,100%,7:sprite/ri2_niyari_a1_,,,,,,,,,,,,,,,,,,,,,,,,,,
,Ri_WAraiA1,sprite/ri1_warai_a1_,2,100%,2:sprite/ri1_warai_a1_,,,,,,,,,,,,,,,,,,,,,,,,,,
,Ri_WaraiA1,sprite/ri1_warai_a1_,47,94%,47:sprite/ri1_warai_a1_,2:sprite/ri2_warai_a1_,1:sprite/ri1_fuman_a1_,,,,,,,,,,,,,,,,,,,,,,,,
,Ri_WaraiA1#,sprite/ri2_warai_a1_,36,92%,36:sprite/ri2_warai_a1_,1:sprite/ri2_def_a1_,1:sprite/rim_warai_,1:sprite/ha2a_def_,,,,,,,,,,,,,,,,,,,,,,,
,Ri_WaraiA1$,sprite/ri6_warai_a1_,4,100%,4:sprite/ri6_warai_a1_,,,,,,,,,,,,,,,,,,,,,,,,,,
,Ri_WaraiA1%,sprite/ri5_warai_a1_,4,100%,4:sprite/ri5_warai_a1_,,,,,,,,,,,,,,,,,,,,,,,,,,
,Ri_WaraiA1&,sprite/ri3_warai_a1_,4,100%,4:sprite/ri3_warai_a1_,,,,,,,,,,,,,,,,,,,,,,,,,,
,Ri_Waraia1#,sprite/ri2_warai_a1_,1,100%,1:sprite/ri2_warai_a1_,,,,,,,,,,,,,,,,,,,,,,,,,,
,Ri_defA1,sprite/ri1_def_a1_,2,100%,2:sprite/ri1_def_a1_,,,,,,,,,,,,,,,,,,,,,,,,,,
,Ri_fumanA1,sprite/ri1_fuman_a1_,3,100%,3:sprite/ri1_fuman_a1_,,,,,,,,,,,,,,,,,,,,,,,,,,
,Ri_komaruA1,sprite/ri1_komaru_a1_,1,100%,1:sprite/ri1_komaru_a1_,,,,,,,,,,,,,,,,,,,,,,,,,,
,Ri_komaruA1%,sprite/ri5_komaru_a1_,1,100%,1:sprite/ri5_komaru_a1_,,,,,,,,,,,,,,,,,,,,,,,,,,
,Ri_majimeA1,sprite/ri1_majime_a1_,4,100%,4:sprite/ri1_majime_a1_,,,,,,,,,,,,,,,,,,,,,,,,,,
,Ri_majimeA1#,sprite/ri2_majime_a1_,4,100%,4:sprite/ri2_majime_a1_,,,,,,,,,,,,,,,,,,,,,,,,,,
,Ri_waraiA1,sprite/ri1_warai_a1_,2,100%,2:sprite/ri1_warai_a1_,,,,,,,,,,,,,,,,,,,,,,,,,,
,Ri_waraiA1#,sprite/ri2_warai_a1_,1,100%,1:sprite/ri2_warai_a1_,,,,,,,,,,,,,,,,,,,,,,,,,,
,Ri_waraiA1$,sprite/ri6_warai_a1_,1,100%,1:sprite/ri6_warai_a1_,,,,,,,,,,,,,,,,,,,,,,,,,,
,Rina_Def,sprite/rina_def_,12,80%,12:sprite/rina_def_,2:sprite/rina_warai_,1:sprite/rina_ikari_,,,,,,,,,,,,,,,,,,,,,,,,
,Rina_Ikari,sprite/rina_ikari_,1,100%,1:sprite/rina_ikari_,,,,,,,,,,,,,,,,,,,,,,,,,,
,Rina_Warai,sprite/rina_warai_,11,85%,11:sprite/rina_warai_,2:sprite/rina_def_,,,,,,,,,,,,,,,,,,,,,,,,,
,Rina_warai,sprite/rina_warai_,2,67%,2:sprite/rina_warai_,1:sprite/rina_def_,,,,,,,,,,,,,,,,,,,,,,,,,
,SI_YowakiA1#,sprite/si1a_yowaki_a1_,1,100%,1:sprite/si1a_yowaki_a1_,,,,,,,,,,,,,,,,,,,,,,,,,,
,Sa_AKuwaraiB1#,sprite/sa2b_akuwarai_b1_,1,100%,1:sprite/sa2b_akuwarai_b1_,,,,,,,,,,,,,,,,,,,,,,,,,,
,Sa_AkireruA1,sprite/sa1a_akireru_a1_,25,96%,25:sprite/sa1a_akireru_a1_,1:sprite/flashback/sa1a_akireru_a1_,,,,,,,,,,,,,,,,,,,,,,,,,
,Sa_AkireruA1#,sprite/sa2a_akireru_a1_,29,100%,29:sprite/sa2a_akireru_a1_,,,,,,,,,,,,,,,,,,,,,,,,,,
,Sa_AkireruA1&,sprite/sa3_akireru_a1_,7,100%,7:sprite/sa3_akireru_a1_,,,,,,,,,,,,,,,,,,,,,,,,,,
,Sa_AkireruA1-,sprite/sa6_akireru_a1_,3,100%,3:sprite/sa6_akireru_a1_,,,,,,,,,,,,,,,,,,,,,,,,,,
,Sa_AkireruB1,sprite/sa1b_akireru_b1_,8,89%,8:sprite/sa1b_akireru_b1_,1:sprite/sa1a_akireru_a1_,,,,,,,,,,,,,,,,,,,,,,,,,
,Sa_AkireruB1#,sprite/sa2b_akireru_b1_,10,100%,10:sprite/sa2b_akireru_b1_,,,,,,,,,,,,,,,,,,,,,,,,,,
,Sa_AkuwaraiA1,sprite/sa1a_akuwarai_a1_,12,100%,12:sprite/sa1a_akuwarai_a1_,,,,,,,,,,,,,,,,,,,,,,,,,,
,Sa_AkuwaraiA1#,sprite/sa2a_akuwarai_a1_,11,100%,11:sprite/sa2a_akuwarai_a1_,,,,,,,,,,,,,,,,,,,,,,,,,,
,Sa_AkuwaraiA1&,sprite/sa3_akuwarai_a1_,8,100%,8:sprite/sa3_akuwarai_a1_,,,,,,,,,,,,,,,,,,,,,,,,,,
,Sa_AkuwaraiA1-,sprite/sa6_akuwarai_a1_,2,100%,2:sprite/sa6_akuwarai_a1_,,,,,,,,,,,,,,,,,,,,,,,,,,
,Sa_AkuwaraiB1,sprite/sa1b_akuwarai_b1_,10,83%,10:sprite/sa1b_akuwarai_b1_,1:sprite/sa1b_def_b1_,1:sprite/sa1a_akireru_a1_,,,,,,,,,,,,,,,,,,,,,,,,
,Sa_AkuwaraiB1#,sprite/sa2b_akuwarai_b1_,8,100%,8:sprite/sa2b_akuwarai_b1_,,,,,,,,,,,,,,,,,,,,,,,,,,
,Sa_Akuwaraib1#,sprite/sa2b_akuwarai_b1_,1,100%,1:sprite/sa2b_akuwarai_b1_,,,,,,,,,,,,,,,,,,,,,,,,,,
,Sa_DefA1,sprite/sa1a_def_a1_,10,100%,10:sprite/sa1a_def_a1_,,,,,,,,,,,,,,,,,,,,,,,,,,
,Sa_DefA1#,sprite/sa2a_def_a1_,13,100%,13:sprite/sa2a_def_a1_,,,,,,,,,,,,,,,,,,,,,,,,,,
,Sa_DefA1&,sprite/sa3_def_a1_,1,100%,1:sprite/sa3_def_a1_,,,,,,,,,,,,,,,,,,,,,,,,,,
,Sa_DefB1,sprite/sa1b_def_b1_,3,100%,3:sprite/sa1b_def_b1_,,,,,,,,,,,,,,,,,,,,,,,,,,
,Sa_DefB1#,sprite/sa2b_def_b1_,2,100%,2:sprite/sa2b_def_b1_,,,,,,,,,,,,,,,,,,,,,,,,,,
,Sa_HannbesoA1,sprite/sa1a_hannbeso_a1_,5,71%,5:sprite/sa1a_hannbeso_a1_,2:sprite/sa2a_hannbeso_a1_,,,,,,,,,,,,,,,,,,,,,,,,,
,Sa_HannbesoA1#,sprite/sa2a_hannbeso_a1_,3,100%,3:sprite/sa2a_hannbeso_a1_,,,,,,,,,,,,,,,,,,,,,,,,,,
,Sa_HannbesoA1&,sprite/sa3_hannbeso_a1_,1,100%,1:sprite/sa3_hannbeso_a1_,,,,,,,,,,,,,,,,,,,,,,,,,,
,Sa_HannbesoA3,sprite/sa1a_hannbeso_a3_,1,100%,1:sprite/sa1a_hannbeso_a3_,,,,,,,,,,,,,,,,,,,,,,,,,,
,Sa_HannbesoA3#,sprite/sa2a_hannbeso_a3_,2,100%,2:sprite/sa2a_hannbeso_a3_,,,,,,,,,,,,,,,,,,,,,,,,,,
,Sa_HannbesoB1,sprite/sa1b_hannbeso_b1_,6,100%,6:sprite/sa1b_hannbeso_b1_,,,,,,,,,,,,,,,,,,,,,,,,,,
,Sa_HannbesoB1#,sprite/sa2b_hannbeso_b1_,3,60%,3:sprite/sa2b_hannbeso_b1_,1:sprite/kei2_komaru_,1:sprite/sa2a_hannbeso_a1_,,,,,,,,,,,,,,,,,,,,,,,,
,Sa_HannbesoB3,sprite/sa1b_hannbeso_b3_,1,100%,1:sprite/sa1b_hannbeso_b3_,,,,,,,,,,,,,,,,,,,,,,,,,,
,Sa_HauA1,sprite/sa1a_hau_a1_,1,100%,1:sprite/sa1a_hau_a1_,,,,,,,,,,,,,,,,,,,,,,,,,,
,Sa_HauA1#,sprite/sa2a_hau_a1_,4,100%,4:sprite/sa2a_hau_a1_,,,,,,,,,,,,,,,,,,,,,,,,,,
,Sa_HauA2,sprite/sa1a_hau_a2_,1,100%,1:sprite/sa1a_hau_a2_,,,,,,,,,,,,,,,,,,,,,,,,,,
,Sa_HauA2#,sprite/sa2a_hau_a2_,1,100%,1:sprite/sa2a_hau_a2_,,,,,,,,,,,,,,,,,,,,,,,,,,
,Sa_HauB1,sprite/sa1b_hau_b1_,1,100%,1:sprite/sa1b_hau_b1_,,,,,,,,,,,,,,,,,,,,,,,,,,
,Sa_HauB1#,sprite/sa2b_hau_b1_,1,100%,1:sprite/sa2b_hau_b1_,,,,,,,,,,,,,,,,,,,,,,,,,,
,Sa_MuhyouA1,sprite/sa1a_muhyou_a1_,9,100%,9:sprite/sa1a_muhyou_a1_,,,,,,,,,,,,,,,,,,,,,,,,,,
,Sa_MuhyouA1#,sprite/sa2a_muhyou_a1_,5,100%,5:sprite/sa2a_muhyou_a1_,,,,,,,,,,,,,,,,,,,,,,,,,,
,Sa_MuhyouA2,sprite/sa1a_muhyou_a2_,4,80%,4:sprite/sa1a_muhyou_a2_,1:sprite/sa2a_muhyou_a2_,,,,,,,,,,,,,,,,,,,,,,,,,
,Sa_MuhyouB1,sprite/sa1b_muhyou_b1_,4,80%,4:sprite/sa1b_muhyou_b1_,1:sprite/sa2b_muhyou_b1_,,,,,,,,,,,,,,,,,,,,,,,,,
,Sa_MuhyouB1#,sprite/sa2b_muhyou_b1_,2,100%,2:sprite/sa2b_muhyou_b1_,,,,,,,,,,,,,,,,,,,,,,,,,,
,Sa_MuhyouB2,sprite/sa1b_muhyou_b2_,4,100%,4:sprite/sa1b_muhyou_b2_,,,,,,,,,,,,,,,,,,,,,,,,,,
,Sa_NakuA1,sprite/sa1a_naku_a1_,2,67%,2:sprite/sa1a_naku_a1_,1:sprite/sa1b_naku_b1_,,,,,,,,,,,,,,,,,,,,,,,,,
,Sa_NakuB1,sprite/sa1b_naku_b1_,3,75%,3:sprite/sa1b_naku_b1_,1:sprite/sa2b_naku_b1_,,,,,,,,,,,,,,,,,,,,,,,,,
,Sa_OdorokiA1,sprite/sa1a_odoroki_a1_,17,94%,17:sprite/sa1a_odoroki_a1_,1:sprite/sa1a_yareyare_a1_,,,,,,,,,,,,,,,,,,,,,,,,,
,Sa_OdorokiA1#,sprite/sa2a_odoroki_a1_,17,94%,17:sprite/sa2a_odoroki_a1_,1:sprite/sa2b_def_b1_,,,,,,,,,,,,,,,,,,,,,,,,,
,Sa_OdorokiA1&,sprite/sa3_odoroki_a1_,4,100%,4:sprite/sa3_odoroki_a1_,,,,,,,,,,,,,,,,,,,,,,,,,,
,Sa_OdorokiA1-,sprite/sa6_odoroki_a1_,1,100%,1:sprite/sa6_odoroki_a1_,,,,,,,,,,,,,,,,,,,,,,,,,,
,Sa_OdorokiB1,sprite/sa1b_odoroki_b1_,19,100%,19:sprite/sa1b_odoroki_b1_,,,,,,,,,,,,,,,,,,,,,,,,,,
,Sa_OdorokiB1#,sprite/sa2b_odoroki_b1_,18,86%,18:sprite/sa2b_odoroki_b1_,1:sprite/sa2b_yareyare_b1_,1:sprite/sa2a_odoroki_a1_,1:sprite/sa2b_def_b1_,,,,,,,,,,,,,,,,,,,,,,,
,Sa_SakebuA1,sprite/sa1a_sakebu_a1_,2,100%,2:sprite/sa1a_sakebu_a1_,,,,,,,,,,,,,,,,,,,,,,,,,,
,Sa_SakebuB1,sprite/sa1b_sakebu_b1_,6,100%,6:sprite/sa1b_sakebu_b1_,,,,,,,,,,,,,,,,,,,,,,,,,,
,Sa_WaraiA1,sprite/sa1a_warai_a1_,16,100%,16:sprite/sa1a_warai_a1_,,,,,,,,,,,,,,,,,,,,,,,,,,
,Sa_WaraiA1#,sprite/sa2a_warai_a1_,24,100%,24:sprite/sa2a_warai_a1_,,,,,,,,,,,,,,,,,,,,,,,,,,
,Sa_WaraiA1&,sprite/sa3_warai_a1_,5,100%,5:sprite/sa3_warai_a1_,,,,,,,,,,,,,,,,,,,,,,,,,,
,Sa_WaraiA1-,sprite/sa6_warai_a1_,1,100%,1:sprite/sa6_warai_a1_,,,,,,,,,,,,,,,,,,,,,,,,,,
,Sa_WaraiB1,sprite/sa1b_warai_b1_,17,100%,17:sprite/sa1b_warai_b1_,,,,,,,,,,,,,,,,,,,,,,,,,,
,Sa_WaraiB1#,sprite/sa2b_warai_b1_,23,100%,23:sprite/sa2b_warai_b1_,,,,,,,,,,,,,,,,,,,,,,,,,,
,Sa_YAreyareA1,sprite/sa1a_yareyare_a1_,3,100%,3:sprite/sa1a_yareyare_a1_,,,,,,,,,,,,,,,,,,,,,,,,,,
,Sa_YareyareA1,sprite/sa1a_yareyare_a1_,12,86%,12:sprite/sa1a_yareyare_a1_,2:sprite/sa1a_akireru_a1_,,,,,,,,,,,,,,,,,,,,,,,,,
,Sa_YareyareA1#,sprite/sa2a_yareyare_a1_,5,100%,5:sprite/sa2a_yareyare_a1_,,,,,,,,,,,,,,,,,,,,,,,,,,
,Sa_YareyareA1-,sprite/sa6_yareyare_a1_,1,100%,1:sprite/sa6_yareyare_a1_,,,,,,,,,,,,,,,,,,,,,,,,,,
,Sa_YareyareA2,sprite/sa1a_yareyare_a2_,2,100%,2:sprite/sa1a_yareyare_a2_,,,,,,,,,,,,,,,,,,,,,,,,,,
,Sa_YareyareB1,sprite/sa1b_yareyare_b1_,3,75%,3:sprite/sa1b_yareyare_b1_,1:sprite/sa1a_hau_a1_,,,,,,,,,,,,,,,,,,,,,,,,,
,Sa_YareyareB1#,sprite/sa2b_yareyare_b1_,5,100%,5:sprite/sa2b_yareyare_b1_,,,,,,,,,,,,,,,,,,,,,,,,,,
,Sa_YareyareB2,sprite/sa1a_def_a1_,1,100%,1:sprite/sa1a_def_a1_,,,,,,,,,,,,,,,,,,,,,,,,,,
,Sa_akireruB1,sprite/sa1b_akireru_b1_,1,100%,1:sprite/sa1b_akireru_b1_,,,,,,,,,,,,,,,,,,,,,,,,,,
,Sa_defA1,sprite/sa1a_def_a1_,1,100%,1:sprite/sa1a_def_a1_,,,,,,,,,,,,,,,,,,,,,,,,,,
,Sa_defA1#,sprite/sa2a_def_a1_,1,100%,1:sprite/sa2a_def_a1_,,,,,,,,,,,,,,,,,,,,,,,,,,
,Sa_hannbesoA3,sprite/sa1a_hannbeso_a3_,1,100%,1:sprite/sa1a_hannbeso_a3_,,,,,,,,,,,,,,,,,,,,,,,,,,
,Sa_muhyouA1,sprite/sa1a_muhyou_a1_,2,100%,2:sprite/sa1a_muhyou_a1_,,,,,,,,,,,,,,,,,,,,,,,,,,
,Sa_muhyouA2,sprite/sa1a_muhyou_a2_,1,100%,1:sprite/sa1a_muhyou_a2_,,,,,,,,,,,,,,,,,,,,,,,,,,
,Sa_muhyouB1,sprite/sa1b_muhyou_b1_,1,100%,1:sprite/sa1b_muhyou_b1_,,,,,,,,,,,,,,,,,,,,,,,,,,
,Sa_nakuB1,sprite/ri1_majime_a1_,1,100%,1:sprite/ri1_majime_a1_,,,,,,,,,,,,,,,,,,,,,,,,,,
,Sa_odorokiA1&,sprite/sa3_odoroki_a1_,2,100%,2:sprite/sa3_odoroki_a1_,,,,,,,,,,,,,,,,,,,,,,,,,,
,Sa_odorokiB1#,sprite/sa2b_odoroki_b1_,3,100%,3:sprite/sa2b_odoroki_b1_,,,,,,,,,,,,,,,,,,,,,,,,,,
,Sa_sakebuA1,sprite/sa1a_sakebu_a1_,1,100%,1:sprite/sa1a_sakebu_a1_,,,,,,,,,,,,,,,,,,,,,,,,,,
,Sa_waraiA1,sprite/sa1a_warai_a1_,1,100%,1:sprite/sa1a_warai_a1_,,,,,,,,,,,,,,,,,,,,,,,,,,
,Sa_waraiB1,sprite/sa1b_warai_b1_,1,100%,1:sprite/sa1b_warai_b1_,,,,,,,,,,,,,,,,,,,,,,,,,,
,Sa_yareyareB1#,sprite/sa2b_yareyare_b1_,1,100%,1:sprite/sa2b_yareyare_b1_,,,,,,,,,,,,,,,,,,,,,,,,,,
,Sato_Def1,sprite/sato1_def1_,20,100%,20:sprite/sato1_def1_,,,,,,,,,,,,,,,,,,,,,,,,,,
,Sato_Def1!,sprite/sato2_def1_,3,100%,3:sprite/sato2_def1_,,,,,,,,,,,,,,,,,,,,,,,,,,
,Sato_Def2,sprite/sato1_def2_,17,89%,17:sprite/sato1_def2_,1:sprite/sato1_def1_,1:sprite/sato1_komaru_,,,,,,,,,,,,,,,,,,,,,,,,
,Sato_Def2!,sprite/sato2_komaru2_,1,33%,1:sprite/sato2_komaru2_,1:sprite/sato2_komaru_,1:sprite/sato2_def2_,,,,,,,,,,,,,,,,,,,,,,,,
,Sato_Ikari,sprite/sato1_ikari_,3,100%,3:sprite/sato1_ikari_,,,,,,,,,,,,,,,,,,,,,,,,,,
,Sato_Komaru,sprite/sato1_komaru_,14,93%,14:sprite/sato1_komaru_,1:sprite/sato1_komaru2_,,,,,,,,,,,,,,,,,,,,,,,,,
,Sato_Komaru2,sprite/sato1_komaru2_,12,100%,12:sprite/sato1_komaru2_,,,,,,,,,,,,,,,,,,,,,,,,,,
,Sato_Komaru2!,sprite/sato2_komaru2_,2,100%,2:sprite/sato2_komaru2_,,,,,,,,,,,,,,,,,,,,,,,,,,
,Sato_Tukare,sprite/sato1_tukare_,3,60%,3:sprite/sato1_tukare_,2:sprite/sato1_komaru_,,,,,,,,,,,,,,,,,,,,,,,,,
,Sato_Warai,sprite/sato1_warai_,13,93%,13:sprite/sato1_warai_,1:sprite/sato1_def2_,,,,,,,,,,,,,,,,,,,,,,,,,
,Sato_Warai!,sprite/sato2_warai_,2,50%,2:sprite/sato2_warai_,1:sprite/sato2_def2_,1:sprite/sato2_tukare_,,,,,,,,,,,,,,,,,,,,,,,,
,Sato_def2,sprite/sato1_def2_,1,100%,1:sprite/sato1_def2_,,,,,,,,,,,,,,,,,,,,,,,,,,
,Sato_ikari,sprite/sato1_ikari_,2,100%,2:sprite/sato1_ikari_,,,,,,,,,,,,,,,,,,,,,,,,,,
,Sato_komaru,sprite/sato1_komaru_,3,60%,3:sprite/sato1_komaru_,1:sprite/sato1_def1_,1:sprite/sa1b_sakebu_b1_,,,,,,,,,,,,,,,,,,,,,,,,
,Sato_komaru2,sprite/sato1_komaru2_,1,100%,1:sprite/sato1_komaru2_,,,,,,,,,,,,,,,,,,,,,,,,,,
,Sato_tukare,sprite/sato1_komaru_,1,100%,1:sprite/sato1_komaru_,,,,,,,,,,,,,,,,,,,,,,,,,,
,Sato_warai,sprite/sato1_warai_,2,100%,2:sprite/sato1_warai_,,,,,,,,,,,,,,,,,,,,,,,,,,
,Si_AkuwaraiA1,sprite/si3_akuwarai_a1_,14,78%,14:sprite/si3_akuwarai_a1_,3:sprite/si1a_akuwarai_a1_,1:sprite/me1b_huteki_a1_,,,,,,,,,,,,,,,,,,,,,,,,
,Si_AkuwaraiA1#,sprite/si1a_akuwarai_a1_,6,100%,6:sprite/si1a_akuwarai_a1_,,,,,,,,,,,,,,,,,,,,,,,,,,
,Si_AkuwaraiA1$,sprite/si2_akuwarai_a1_,2,100%,2:sprite/si2_akuwarai_a1_,,,,,,,,,,,,,,,,,,,,,,,,,,
,Si_AkuwaraiB1#,sprite/si1a_akuwarai_a1_,2,50%,2:sprite/si1a_akuwarai_a1_,2:sprite/si1b_akuwarai_b1_,,,,,,,,,,,,,,,,,,,,,,,,,
,Si_DefA1,sprite/si3_def_a1_,11,85%,11:sprite/si3_def_a1_,1:sprite/si3_huteki_a1_,1:sprite/si1a_def_a1_,,,,,,,,,,,,,,,,,,,,,,,,
,Si_DefA1#,sprite/si1a_def_a1_,11,100%,11:sprite/si1a_def_a1_,,,,,,,,,,,,,,,,,,,,,,,,,,
,Si_DefA1$,sprite/si2_def_a1_,1,100%,1:sprite/si2_def_a1_,,,,,,,,,,,,,,,,,,,,,,,,,,
,Si_DefB1#,sprite/si1a_def_a1_,2,67%,2:sprite/si1a_def_a1_,1:sprite/si1b_def_b1_,,,,,,,,,,,,,,,,,,,,,,,,,
,Si_HauA1#,sprite/si1a_hau_a1_,1,100%,1:sprite/si1a_hau_a1_,,,,,,,,,,,,,,,,,,,,,,,,,,
,Si_HutekiA1,sprite/si3_huteki_a1_,2,100%,2:sprite/si3_huteki_a1_,,,,,,,,,,,,,,,,,,,,,,,,,,
,Si_IkariA1,sprite/si3_ikari_a1_,18,90%,18:sprite/si3_ikari_a1_,2:sprite/si1a_ikari_a1_,,,,,,,,,,,,,,,,,,,,,,,,,
,Si_IkariA1#,sprite/si1a_ikari_a1_,3,100%,3:sprite/si1a_ikari_a1_,,,,,,,,,,,,,,,,,,,,,,,,,,
,Si_MajimeA1,sprite/si3_majime_a1_,29,97%,29:sprite/si3_majime_a1_,1:sprite/si1a_majime_a1_,,,,,,,,,,,,,,,,,,,,,,,,,
,Si_MajimeA1#,sprite/si1a_majime_a1_,9,100%,9:sprite/si1a_majime_a1_,,,,,,,,,,,,,,,,,,,,,,,,,,
,Si_MajimeB1#,sprite/si1b_majime_b1_,5,83%,5:sprite/si1b_majime_b1_,1:sprite/iri2_def1_,,,,,,,,,,,,,,,,,,,,,,,,,
,Si_OdorokiA1,sprite/si3_odoroki_a1_,8,80%,8:sprite/si3_odoroki_a1_,2:sprite/si1a_odoroki_a1_,,,,,,,,,,,,,,,,,,,,,,,,,
,Si_OdorokiA1#,sprite/si1a_odoroki_a1_,5,83%,5:sprite/si1a_odoroki_a1_,1:sprite/kasa_3_,,,,,,,,,,,,,,,,,,,,,,,,,
,Si_OdorokiB1#,sprite/si1a_odoroki_a1_,1,100%,1:sprite/si1a_odoroki_a1_,,,,,,,,,,,,,,,,,,,,,,,,,,
,Si_TohohoA1,sprite/si3_tohoho_a1_,12,92%,12:sprite/si3_tohoho_a1_,1:sprite/si3_huteki_a1_,,,,,,,,,,,,,,,,,,,,,,,,,
,Si_TohohoA1#,sprite/si1a_tohoho_a1_,3,75%,3:sprite/si1a_tohoho_a1_,1:sprite/si1b_tohoho_b1_,,,,,,,,,,,,,,,,,,,,,,,,,
,Si_TohohoB1#,sprite/si1b_tohoho_b1_,3,60%,3:sprite/si1b_tohoho_b1_,2:sprite/si1a_tohoho_a1_,,,,,,,,,,,,,,,,,,,,,,,,,
,Si_TokuiA1,sprite/si3_tokui_a1_,1,33%,1:sprite/si3_tokui_a1_,1:sprite/si3_huteki_a1_,1:sprite/si1a_tokui_a1_,,,,,,,,,,,,,,,,,,,,,,,,
,Si_TokuiA1#,sprite/si1a_tokui_a1_,3,100%,3:sprite/si1a_tokui_a1_,,,,,,,,,,,,,,,,,,,,,,,,,,
,Si_TokuiB1#,sprite/si1a_tokui_a1_,1,100%,1:sprite/si1a_tokui_a1_,,,,,,,,,,,,,,,,,,,,,,,,,,
,Si_WaraiA1,sprite/si3_warai_a1_,20,95%,20:sprite/si3_warai_a1_,1:sprite/si1a_warai_a1_,,,,,,,,,,,,,,,,,,,,,,,,,
,Si_WaraiA1#,sprite/si1a_warai_a1_,12,100%,12:sprite/si1a_warai_a1_,,,,,,,,,,,,,,,,,,,,,,,,,,
,Si_WaraiA1$,sprite/si2_warai_a1_,2,100%,2:sprite/si2_warai_a1_,,,,,,,,,,,,,,,,,,,,,,,,,,
,Si_WaraiB1#,sprite/si1a_warai_a1_,3,75%,3:sprite/si1a_warai_a1_,1:sprite/si1b_warai_b1_,,,,,,,,,,,,,,,,,,,,,,,,,
,Si_WinkA1,sprite/si3_wink_a1_,20,87%,20:sprite/si3_wink_a1_,2:sprite/si1a_wink_a1_,1:sprite/si1b_wink_b1_,,,,,,,,,,,,,,,,,,,,,,,,
,Si_WinkA1#,sprite/si1a_wink_a1_,11,100%,11:sprite/si1a_wink_a1_,,,,,,,,,,,,,,,,,,,,,,,,,,
,Si_WinkA1$,sprite/si2_wink_a1_,4,100%,4:sprite/si2_wink_a1_,,,,,,,,,,,,,,,,,,,,,,,,,,
,Si_WinkB1#,sprite/si1a_wink_a1_,4,57%,4:sprite/si1a_wink_a1_,3:sprite/si1b_wink_b1_,,,,,,,,,,,,,,,,,,,,,,,,,
,Si_YowakiA1,sprite/si3_yowaki_a1_,4,80%,4:sprite/si3_yowaki_a1_,1:sprite/si1a_yowaki_a1_,,,,,,,,,,,,,,,,,,,,,,,,,
,Si_YowakiA1#,sprite/si1a_yowaki_a1_,5,100%,5:sprite/si1a_yowaki_a1_,,,,,,,,,,,,,,,,,,,,,,,,,,
,Si_akuwaraiA1,sprite/si3_akuwarai_a1_,2,100%,2:sprite/si3_akuwarai_a1_,,,,,,,,,,,,,,,,,,,,,,,,,,
,Si_akuwaraiA1#,sprite/si1a_akuwarai_a1_,2,100%,2:sprite/si1a_akuwarai_a1_,,,,,,,,,,,,,,,,,,,,,,,,,,
,Si_defA1#,sprite/si1a_def_a1_,1,100%,1:sprite/si1a_def_a1_,,,,,,,,,,,,,,,,,,,,,,,,,,
,Si_majimeA1,sprite/si3_majime_a1_,2,100%,2:sprite/si3_majime_a1_,,,,,,,,,,,,,,,,,,,,,,,,,,
,Si_majimeA1#,sprite/si1a_majime_a1_,5,100%,5:sprite/si1a_majime_a1_,,,,,,,,,,,,,,,,,,,,,,,,,,
,Si_winkA1,sprite/si3_wink_a1_,1,100%,1:sprite/si3_wink_a1_,,,,,,,,,,,,,,,,,,,,,,,,,,
,Si_winkA1#,sprite/si1a_wink_a1_,1,100%,1:sprite/si1a_wink_a1_,,,,,,,,,,,,,,,,,,,,,,,,,,
,Ta_AkuWarai,sprite/ta3_akuwarai_,1,100%,1:sprite/ta3_akuwarai_,,,,,,,,,,,,,,,,,,,,,,,,,,
,Ta_AkuWarai+,sprite/ta2_akuwarai_,3,100%,3:sprite/ta2_akuwarai_,,,,,,,,,,,,,,,,,,,,,,,,,,
,Ta_AkuWarai#,sprite/ta1_akuwarai_,1,100%,1:sprite/ta1_akuwarai_,,,,,,,,,,,,,,,,,,,,,,,,,,
,Ta_Akuwarai+,sprite/ta2_akuwarai_,17,100%,17:sprite/ta2_akuwarai_,,,,,,,,,,,,,,,,,,,,,,,,,,
,Ta_Akuwarai,sprite/ta3_akuwarai_,8,89%,8:sprite/ta3_akuwarai_,1:sprite/ta5_akuwarai_,,,,,,,,,,,,,,,,,,,,,,,,,
,Ta_Akuwarai#,sprite/ta1_akuwarai_,23,100%,23:sprite/ta1_akuwarai_,,,,,,,,,,,,,,,,,,,,,,,,,,
,Ta_Def+,sprite/ta2_def_,37,95%,37:sprite/ta2_def_,1:sprite/ta2_hatena_,1:sprite/ta1_def_,,,,,,,,,,,,,,,,,,,,,,,,
,Ta_Def,sprite/ta3_def_,10,91%,10:sprite/ta3_def_,1:sprite/ta3_human_,,,,,,,,,,,,,,,,,,,,,,,,,
,Ta_Def#,sprite/ta1_def_,69,93%,69:sprite/ta1_def_,2:sprite/ta1_warai_,1:sprite/ta1_hatena_,1:sprite/ta1_akuwarai_,1:sprite/oko_def_,,,,,,,,,,,,,,,,,,,,,,
,Ta_Ikari+,sprite/ta2_sakebi_,1,100%,1:sprite/ta2_sakebi_,,,,,,,,,,,,,,,,,,,,,,,,,,
,Ta_Ikari,sprite/ta5_sakebi_,1,33%,1:sprite/ta5_sakebi_,1:sprite/ta5_iradachi_,1:sprite/ta5_human_,,,,,,,,,,,,,,,,,,,,,,,,
,Ta_Ikari#,sprite/ta1_sakebi_,6,46%,6:sprite/ta1_sakebi_,3:sprite/ta1_human_,2:sprite/ta1_iradachi_,1:sprite/ta1_hatena_,1:sprite/ta1_akuwarai_,,,,,,,,,,,,,,,,,,,,,,
,Ta_Ikari2+,sprite/ta2_sakebi_,1,100%,1:sprite/ta2_sakebi_,,,,,,,,,,,,,,,,,,,,,,,,,,
,Ta_Ikari2,sprite/ta5_sakebi_,4,57%,4:sprite/ta5_sakebi_,2:sprite/ta5_iradachi_,1:sprite/ta3_sakebi_,,,,,,,,,,,,,,,,,,,,,,,,
,Ta_Ikari2#,sprite/ta1_iradachi_,3,43%,3:sprite/ta1_iradachi_,2:sprite/ta1_sakebi_,1:sprite/ta1_akuwarai_,1:sprite/ta1_human_,,,,,,,,,,,,,,,,,,,,,,,
,Ta_Komaru+,sprite/ta2_iradachi_,1,100%,1:sprite/ta2_iradachi_,,,,,,,,,,,,,,,,,,,,,,,,,,
,Ta_Komaru,sprite/ta5_human_,3,50%,3:sprite/ta5_human_,2:sprite/ta5_sakebi_,1:sprite/ta3_iradachi_,,,,,,,,,,,,,,,,,,,,,,,,
,Ta_Komaru#,sprite/ta1_human_,4,57%,4:sprite/ta1_human_,2:sprite/ta1_iradachi_,1:sprite/ta1_kanashimi_,,,,,,,,,,,,,,,,,,,,,,,,
,Ta_Komaru2,sprite/ta3_human_,1,50%,1:sprite/ta3_human_,1:sprite/ta5_iradachi_,,,,,,,,,,,,,,,,,,,,,,,,,
,Ta_Komaru2#,sprite/ta1_human_,3,60%,3:sprite/ta1_human_,1:sprite/ta1_iradachi_,1:sprite/ta1_kanashimi_,,,,,,,,,,,,,,,,,,,,,,,,
,Ta_Tukare+,sprite/ta2_kanashimi_,1,100%,1:sprite/ta2_kanashimi_,,,,,,,,,,,,,,,,,,,,,,,,,,
,Ta_Tukare#,sprite/ta1_iradachi_,2,50%,2:sprite/ta1_iradachi_,2:sprite/ta1_kanashimi_,,,,,,,,,,,,,,,,,,,,,,,,,
,Ta_Warai+,sprite/ta2_warai_,25,100%,25:sprite/ta2_warai_,,,,,,,,,,,,,,,,,,,,,,,,,,
,Ta_Warai#,sprite/ta1_warai_,59,100%,59:sprite/ta1_warai_,,,,,,,,,,,,,,,,,,,,,,,,,,
,Ta_def+,sprite/ta2_def_,2,100%,2:sprite/ta2_def_,,,,,,,,,,,,,,,,,,,,,,,,,,
,Ta_def#,sprite/ta1_def_,3,100%,3:sprite/ta1_def_,,,,,,,,,,,,,,,,,,,,,,,,,,
,Ta_ikari#,sprite/ta1_sakebi_,1,100%,1:sprite/ta1_sakebi_,,,,,,,,,,,,,,,,,,,,,,,,,,
,Ta_komaru#,sprite/ta1_human_,1,100%,1:sprite/ta1_human_,,,,,,,,,,,,,,,,,,,,,,,,,,
,Ta_warai+,sprite/ta2_warai_,1,100%,1:sprite/ta2_warai_,,,,,,,,,,,,,,,,,,,,,,,,,,
,Ta_warai#,sprite/ta1_warai_,3,100%,3:sprite/ta1_warai_,,,,,,,,,,,,,,,,,,,,,,,,,,
,Tetu1,sprite/tetu_1_,8,100%,8:sprite/tetu_1_,,,,,,,,,,,,,,,,,,,,,,,,,,
,Tetu2,sprite/tetu_2_,6,100%,6:sprite/tetu_2_,,,,,,,,,,,,,,,,,,,,,,,,,,
,Tetu3,sprite/tetu_3_,5,100%,5:sprite/tetu_3_,,,,,,,,,,,,,,,,,,,,,,,,,,
,Tie1,sprite/tie_1_,35,92%,35:sprite/tie_1_,2:sprite/tie_2_,1:sprite/tie_3_,,,,,,,,,,,,,,,,,,,,,,,,
,Tie2,sprite/tie_2_,16,94%,16:sprite/tie_2_,1:sprite/tie_1_,,,,,,,,,,,,,,,,,,,,,,,,,
,Tie3,sprite/tie_3_,24,100%,24:sprite/tie_3_,,,,,,,,,,,,,,,,,,,,,,,,,,
,Tomi_Def,sprite/tomi2_def_,12,100%,12:sprite/tomi2_def_,,,,,,,,,,,,,,,,,,,,,,,,,,
,Tomi_Def#,sprite/tomi1_def_,32,91%,32:sprite/tomi1_def_,3:sprite/tomi3_def_,,,,,,,,,,,,,,,,,,,,,,,,,
,Tomi_Ikari#,sprite/tomi3_ikari_,2,100%,2:sprite/tomi3_ikari_,,,,,,,,,,,,,,,,,,,,,,,,,,
,Tomi_Komaru,sprite/tomi2_komaru_,5,100%,5:sprite/tomi2_komaru_,,,,,,,,,,,,,,,,,,,,,,,,,,
,Tomi_Komaru#,sprite/tomi1_komaru_,27,100%,27:sprite/tomi1_komaru_,,,,,,,,,,,,,,,,,,,,,,,,,,
,Tomi_Majime#,sprite/tomi1_shinken_,10,83%,10:sprite/tomi1_shinken_,1:sprite/iri1_majime_,1:sprite/tomi3_shinken_,,,,,,,,,,,,,,,,,,,,,,,,
,Tomi_Odoroki#,sprite/tomi1_komaru_,8,80%,8:sprite/tomi1_komaru_,1:sprite/tomi1_shinken_,1:sprite/tomi3_komaru_,,,,,,,,,,,,,,,,,,,,,,,,
,Tomi_Warai,sprite/tomi2_warai_,8,100%,8:sprite/tomi2_warai_,,,,,,,,,,,,,,,,,,,,,,,,,,
,Tomi_Warai#,sprite/tomi1_warai_,20,95%,20:sprite/tomi1_warai_,1:sprite/tomi3_warai_,,,,,,,,,,,,,,,,,,,,,,,,,
,Tomi_def#,sprite/tomi1_def_,2,100%,2:sprite/tomi1_def_,,,,,,,,,,,,,,,,,,,,,,,,,,
,Tomi_majime,sprite/tomi2_shinken_,1,100%,1:sprite/tomi2_shinken_,,,,,,,,,,,,,,,,,,,,,,,,,,
,Tomi_majime#,sprite/tomi1_shinken_,4,80%,4:sprite/tomi1_shinken_,1:sprite/tomi3_ikari_,,,,,,,,,,,,,,,,,,,,,,,,,
,aka_Def,sprite/aka_def_,1,100%,1:sprite/aka_def_,,,,,,,,,,,,,,,,,,,,,,,,,,
,ir_hk_de_a1,sprite/iri2_def1_,20,100%,20:sprite/iri2_def1_,,,,,,,,,,,,,,,,,,,,,,,,,,
,ir_hk_de_a2,sprite/iri2_def2_,11,100%,11:sprite/iri2_def2_,,,,,,,,,,,,,,,,,,,,,,,,,,
,ir_hk_ma_a1,sprite/iri2_majime_,16,94%,16:sprite/iri2_majime_,1:sprite/iri2_majime2_,,,,,,,,,,,,,,,,,,,,,,,,,
,ir_hk_ma_a2,sprite/iri2_majime2_,4,100%,4:sprite/iri2_majime2_,,,,,,,,,,,,,,,,,,,,,,,,,,
,ir_hk_wa_a1,sprite/iri2_warai_,6,100%,6:sprite/iri2_warai_,,,,,,,,,,,,,,,,,,,,,,,,,,
,ir_si_de_a1,sprite/iri1_def1_,27,96%,27:sprite/iri1_def1_,1:sprite/iri1_majime2_,,,,,,,,,,,,,,,,,,,,,,,,,
,ir_si_de_a2,sprite/iri1_def2_,26,96%,26:sprite/iri1_def2_,1:sprite/iri1_majime_,,,,,,,,,,,,,,,,,,,,,,,,,
,ir_si_ma_a1,sprite/iri1_majime_,5,100%,5:sprite/iri1_majime_,,,,,,,,,,,,,,,,,,,,,,,,,,
,ir_si_ma_a2,sprite/iri1_majime2_,5,100%,5:sprite/iri1_majime2_,,,,,,,,,,,,,,,,,,,,,,,,,,
,ir_si_wa_a1,sprite/iri1_warai_,16,70%,16:sprite/iri1_warai_,1:sprite/ri1_warai_a1_,1:sprite/tie_1_,1:sprite/re1a_warai_a1_,1:sprite/me1b_wink_a1_,1:sprite/iri1_def2_,1:sprite/sa1a_akireru_a1_,1:sprite/tie_3_,,,,,,,,,,,,,,,,,,,
,ir_yk_de_a1,sprite/iri3_def1_,4,100%,4:sprite/iri3_def1_,,,,,,,,,,,,,,,,,,,,,,,,,,
,ir_yk_de_a2,sprite/iri3_def2_,3,100%,3:sprite/iri3_def2_,,,,,,,,,,,,,,,,,,,,,,,,,,
,ir_yk_wa_a1,sprite/iri3_warai_,3,100%,3:sprite/iri3_warai_,,,,,,,,,,,,,,,,,,,,,,,,,,
,iri_majime2#,sprite/iri2_majime2_,1,100%,1:sprite/iri2_majime2_,,,,,,,,,,,,,,,,,,,,,,,,,,
,kei_Def2,sprite/kei1_def2_,1,100%,1:sprite/kei1_def2_,,,,,,,,,,,,,,,,,,,,,,,,,,
,kei_Nayamu,sprite/kei1_nayamu_,1,100%,1:sprite/kei1_nayamu_,,,,,,,,,,,,,,,,,,,,,,,,,,
,kei_Warai,sprite/kei1_warai_,2,100%,2:sprite/kei1_warai_,,,,,,,,,,,,,,,,,,,,,,,,,,
,kei_Warai#,sprite/kei2_warai_,2,100%,2:sprite/kei2_warai_,,,,,,,,,,,,,,,,,,,,,,,,,,
,kei_majime2#,sprite/kei2_majime2_,1,100%,1:sprite/kei2_majime2_,,,,,,,,,,,,,,,,,,,,,,,,,,
,me_AkuwaraiA2,sprite/me1a_akuwarai_a1_,1,100%,1:sprite/me1a_akuwarai_a1_,,,,,,,,,,,,,,,,,,,,,,,,,,
,me_AkuwaraiB1,sprite/me1b_akuwarai_a1_,1,100%,1:sprite/me1b_akuwarai_a1_,,,,,,,,,,,,,,,,,,,,,,,,,,
,me_TohohoA1#,sprite/me2_tohoho_a1_,1,100%,1:sprite/me2_tohoho_a1_,,,,,,,,,,,,,,,,,,,,,,,,,,
,me_TohohoB2,sprite/me1b_tohoho_a1_,1,100%,1:sprite/me1b_tohoho_a1_,,,,,,,,,,,,,,,,,,,,,,,,,,
,me_WinkA1,sprite/me1a_wink_a1_,1,100%,1:sprite/me1a_wink_a1_,,,,,,,,,,,,,,,,,,,,,,,,,,
,me_WinkA2,sprite/me1a_wink_a1_,1,100%,1:sprite/me1a_wink_a1_,,,,,,,,,,,,,,,,,,,,,,,,,,
,me_mi_aw_a1,sprite/me4_akuwarai_a1_,3,100%,3:sprite/me4_akuwarai_a1_,,,,,,,,,,,,,,,,,,,,,,,,,,
,me_mi_fu_a2,sprite/me4_huteki_a1_,1,100%,1:sprite/me4_huteki_a1_,,,,,,,,,,,,,,,,,,,,,,,,,,
,me_mi_wi_a1,sprite/me4_wink_a1_,1,100%,1:sprite/me4_wink_a1_,,,,,,,,,,,,,,,,,,,,,,,,,,
,me_mi_wi_a2,sprite/me4_wink_a1_,1,100%,1:sprite/me4_wink_a1_,,,,,,,,,,,,,,,,,,,,,,,,,,
,me_se_aw_a1,sprite/me1a_akuwarai_a1_,32,89%,32:sprite/me1a_akuwarai_a1_,1:sprite/me1b_ikari_a1_,1:sprite/me1b_huteki_a1_,1:sprite/me1b_akuwarai_a1_,1:sprite/flashback/me1a_akuwarai_a1_,,,,,,,,,,,,,,,,,,,,,,
,me_se_aw_a2,sprite/me1a_akuwarai_a1_,3,75%,3:sprite/me1a_akuwarai_a1_,1:sprite/me1b_huteki_a1_,,,,,,,,,,,,,,,,,,,,,,,,,
,me_se_aw_b1,sprite/me1b_akuwarai_a1_,11,100%,11:sprite/me1b_akuwarai_a1_,,,,,,,,,,,,,,,,,,,,,,,,,,
,me_se_aw_b2,sprite/me1b_akuwarai_a1_,11,100%,11:sprite/me1b_akuwarai_a1_,,,,,,,,,,,,,,,,,,,,,,,,,,
,me_se_bi_a1,sprite/me1a_odoroki_a1_,9,41%,9:sprite/me1a_odoroki_a1_,2:sprite/ri1_warai_a1_,2:sprite/si1a_akuwarai_a1_,1:sprite/me1a_majime_a1_,1:sprite/re1a_warai_a1_,1:sprite/ri1_niko_a1_,1:sprite/re1a_komaru_a1_,1:sprite/re1b_def_b1_,1:sprite/ta1_warai_,1:sprite/tie_3_,1:sprite/me1a_ikari_a1_,1:sprite/iri1_majime2_,,,,,,,,,,,,,,,
,me_se_bi_a2,sprite/me1a_odoroki_a1_,4,80%,4:sprite/me1a_odoroki_a1_,1:sprite/flashback/me1a_odoroki_a1_,,,,,,,,,,,,,,,,,,,,,,,,,
,me_se_bi_b1,sprite/me1b_odoroki_a1_,6,100%,6:sprite/me1b_odoroki_a1_,,,,,,,,,,,,,,,,,,,,,,,,,,
,me_se_bi_b2,sprite/me1b_odoroki_a1_,6,100%,6:sprite/me1b_odoroki_a1_,,,,,,,,,,,,,,,,,,,,,,,,,,
,me_se_de_a1,sprite/me1a_def_a1_,49,89%,49:sprite/me1a_def_a1_,2:sprite/re1a_def_a1_,2:sprite/me1a_majime_a1_,1:sprite/me1a_yowaki_a1_,1:sprite/me1a_sinmyou_a1_,,,,,,,,,,,,,,,,,,,,,,
,me_se_de_a2,sprite/me1a_def_a1_,16,100%,16:sprite/me1a_def_a1_,,,,,,,,,,,,,,,,,,,,,,,,,,
,me_se_de_b1,sprite/me1b_def_a1_,13,93%,13:sprite/me1b_def_a1_,1:sprite/me1a_sinmyou_a1_,,,,,,,,,,,,,,,,,,,,,,,,,
,me_se_de_b2,sprite/me1b_def_a1_,14,100%,14:sprite/me1b_def_a1_,,,,,,,,,,,,,,,,,,,,,,,,,,
,me_se_fu_a1,sprite/me1a_huteki_a1_,9,100%,9:sprite/me1a_huteki_a1_,,,,,,,,,,,,,,,,,,,,,,,,,,
,me_se_fu_a2,sprite/me1a_huteki_a1_,2,100%,2:sprite/me1a_huteki_a1_,,,,,,,,,,,,,,,,,,,,,,,,,,
,me_se_fu_b1,sprite/me1b_huteki_a1_,3,100%,3:sprite/me1b_huteki_a1_,,,,,,,,,,,,,,,,,,,,,,,,,,
,me_se_fu_b2,sprite/me1b_huteki_a1_,5,83%,5:sprite/me1b_huteki_a1_,1:sprite/me1b_ikari_a1_,,,,,,,,,,,,,,,,,,,,,,,,,
,me_se_ha_a1,sprite/me1a_hau_a1_,2,100%,2:sprite/me1a_hau_a1_,,,,,,,,,,,,,,,,,,,,,,,,,,
,me_se_ha_b1,sprite/me1a_odoroki_a1_,1,100%,1:sprite/me1a_odoroki_a1_,,,,,,,,,,,,,,,,,,,,,,,,,,
,me_se_him_a1,sprite/me2_hig_maji_a1_,1,50%,1:sprite/me2_hig_maji_a1_,1:sprite/me1a_hig_maji_a1_,,,,,,,,,,,,,,,,,,,,,,,,,
,me_se_ik_a1,sprite/me1a_ikari_a1_,2,100%,2:sprite/me1a_ikari_a1_,,,,,,,,,,,,,,,,,,,,,,,,,,
,me_se_ik_a2,sprite/me1a_ikari_a1_,3,25%,3:sprite/me1a_ikari_a1_,1:sprite/sa1a_hannbeso_a1_,1:sprite/sa1b_naku_b1_,1:sprite/re1b_def_b1_,1:sprite/me1a_warai_a1_,1:sprite/re1a_warai_a1_,1:sprite/me1b_warai_a1_,1:sprite/re1a_nande_a1_,1:sprite/re1b_bikkuri_b1_,1:sprite/me1b_odoroki_a1_,,,,,,,,,,,,,,,,,
,me_se_ik_b1,sprite/me1b_ikari_a1_,1,100%,1:sprite/me1b_ikari_a1_,,,,,,,,,,,,,,,,,,,,,,,,,,
,me_se_ik_b2,sprite/me1b_ikari_a1_,1,100%,1:sprite/me1b_ikari_a1_,,,,,,,,,,,,,,,,,,,,,,,,,,
,me_se_ma_a1,sprite/me1a_majime_a1_,9,82%,9:sprite/me1a_majime_a1_,1:sprite/me1a_tokui_a1_,1:sprite/me1a_yowaki_a1_,,,,,,,,,,,,,,,,,,,,,,,,
,me_se_ma_a2,sprite/me1a_majime_a1_,6,86%,6:sprite/me1a_majime_a1_,1:sprite/me1a_yowaki_a1_,,,,,,,,,,,,,,,,,,,,,,,,,
,me_se_ma_b1,sprite/me1b_majime_a1_,8,89%,8:sprite/me1b_majime_a1_,1:sprite/me1a_majime_a1_,,,,,,,,,,,,,,,,,,,,,,,,,
,me_se_ma_b2,sprite/me1b_majime_a1_,10,91%,10:sprite/me1b_majime_a1_,1:sprite/me1a_def_a1_,,,,,,,,,,,,,,,,,,,,,,,,,
,me_se_si_a1,sprite/me1a_sinmyou_a1_,1,50%,1:sprite/me1a_sinmyou_a1_,1:sprite/me1a_def_a1_,,,,,,,,,,,,,,,,,,,,,,,,,
,me_se_si_a2,sprite/me1a_sinmyou_a1_,2,100%,2:sprite/me1a_sinmyou_a1_,,,,,,,,,,,,,,,,,,,,,,,,,,
,me_se_si_b1,sprite/me1b_sinmyou_a1_,1,50%,1:sprite/me1b_sinmyou_a1_,1:sprite/me1a_sinmyou_a1_,,,,,,,,,,,,,,,,,,,,,,,,,
,me_se_si_b2,sprite/me1b_sinmyou_a1_,2,67%,2:sprite/me1b_sinmyou_a1_,1:sprite/me1a_yowaki_a1_,,,,,,,,,,,,,,,,,,,,,,,,,
,me_se_th_a1,sprite/me1a_tohoho_a1_,17,89%,17:sprite/me1a_tohoho_a1_,1:sprite/flashback/me1b_odoroki_a1_,1:sprite/me1a_yowaki_a1_,,,,,,,,,,,,,,,,,,,,,,,,
,me_se_th_a2,sprite/me1a_tohoho_a1_,9,75%,9:sprite/me1a_tohoho_a1_,1:sprite/me1a_odoroki_a1_,1:sprite/me1a_yowaki_a1_,1:sprite/me1b_akuwarai_a1_,,,,,,,,,,,,,,,,,,,,,,,
,me_se_th_b1,sprite/me1b_tohoho_a1_,9,100%,9:sprite/me1b_tohoho_a1_,,,,,,,,,,,,,,,,,,,,,,,,,,
,me_se_th_b2,sprite/me1b_tohoho_a1_,4,80%,4:sprite/me1b_tohoho_a1_,1:sprite/me1a_yowaki_a1_,,,,,,,,,,,,,,,,,,,,,,,,,
,me_se_to_a1,sprite/me1a_tokui_a1_,16,100%,16:sprite/me1a_tokui_a1_,,,,,,,,,,,,,,,,,,,,,,,,,,
,me_se_to_a2,sprite/me1a_tokui_a1_,3,100%,3:sprite/me1a_tokui_a1_,,,,,,,,,,,,,,,,,,,,,,,,,,
,me_se_to_b1,sprite/me1b_tokui_a1_,4,100%,4:sprite/me1b_tokui_a1_,,,,,,,,,,,,,,,,,,,,,,,,,,
,me_se_to_b2,sprite/me1b_tokui_a1_,6,86%,6:sprite/me1b_tokui_a1_,1:sprite/me1a_hig_maji_a1_,,,,,,,,,,,,,,,,,,,,,,,,,
,me_se_wa_a1,sprite/me1a_warai_a1_,31,97%,31:sprite/me1a_warai_a1_,1:sprite/flashback/me1a_warai_a1_,,,,,,,,,,,,,,,,,,,,,,,,,
,me_se_wa_a2,sprite/me1a_warai_a1_,11,100%,11:sprite/me1a_warai_a1_,,,,,,,,,,,,,,,,,,,,,,,,,,
,me_se_wa_b1,sprite/me1b_warai_a1_,10,100%,10:sprite/me1b_warai_a1_,,,,,,,,,,,,,,,,,,,,,,,,,,
,me_se_wa_b2,sprite/me1b_warai_a1_,7,100%,7:sprite/me1b_warai_a1_,,,,,,,,,,,,,,,,,,,,,,,,,,
,me_se_wi_a1,sprite/me1a_wink_a1_,46,81%,46:sprite/me1a_wink_a1_,3:sprite/sa1a_warai_a1_,3:sprite/me1b_wink_a1_,2:sprite/tomi1_def_,1:sprite/me1a_huteki_a1_,1:sprite/oisi1_1_,1:sprite/ri1_warai_a1_,,,,,,,,,,,,,,,,,,,,
,me_se_wi_a2,sprite/me1a_wink_a1_,42,93%,42:sprite/me1a_wink_a1_,1:sprite/ri1_def_a1_,1:sprite/me1a_def_a1_,1:sprite/me1a_akuwarai_a1_,,,,,,,,,,,,,,,,,,,,,,,
,me_se_wi_b1,sprite/me1b_wink_a1_,17,100%,17:sprite/me1b_wink_a1_,,,,,,,,,,,,,,,,,,,,,,,,,,
,me_se_wi_b2,sprite/me1b_wink_a1_,23,96%,23:sprite/me1b_wink_a1_,1:sprite/me1b_odoroki_a1_,,,,,,,,,,,,,,,,,,,,,,,,,
,me_se_yw_a1,sprite/me1a_yowaki_a1_,8,100%,8:sprite/me1a_yowaki_a1_,,,,,,,,,,,,,,,,,,,,,,,,,,
,me_se_yw_a2,sprite/me1a_yowaki_a1_,3,100%,3:sprite/me1a_yowaki_a1_,,,,,,,,,,,,,,,,,,,,,,,,,,
,me_se_yw_b1,sprite/me1b_yowaki_a1_,2,100%,2:sprite/me1b_yowaki_a1_,,,,,,,,,,,,,,,,,,,,,,,,,,
,me_se_yw_b2,sprite/me1b_yowaki_a1_,4,100%,4:sprite/me1b_yowaki_a1_,,,,,,,,,,,,,,,,,,,,,,,,,,
,me_si_aw_a1,sprite/me2_akuwarai_a1_,10,91%,10:sprite/me2_akuwarai_a1_,1:sprite/me2_huteki_a1_,,,,,,,,,,,,,,,,,,,,,,,,,
,me_si_aw_a2,sprite/me2_akuwarai_a1_,8,100%,8:sprite/me2_akuwarai_a1_,,,,,,,,,,,,,,,,,,,,,,,,,,
,me_si_bi_a1,sprite/me2_odoroki_a1_,9,100%,9:sprite/me2_odoroki_a1_,,,,,,,,,,,,,,,,,,,,,,,,,,
,me_si_bi_a2,sprite/me2_odoroki_a1_,11,92%,11:sprite/me2_odoroki_a1_,1:sprite/me2_yowaki_a1_,,,,,,,,,,,,,,,,,,,,,,,,,
,me_si_de_a1,sprite/me2_def_a1_,43,90%,43:sprite/me2_def_a1_,3:sprite/chibimion_def_,1:sprite/me2_tohoho_a1_,1:sprite/me2_akuwarai_a1_,,,,,,,,,,,,,,,,,,,,,,,
,me_si_de_a2,sprite/me2_def_a1_,25,86%,25:sprite/me2_def_a1_,3:sprite/me2_majime_a1_,1:sprite/chibimion_def_,,,,,,,,,,,,,,,,,,,,,,,,
,me_si_fu_a1,sprite/me2_huteki_a1_,8,100%,8:sprite/me2_huteki_a1_,,,,,,,,,,,,,,,,,,,,,,,,,,
,me_si_fu_a2,sprite/me2_huteki_a1_,6,86%,6:sprite/me2_huteki_a1_,1:sprite/me2_akuwarai_a1_,,,,,,,,,,,,,,,,,,,,,,,,,
,me_si_ha_a1,sprite/me2_hau_a1_,2,100%,2:sprite/me2_hau_a1_,,,,,,,,,,,,,,,,,,,,,,,,,,
,me_si_him_a1,sprite/me2_hig_maji_a1_,1,50%,1:sprite/me2_hig_maji_a1_,1:sprite/flashback/me2_hig_maji_a1_,,,,,,,,,,,,,,,,,,,,,,,,,
,me_si_him_a2,sprite/me2_hig_maji_a1_,1,100%,1:sprite/me2_hig_maji_a1_,,,,,,,,,,,,,,,,,,,,,,,,,,
,me_si_ik_a1,sprite/me2_ikari_a1_,2,100%,2:sprite/me2_ikari_a1_,,,,,,,,,,,,,,,,,,,,,,,,,,
,me_si_ik_a2,sprite/me2_ikari_a1_,1,50%,1:sprite/me2_ikari_a1_,1:sprite/re2b_hig_muhyou_b1_,,,,,,,,,,,,,,,,,,,,,,,,,
,me_si_ma_a1,sprite/me2_majime_a1_,19,90%,19:sprite/me2_majime_a1_,1:sprite/me2_ikari_a1_,1:sprite/chibimion_shinken_,,,,,,,,,,,,,,,,,,,,,,,,
,me_si_ma_a2,sprite/me2_majime_a1_,12,100%,12:sprite/me2_majime_a1_,,,,,,,,,,,,,,,,,,,,,,,,,,
,me_si_si_a1,sprite/me2_sinmyou_a1_,23,96%,23:sprite/me2_sinmyou_a1_,1:sprite/me2_def_a1_,,,,,,,,,,,,,,,,,,,,,,,,,
,me_si_si_a2,sprite/me2_sinmyou_a1_,4,57%,4:sprite/me2_sinmyou_a1_,1:sprite/me2_hau_a1_,1:sprite/me2_huteki_a1_,1:sprite/me2_def_a1_,,,,,,,,,,,,,,,,,,,,,,,
,me_si_th_a1,sprite/me2_tohoho_a1_,11,73%,11:sprite/me2_tohoho_a1_,1:sprite/flashback/me2_tohoho_a1_,1:sprite/me2_ikari_a1_,1:sprite/me2_odoroki_a1_,1:sprite/me2_yowaki_a1_,,,,,,,,,,,,,,,,,,,,,,
,me_si_th_a2,sprite/me2_tohoho_a1_,10,71%,10:sprite/me2_tohoho_a1_,2:sprite/me2_odoroki_a1_,1:sprite/me2_huteki_a1_,1:sprite/me2_ikari_a1_,,,,,,,,,,,,,,,,,,,,,,,
,me_si_to_a1,sprite/me2_tokui_a1_,11,92%,11:sprite/me2_tokui_a1_,1:sprite/flashback/me2_tokui_a1_,,,,,,,,,,,,,,,,,,,,,,,,,
,me_si_to_a2,sprite/me2_tokui_a1_,9,90%,9:sprite/me2_tokui_a1_,1:sprite/me2_hig_maji_a1_,,,,,,,,,,,,,,,,,,,,,,,,,
,me_si_wa_a1,sprite/me2_warai_a1_,28,90%,28:sprite/me2_warai_a1_,2:sprite/flashback/me2_warai_a1_,1:sprite/chibimion_warai_,,,,,,,,,,,,,,,,,,,,,,,,
,me_si_wa_a2,sprite/me2_warai_a1_,17,94%,17:sprite/me2_warai_a1_,1:sprite/chibimion_warai_,,,,,,,,,,,,,,,,,,,,,,,,,
,me_si_wi_a1,sprite/me2_wink_a1_,31,91%,31:sprite/me2_wink_a1_,2:sprite/chibimion_wink_,1:sprite/flashback/me2_wink_a1_,,,,,,,,,,,,,,,,,,,,,,,,
,me_si_wi_a2,sprite/me2_wink_a1_,40,98%,40:sprite/me2_wink_a1_,1:sprite/sa2a_akuwarai_a1_,,,,,,,,,,,,,,,,,,,,,,,,,
,me_si_yw_a1,sprite/me2_yowaki_a1_,3,100%,3:sprite/me2_yowaki_a1_,,,,,,,,,,,,,,,,,,,,,,,,,,
,me_si_yw_a2,sprite/me2_yowaki_a1_,1,100%,1:sprite/me2_yowaki_a1_,,,,,,,,,,,,,,,,,,,,,,,,,,
,me_ta_aw_a1,sprite/me3_akuwarai_a1_,2,100%,2:sprite/me3_akuwarai_a1_,,,,,,,,,,,,,,,,,,,,,,,,,,
,me_ta_aw_a2,sprite/me3_akuwarai_a1_,3,100%,3:sprite/me3_akuwarai_a1_,,,,,,,,,,,,,,,,,,,,,,,,,,
,me_ta_de_a1,sprite/me3_def_a1_,6,100%,6:sprite/me3_def_a1_,,,,,,,,,,,,,,,,,,,,,,,,,,
,me_ta_de_a2,sprite/me3_def_a1_,1,100%,1:sprite/me3_def_a1_,,,,,,,,,,,,,,,,,,,,,,,,,,
,me_ta_fu_a1,sprite/me3_huteki_a1_,1,100%,1:sprite/me3_huteki_a1_,,,,,,,,,,,,,,,,,,,,,,,,,,
,me_ta_fu_a2,sprite/me3_huteki_a1_,1,100%,1:sprite/me3_huteki_a1_,,,,,,,,,,,,,,,,,,,,,,,,,,
,me_ta_th_a1,sprite/me3_tohoho_a1_,2,100%,2:sprite/me3_tohoho_a1_,,,,,,,,,,,,,,,,,,,,,,,,,,
,me_ta_to_a1,sprite/me3_tokui_a1_,1,100%,1:sprite/me3_tokui_a1_,,,,,,,,,,,,,,,,,,,,,,,,,,
,me_ta_to_a2,sprite/me3_tokui_a1_,2,100%,2:sprite/me3_tokui_a1_,,,,,,,,,,,,,,,,,,,,,,,,,,
,me_ta_wa_a2,sprite/me3_warai_a1_,5,100%,5:sprite/me3_warai_a1_,,,,,,,,,,,,,,,,,,,,,,,,,,
,me_ta_wi_a1,sprite/me3_wink_a1_,4,100%,4:sprite/me3_wink_a1_,,,,,,,,,,,,,,,,,,,,,,,,,,
,no_data,sprite/kuma_def_,3,10%,3:sprite/kuma_def_,2:sprite/sato1_komaru_,1:sprite/iri1_majime_,1:sprite/oryou_sakebi_,1:sprite/oryou_def_,1:sprite/oisi1_2_,1:sprite/oisi1_5_,1:sprite/kei2_komaru_,1:sprite/kei1_nayamu_,1:sprite/ri1_def_a1_,1:transparent,1:sprite/kei1_komaru_,1:sprite/tomita2_odoroki_,1:sprite/tomita2_warai_,1:sprite/re2a_kaii_a1_,1:sprite/kameda1b_odoroki_,1:sprite/ta1_def_,1:sprite/tie_1_,1:sprite/re2a_bikkuri_a1_,1:sprite/renasen2_ikakaku_,1:sprite/renasen1_def_,1:sprite/sa2b_def_b1_,1:sprite/me2_tohoho_a1_,1:sprite/ta2_def_,1:sprite/ki_def_,1:sprite/oko_def_,1:sprite/aks2_shinken_
,oi_si_aw_a1,sprite/oisi1_5_,13,100%,13:sprite/oisi1_5_,,,,,,,,,,,,,,,,,,,,,,,,,,
,oi_si_de_a1,sprite/oisi1_1_,84,99%,84:sprite/oisi1_1_,1:sprite/oisi1_5_,,,,,,,,,,,,,,,,,,,,,,,,,
,oi_si_de_a2,sprite/oisi1_4_,23,100%,23:sprite/oisi1_4_,,,,,,,,,,,,,,,,,,,,,,,,,,
,oi_si_ma_a1,sprite/oisi1_3_,3,100%,3:sprite/oisi1_3_,,,,,,,,,,,,,,,,,,,,,,,,,,
,oi_si_wa_a1,sprite/oisi1_2_,90,83%,90:sprite/oisi1_2_,2:sprite/oisi1_1_,1:sprite/me1a_warai_a1_,1:sprite/ri1_niko_a1_,1:sprite/re1b_def_b1_,1:sprite/me1a_tokui_a1_,1:sprite/si1a_def_a1_,1:sprite/me1a_tohoho_a1_,1:sprite/re1a_komaru_a1_,1:sprite/oisi1_5_,1:sprite/sa1b_odoroki_b1_,1:sprite/tie_1_,1:sprite/ri1_warai_a1_,1:sprite/tomi1_def_,1:sprite/ri1_def_a1_,1:sprite/si1a_akuwarai_a1_,1:sprite/si1b_wink_b1_,1:sprite/iri1_def2_,,,,,,,,,
,oi_yk_de_a1,sprite/oisi2_6_,15,94%,15:sprite/oisi2_6_,1:sprite/oisi2_8_,,,,,,,,,,,,,,,,,,,,,,,,,
,oi_yk_de_a2,sprite/oisi2_9_,10,100%,10:sprite/oisi2_9_,,,,,,,,,,,,,,,,,,,,,,,,,,
,oi_yk_ma_a1,sprite/oisi2_8_,1,100%,1:sprite/oisi2_8_,,,,,,,,,,,,,,,,,,,,,,,,,,
,oi_yk_wa_a1,sprite/oisi2_7_,7,100%,7:sprite/oisi2_7_,,,,,,,,,,,,,,,,,,,,,,,,,,
,oko_Akuwarai#,sprite/oko_niyari_,1,100%,1:sprite/oko_niyari_,,,,,,,,,,,,,,,,,,,,,,,,,,
,oko_Def2#,sprite/oko_odoroki_,1,100%,1:sprite/oko_odoroki_,,,,,,,,,,,,,,,,,,,,,,,,,,
,oko_Warai#,sprite/oko_def_,1,100%,1:sprite/oko_def_,,,,,,,,,,,,,,,,,,,,,,,,,,
,re_DefA1#,sprite/re2a_def_a1_,1,100%,1:sprite/re2a_def_a1_,,,,,,,,,,,,,,,,,,,,,,,,,,
,re_Hi_DefA1#,sprite/re2a_hig_def_a1_,1,100%,1:sprite/re2a_hig_def_a1_,,,,,,,,,,,,,,,,,,,,,,,,,,
,re_Hi_DefB1#,sprite/re2b_hig_def_b1_,1,100%,1:sprite/re2b_hig_def_b1_,,,,,,,,,,,,,,,,,,,,,,,,,,
,re_Hi_muhyouA1#,sprite/renasen2_muhyokaku_,1,100%,1:sprite/renasen2_muhyokaku_,,,,,,,,,,,,,,,,,,,,,,,,,,
,re_KaiiA1&,sprite/re3a_kaii_a1_,1,100%,1:sprite/re3a_kaii_a1_,,,,,,,,,,,,,,,,,,,,,,,,,,
,re_WaraiB1#,sprite/renasen2_warai_,1,100%,1:sprite/renasen2_warai_,,,,,,,,,,,,,,,,,,,,,,,,,,
,re_se_bi_a1,sprite/re1a_bikkuri_a1_,19,100%,19:sprite/re1a_bikkuri_a1_,,,,,,,,,,,,,,,,,,,,,,,,,,
,re_se_bi_b1,sprite/re1b_bikkuri_b1_,30,94%,30:sprite/re1b_bikkuri_b1_,1:sprite/re1a_bikkuri_a1_,1:sprite/re1b_nande_b1_,,,,,,,,,,,,,,,,,,,,,,,,
,re_se_de_a1,sprite/re1a_def_a1_,128,86%,128:sprite/re1a_def_a1_,5:sprite/re1a_nande_a1_,3:sprite/re1a_okoru_a1_,3:sprite/re1a_komaru_a2_,2:sprite/me1a_def_a1_,2:sprite/re1a_komaru_a1_,1:sprite/me1a_huteki_a1_,1:sprite/re1a_warai_a1_,1:sprite/flashback/re1a_def_a1_,1:sprite/re1b_def_b1_,1:sprite/re1b_nande_b1_,1:sprite/me1a_majime_a1_,,,,,,,,,,,,,,,
,re_se_de_b1,sprite/re1b_def_b1_,36,78%,36:sprite/re1b_def_b1_,3:sprite/re1b_nande_b1_,2:sprite/re1b_komaru_b2_,2:sprite/re1a_nande_a1_,2:sprite/re1a_def_a1_,1:sprite/re1b_okoru_b1_,,,,,,,,,,,,,,,,,,,,,
,re_se_ha_a1,sprite/re1a_hau_a1_,36,97%,36:sprite/re1a_hau_a1_,1:sprite/re1a_komaru_a2_,,,,,,,,,,,,,,,,,,,,,,,,,
,re_se_ha_b1,sprite/re1b_hau_b1_,18,95%,18:sprite/re1b_hau_b1_,1:sprite/flashback/re1b_hau_b1_,,,,,,,,,,,,,,,,,,,,,,,,,
,re_se_hi_a1,sprite/re1a_hig_def_a1_,6,86%,6:sprite/re1a_hig_def_a1_,1:sprite/flashback/re1a_hig_def_a1_,,,,,,,,,,,,,,,,,,,,,,,,,
,re_se_hi_b1,sprite/re1a_hig_def_a1_,1,50%,1:sprite/re1a_hig_def_a1_,1:sprite/re1b_hig_def_b1_,,,,,,,,,,,,,,,,,,,,,,,,,
,re_se_hii_a1,sprite/re1a_hig_okoru_a1_,1,100%,1:sprite/re1a_hig_okoru_a1_,,,,,,,,,,,,,,,,,,,,,,,,,,
,re_se_hii_b1,sprite/re1b_hig_okoru_b1_,2,100%,2:sprite/re1b_hig_okoru_b1_,,,,,,,,,,,,,,,,,,,,,,,,,,
,re_se_him_a1,sprite/re1a_hig_muhyou_a1_,2,100%,2:sprite/re1a_hig_muhyou_a1_,,,,,,,,,,,,,,,,,,,,,,,,,,
,re_se_ik_a1,sprite/re1a_okoru_a1_,5,100%,5:sprite/re1a_okoru_a1_,,,,,,,,,,,,,,,,,,,,,,,,,,
,re_se_ik_b1,sprite/re1b_okoru_b1_,5,36%,5:sprite/re1b_okoru_b1_,2:sprite/re1a_warai_a1_,1:sprite/me1b_tohoho_a1_,1:sprite/sa1b_odoroki_b1_,1:sprite/sa1a_hannbeso_a1_,1:sprite/tomi1_komaru_,1:sprite/iri1_warai_,1:sprite/me1b_odoroki_a1_,1:sprite/re1a_okoru_a1_,,,,,,,,,,,,,,,,,,
,re_se_ka_a1,sprite/re1a_kaii_a1_,7,100%,7:sprite/re1a_kaii_a1_,,,,,,,,,,,,,,,,,,,,,,,,,,
,re_se_ka_b1,sprite/re1b_kaii_b1_,16,94%,16:sprite/re1b_kaii_b1_,1:sprite/flashback/re1b_kaii_b1_,,,,,,,,,,,,,,,,,,,,,,,,,
,re_se_ko_a1,sprite/re1a_komaru_a1_,38,73%,38:sprite/re1a_komaru_a1_,8:sprite/re1a_komaru_a2_,2:sprite/re1a_okoru_a1_,1:sprite/re1b_komaru_b2_,1:sprite/re1a_warai_a1_,1:sprite/ta1_warai_,1:sprite/re1a_bikkuri_a1_,,,,,,,,,,,,,,,,,,,,
,re_se_ko_a2,sprite/re1a_komaru_a2_,12,100%,12:sprite/re1a_komaru_a2_,,,,,,,,,,,,,,,,,,,,,,,,,,
,re_se_ko_b1,sprite/re1b_komaru_b1_,10,62%,10:sprite/re1b_komaru_b1_,4:sprite/re1b_komaru_b2_,1:sprite/re1a_komaru_a2_,1:sprite/sa1a_hannbeso_a1_,,,,,,,,,,,,,,,,,,,,,,,
,re_se_ko_b2,sprite/re1b_komaru_b2_,1,100%,1:sprite/re1b_komaru_b2_,,,,,,,,,,,,,,,,,,,,,,,,,,
,re_se_na_a1,sprite/re1a_nande_a1_,67,97%,67:sprite/re1a_nande_a1_,1:sprite/flashback/re1a_nande_a1_,1:sprite/re1a_okoru_a1_,,,,,,,,,,,,,,,,,,,,,,,,
,re_se_na_b1,sprite/re1b_nande_b1_,16,100%,16:sprite/re1b_nande_b1_,,,,,,,,,,,,,,,,,,,,,,,,,,
,re_se_wa_a1,sprite/re1a_warai_a1_,113,95%,113:sprite/re1a_warai_a1_,1:sprite/me1b_warai_a1_,1:sprite/me1b_wink_a1_,1:sprite/re1a_okoru_a1_,1:sprite/re1a_nande_a1_,1:sprite/re1a_hau_a1_,1:sprite/flashback/re1a_warai_a1_,,,,,,,,,,,,,,,,,,,,
,re_se_wa_b1,sprite/re1b_warai_b1_,85,91%,85:sprite/re1b_warai_b1_,2:sprite/re1a_komaru_a2_,1:sprite/re1a_def_a1_,1:sprite/re1a_nande_a1_,1:sprite/re1b_def_b1_,1:sprite/sa1b_warai_b1_,1:sprite/si1a_wink_a1_,1:sprite/tomi1_komaru_,,,,,,,,,,,,,,,,,,,
,re_si_bi_a1,sprite/re2a_bikkuri_a1_,7,100%,7:sprite/re2a_bikkuri_a1_,,,,,,,,,,,,,,,,,,,,,,,,,,
,re_si_bi_b1,sprite/re2b_bikkuri_b1_,10,100%,10:sprite/re2b_bikkuri_b1_,,,,,,,,,,,,,,,,,,,,,,,,,,
,re_si_de_a1,sprite/re2a_def_a1_,49,94%,49:sprite/re2a_def_a1_,1:sprite/re2a_okoru_a1_,1:sprite/re2b_def_b1_,1:sprite/ri2_niko_a1_,,,,,,,,,,,,,,,,,,,,,,,
,re_si_de_b1,sprite/re2b_def_b1_,12,92%,12:sprite/re2b_def_b1_,1:sprite/re2a_def_a1_,,,,,,,,,,,,,,,,,,,,,,,,,
,re_si_ha_a1,sprite/re2a_hau_a1_,29,100%,29:sprite/re2a_hau_a1_,,,,,,,,,,,,,,,,,,,,,,,,,,
,re_si_ha_b1,sprite/re2b_hau_b1_,9,100%,9:sprite/re2b_hau_b1_,,,,,,,,,,,,,,,,,,,,,,,,,,
,re_si_hi_a1,sprite/re2a_hig_def_a1_,2,100%,2:sprite/re2a_hig_def_a1_,,,,,,,,,,,,,,,,,,,,,,,,,,
,re_si_hii_b1,sprite/re2b_hig_okoru_b1_,1,100%,1:sprite/re2b_hig_okoru_b1_,,,,,,,,,,,,,,,,,,,,,,,,,,
,re_si_him_a1,sprite/re2a_hig_muhyou_a1_,1,100%,1:sprite/re2a_hig_muhyou_a1_,,,,,,,,,,,,,,,,,,,,,,,,,,
,re_si_him_b1,sprite/re2b_hig_muhyou_b1_,1,100%,1:sprite/re2b_hig_muhyou_b1_,,,,,,,,,,,,,,,,,,,,,,,,,,
,re_si_ik_b1,sprite/re2b_okoru_b1_,2,100%,2:sprite/re2b_okoru_b1_,,,,,,,,,,,,,,,,,,,,,,,,,,
,re_si_ka_a1,sprite/re2a_kaii_a1_,9,100%,9:sprite/re2a_kaii_a1_,,,,,,,,,,,,,,,,,,,,,,,,,,
,re_si_ka_b1,sprite/re2b_kaii_b1_,26,93%,26:sprite/re2b_kaii_b1_,1:sprite/flashback/re2b_kaii_b1_,1:sprite/re2b_hau_b1_,,,,,,,,,,,,,,,,,,,,,,,,
,re_si_ko_a1,sprite/re2a_komaru_a1_,6,75%,6:sprite/re2a_komaru_a1_,2:sprite/re2a_komaru_a2_,,,,,,,,,,,,,,,,,,,,,,,,,
,re_si_ko_a2,sprite/re2a_komaru_a2_,2,67%,2:sprite/re2a_komaru_a2_,1:sprite/re2a_okoru_a1_,,,,,,,,,,,,,,,,,,,,,,,,,
,re_si_ko_b1,sprite/re2b_komaru_b1_,7,100%,7:sprite/re2b_komaru_b1_,,,,,,,,,,,,,,,,,,,,,,,,,,
,re_si_ko_b2,sprite/re2b_komaru_b2_,1,100%,1:sprite/re2b_komaru_b2_,,,,,,,,,,,,,,,,,,,,,,,,,,
,re_si_na_a1,sprite/re2a_nande_a1_,23,92%,23:sprite/re2a_nande_a1_,1:sprite/re1a_nande_a1_,1:sprite/re2b_nande_b1_,,,,,,,,,,,,,,,,,,,,,,,,
,re_si_na_b1,sprite/re2b_nande_b1_,2,100%,2:sprite/re2b_nande_b1_,,,,,,,,,,,,,,,,,,,,,,,,,,
,re_si_wa_a1,sprite/re2a_warai_a1_,54,98%,54:sprite/re2a_warai_a1_,1:sprite/iri1_def2_,,,,,,,,,,,,,,,,,,,,,,,,,
,re_si_wa_b1,sprite/re2b_warai_b1_,35,92%,35:sprite/re2b_warai_b1_,2:sprite/re2a_warai_a1_,1:sprite/re2b_nande_b1_,,,,,,,,,,,,,,,,,,,,,,,,
,re_ta_bi_a1,sprite/re3a_bikkuri_a1_,3,100%,3:sprite/re3a_bikkuri_a1_,,,,,,,,,,,,,,,,,,,,,,,,,,
,re_ta_bi_b1,sprite/re3b_bikkuri_b1_,4,100%,4:sprite/re3b_bikkuri_b1_,,,,,,,,,,,,,,,,,,,,,,,,,,
,re_ta_de_a1,sprite/re3a_def_a1_,7,100%,7:sprite/re3a_def_a1_,,,,,,,,,,,,,,,,,,,,,,,,,,
,re_ta_ha_a1,sprite/re3a_hau_a1_,4,100%,4:sprite/re3a_hau_a1_,,,,,,,,,,,,,,,,,,,,,,,,,,
,re_ta_ha_b1,sprite/re3b_hau_b1_,3,100%,3:sprite/re3b_hau_b1_,,,,,,,,,,,,,,,,,,,,,,,,,,
,re_ta_ka_a1,sprite/re3a_kaii_a1_,3,100%,3:sprite/re3a_kaii_a1_,,,,,,,,,,,,,,,,,,,,,,,,,,
,re_ta_ka_b1,sprite/re3b_kaii_b1_,6,100%,6:sprite/re3b_kaii_b1_,,,,,,,,,,,,,,,,,,,,,,,,,,
,re_ta_ko_a1,sprite/re3a_komaru_a1_,1,100%,1:sprite/re3a_komaru_a1_,,,,,,,,,,,,,,,,,,,,,,,,,,
,re_ta_ko_a2,sprite/re3a_komaru_a2_,1,100%,1:sprite/re3a_komaru_a2_,,,,,,,,,,,,,,,,,,,,,,,,,,
,re_ta_na_a1,sprite/re3a_nande_a1_,3,100%,3:sprite/re3a_nande_a1_,,,,,,,,,,,,,,,,,,,,,,,,,,
,re_ta_wa_a1,sprite/re3a_warai_a1_,3,100%,3:sprite/re3a_warai_a1_,,,,,,,,,,,,,,,,,,,,,,,,,,
,re_ta_wa_b1,sprite/re3b_warai_b1_,2,100%,2:sprite/re3b_warai_b1_,,,,,,,,,,,,,,,,,,,,,,,,,,
,ri_defA1,sprite/ri1_def_a1_,1,100%,1:sprite/ri1_def_a1_,,,,,,,,,,,,,,,,,,,,,,,,,,
,ri_mk_de_a1,sprite/ri5_def_a1_,12,75%,12:sprite/ri5_def_a1_,2:sprite/ri5_niko_a1_,1:sprite/sa2a_akireru_a1_,1:sprite/sa2a_warai_a1_,,,,,,,,,,,,,,,,,,,,,,,
,ri_mk_ko_a1,sprite/ri5_komaru_a1_,6,100%,6:sprite/ri5_komaru_a1_,,,,,,,,,,,,,,,,,,,,,,,,,,
,ri_mk_ni_a1,sprite/ri5_niko_a1_,11,100%,11:sprite/ri5_niko_a1_,,,,,,,,,,,,,,,,,,,,,,,,,,
,ri_mk_wa_a1,sprite/ri5_warai_a1_,8,100%,8:sprite/ri5_warai_a1_,,,,,,,,,,,,,,,,,,,,,,,,,,
,ri_nk_ko_a1,sprite/ri4_komaru_a1_,3,100%,3:sprite/ri4_komaru_a1_,,,,,,,,,,,,,,,,,,,,,,,,,,
,ri_se_de_a1,sprite/ri1_def_a1_,85,87%,85:sprite/ri1_def_a1_,2:sprite/ri1_fuman_a1_,2:sprite/oisi1_2_,2:sprite/me1a_tohoho_a1_,1:sprite/flashback/ri1_def_a1_,1:sprite/sa1b_hau_b2_,1:sprite/me1a_akuwarai_a1_,1:sprite/sa1b_odoroki_b1_,1:sprite/sa1a_akireru_a1_,1:sprite/re1a_def_a1_,1:sprite/me1b_odoroki_a1_,,,,,,,,,,,,,,,,
,ri_se_fu_a1,sprite/rim_majime_,1,100%,1:sprite/rim_majime_,,,,,,,,,,,,,,,,,,,,,,,,,,
,ri_se_ko_a1,sprite/ri1_komaru_a1_,22,73%,22:sprite/ri1_komaru_a1_,5:sprite/ri1_fuman_a1_,2:sprite/ri1_komaru_a2_,1:sprite/ri1_majime_a1_,,,,,,,,,,,,,,,,,,,,,,,
,ri_se_ni_a1,sprite/ri1_niko_a1_,56,95%,56:sprite/ri1_niko_a1_,2:sprite/ri1_fuman_a1_,1:sprite/sa1a_akireru_a1_,,,,,,,,,,,,,,,,,,,,,,,,
,ri_se_wa_a1,sprite/ri1_warai_a1_,78,94%,78:sprite/ri1_warai_a1_,3:sprite/flashback/ri1_warai_a1_,1:sprite/re1b_nande_b1_,1:sprite/ri1_majime_a1_,,,,,,,,,,,,,,,,,,,,,,,
,ri_si_de_a1,sprite/ri2_def_a1_,20,50%,20:sprite/ri2_def_a1_,19:sprite/rim_def_,1:sprite/rim_komaru_,,,,,,,,,,,,,,,,,,,,,,,,
,ri_si_fu_a1,sprite/rim_majime_,7,88%,7:sprite/rim_majime_,1:sprite/rim_def_,,,,,,,,,,,,,,,,,,,,,,,,,
,ri_si_ko_a1,sprite/rim_komaru_,9,60%,9:sprite/rim_komaru_,6:sprite/ri2_komaru_a1_,,,,,,,,,,,,,,,,,,,,,,,,,
,ri_si_ko_a2,sprite/rim_majime_,1,100%,1:sprite/rim_majime_,,,,,,,,,,,,,,,,,,,,,,,,,,
,ri_si_ni_a1,sprite/ri2_niko_a1_,26,70%,26:sprite/ri2_niko_a1_,7:sprite/rim_warai_,2:sprite/rim_komaru_,2:sprite/rim_def_,,,,,,,,,,,,,,,,,,,,,,,
,ri_si_ny_a1,sprite/rim_niyari_,3,100%,3:sprite/rim_niyari_,,,,,,,,,,,,,,,,,,,,,,,,,,
,ri_si_wa_a1,sprite/ri2_warai_a1_,36,71%,36:sprite/ri2_warai_a1_,13:sprite/rim_warai_,1:sprite/ri2_niko_a1_,1:sprite/rim_def_,,,,,,,,,,,,,,,,,,,,,,,
,ri_ta_de_a1,sprite/ri3_def_a1_,6,100%,6:sprite/ri3_def_a1_,,,,,,,,,,,,,,,,,,,,,,,,,,
,ri_ta_ko_a1,sprite/ri3_komaru_a1_,1,100%,1:sprite/ri3_komaru_a1_,,,,,,,,,,,,,,,,,,,,,,,,,,
,ri_ta_ni_a1,sprite/ri3_niko_a1_,3,100%,3:sprite/ri3_niko_a1_,,,,,,,,,,,,,,,,,,,,,,,,,,
,ri_ta_wa_a1,sprite/ri3_warai_a1_,3,100%,3:sprite/ri3_warai_a1_,,,,,,,,,,,,,,,,,,,,,,,,,,
,sa_ku_bi_a1,sprite/sa4_odoroki_a1_,3,75%,3:sprite/sa4_odoroki_a1_,1:sprite/sa4_akuwarai_a1_,,,,,,,,,,,,,,,,,,,,,,,,,
,sa_ku_wa_a1,sprite/sa4_warai_a1_,1,100%,1:sprite/sa4_warai_a1_,,,,,,,,,,,,,,,,,,,,,,,,,,
,sa_se_ak_a1,sprite/sa1a_akireru_a1_,42,98%,42:sprite/sa1a_akireru_a1_,1:sprite/flashback/sa1a_akireru_a1_,,,,,,,,,,,,,,,,,,,,,,,,,
,sa_se_ak_a2,sprite/sa1b_akireru_b1_,8,100%,8:sprite/sa1b_akireru_b1_,,,,,,,,,,,,,,,,,,,,,,,,,,
,sa_se_aw_a1,sprite/sa1a_akuwarai_a1_,69,90%,69:sprite/sa1a_akuwarai_a1_,1:sprite/re1b_def_b1_,1:sprite/me1a_def_a1_,1:sprite/re1b_warai_b1_,1:sprite/si1a_warai_a1_,1:sprite/sa1b_akuwarai_b1_,1:sprite/me1a_wink_a1_,1:sprite/re1a_bikkuri_a1_,1:sprite/sa1b_odoroki_b1_,,,,,,,,,,,,,,,,,,
,sa_se_aw_b1,sprite/sa1b_akuwarai_b1_,20,95%,20:sprite/sa1b_akuwarai_b1_,1:sprite/sa1a_hau_a1_,,,,,,,,,,,,,,,,,,,,,,,,,
,sa_se_bi_a1,sprite/sa1a_odoroki_a1_,41,98%,41:sprite/sa1a_odoroki_a1_,1:sprite/sa1a_yareyare_a1_,,,,,,,,,,,,,,,,,,,,,,,,,
,sa_se_bi_b1,sprite/sa1b_odoroki_b1_,30,91%,30:sprite/sa1b_odoroki_b1_,2:sprite/sa1a_akuwarai_a1_,1:sprite/flashback/sa1b_odoroki_b1_,,,,,,,,,,,,,,,,,,,,,,,,
,sa_se_bi_b2,sprite/sa1b_odoroki_b1_,6,100%,6:sprite/sa1b_odoroki_b1_,,,,,,,,,,,,,,,,,,,,,,,,,,
,sa_se_de_a1,sprite/sa1a_def_a1_,37,92%,37:sprite/sa1a_def_a1_,3:sprite/flashback/sa1a_def_a1_,,,,,,,,,,,,,,,,,,,,,,,,,
,sa_se_de_b1,sprite/sa1b_def_b1_,2,67%,2:sprite/sa1b_def_b1_,1:sprite/sa1a_def_a1_,,,,,,,,,,,,,,,,,,,,,,,,,
,sa_se_ha_a1,sprite/sa1a_hau_a1_,8,89%,8:sprite/sa1a_hau_a1_,1:sprite/sa1a_muhyou_a1_,,,,,,,,,,,,,,,,,,,,,,,,,
,sa_se_ha_a2,sprite/sa1a_hau_a2_,5,100%,5:sprite/sa1a_hau_a2_,,,,,,,,,,,,,,,,,,,,,,,,,,
,sa_se_ha_b1,sprite/sa1b_hau_b1_,2,67%,2:sprite/sa1b_hau_b1_,1:sprite/sa1a_def_a1_,,,,,,,,,,,,,,,,,,,,,,,,,
,sa_se_ha_b2,sprite/sa1b_hau_b2_,3,100%,3:sprite/sa1b_hau_b2_,,,,,,,,,,,,,,,,,,,,,,,,,,
,sa_se_hn_a1,sprite/sa1a_hannbeso_a1_,5,83%,5:sprite/sa1a_hannbeso_a1_,1:sprite/sa1a_naku_a1_,,,,,,,,,,,,,,,,,,,,,,,,,
,sa_se_hn_a3,sprite/sa1a_hannbeso_a3_,2,100%,2:sprite/sa1a_hannbeso_a3_,,,,,,,,,,,,,,,,,,,,,,,,,,
,sa_se_hn_b1,sprite/sa1b_hannbeso_b1_,4,80%,4:sprite/sa1b_hannbeso_b1_,1:sprite/flashback/sa1a_hannbeso_a1_,,,,,,,,,,,,,,,,,,,,,,,,,
,sa_se_hn_b2,sprite/sa1b_hannbeso_b1_,4,100%,4:sprite/sa1b_hannbeso_b1_,,,,,,,,,,,,,,,,,,,,,,,,,,
,sa_se_hn_b3,sprite/sa1b_hannbeso_b3_,1,100%,1:sprite/sa1b_hannbeso_b3_,,,,,,,,,,,,,,,,,,,,,,,,,,
,sa_se_mu_a1,sprite/sa1a_muhyou_a1_,9,82%,9:sprite/sa1a_muhyou_a1_,2:sprite/flashback/sa1a_muhyou_a1_,,,,,,,,,,,,,,,,,,,,,,,,,
,sa_se_mu_a2,sprite/sa1a_muhyou_a2_,8,100%,8:sprite/sa1a_muhyou_a2_,,,,,,,,,,,,,,,,,,,,,,,,,,
,sa_se_na_a1,sprite/sa1a_naku_a1_,7,78%,7:sprite/sa1a_naku_a1_,2:sprite/flashback/sa1a_naku_a1_,,,,,,,,,,,,,,,,,,,,,,,,,
,sa_se_na_b1,sprite/sa1b_naku_b1_,9,90%,9:sprite/sa1b_naku_b1_,1:sprite/sa1a_sakebu_a1_,,,,,,,,,,,,,,,,,,,,,,,,,
,sa_se_na_b2,sprite/sa1b_naku_b1_,1,100%,1:sprite/sa1b_naku_b1_,,,,,,,,,,,,,,,,,,,,,,,,,,
,sa_se_sa_a1,sprite/sa1a_sakebu_a1_,3,100%,3:sprite/sa1a_sakebu_a1_,,,,,,,,,,,,,,,,,,,,,,,,,,
,sa_se_sa_b1,sprite/sa1b_sakebu_b1_,3,100%,3:sprite/sa1b_sakebu_b1_,,,,,,,,,,,,,,,,,,,,,,,,,,
,sa_se_wa_a1,sprite/sa1a_warai_a1_,37,95%,37:sprite/sa1a_warai_a1_,1:sprite/me1a_def_a1_,1:sprite/iri3_def1_,,,,,,,,,,,,,,,,,,,,,,,,
,sa_se_wa_b1,sprite/sa1b_warai_b1_,27,82%,27:sprite/sa1b_warai_b1_,4:sprite/sa1b_hau_b2_,1:sprite/sa1b_akuwarai_b1_,1:sprite/flashback/sa1b_warai_b1_,,,,,,,,,,,,,,,,,,,,,,,
,sa_se_ya_a1,sprite/sa1a_yareyare_a1_,9,100%,9:sprite/sa1a_yareyare_a1_,,,,,,,,,,,,,,,,,,,,,,,,,,
,sa_se_ya_a2,sprite/sa1a_yareyare_a2_,4,100%,4:sprite/sa1a_yareyare_a2_,,,,,,,,,,,,,,,,,,,,,,,,,,
,sa_se_yah_b1,sprite/sa1b_yareyare_b1_,4,100%,4:sprite/sa1b_yareyare_b1_,,,,,,,,,,,,,,,,,,,,,,,,,,
,sa_se_yah_b2,sprite/sa1b_yareyare_b2_,3,100%,3:sprite/sa1b_yareyare_b2_,,,,,,,,,,,,,,,,,,,,,,,,,,
,sa_si_ak_a1,sprite/sa2a_akireru_a1_,15,88%,15:sprite/sa2a_akireru_a1_,1:sprite/sa2b_akuwarai_b1_,1:sprite/sa2b_yareyare_b1_,,,,,,,,,,,,,,,,,,,,,,,,
,sa_si_ak_a2,sprite/sa2b_akireru_b1_,5,100%,5:sprite/sa2b_akireru_b1_,,,,,,,,,,,,,,,,,,,,,,,,,,
,sa_si_aw_a1,sprite/sa2a_akuwarai_a1_,31,89%,31:sprite/sa2a_akuwarai_a1_,1:sprite/ri5_def_a1_,1:sprite/me2_warai_a1_,1:sprite/sa2b_def_b1_,1:sprite/sa2a_def_a1_,,,,,,,,,,,,,,,,,,,,,,
,sa_si_aw_b1,sprite/sa2b_akuwarai_b1_,3,100%,3:sprite/sa2b_akuwarai_b1_,,,,,,,,,,,,,,,,,,,,,,,,,,
,sa_si_bi_a1,sprite/sa2a_odoroki_a1_,40,95%,40:sprite/sa2a_odoroki_a1_,1:sprite/sa2a_hannbeso_a1_,1:sprite/sa2b_warai_b1_,,,,,,,,,,,,,,,,,,,,,,,,
,sa_si_bi_b1,sprite/sa2b_odoroki_b1_,7,100%,7:sprite/sa2b_odoroki_b1_,,,,,,,,,,,,,,,,,,,,,,,,,,
,sa_si_de_a1,sprite/sa2a_def_a1_,10,100%,10:sprite/sa2a_def_a1_,,,,,,,,,,,,,,,,,,,,,,,,,,
,sa_si_ha_a1,sprite/sa2a_hau_a1_,3,100%,3:sprite/sa2a_hau_a1_,,,,,,,,,,,,,,,,,,,,,,,,,,
,sa_si_ha_a2,sprite/sa2a_hau_a2_,1,100%,1:sprite/sa2a_hau_a2_,,,,,,,,,,,,,,,,,,,,,,,,,,
,sa_si_ha_b2,sprite/sa2b_hau_b2_,3,100%,3:sprite/sa2b_hau_b2_,,,,,,,,,,,,,,,,,,,,,,,,,,
,sa_si_hn_a1,sprite/sa2a_hannbeso_a1_,1,100%,1:sprite/sa2a_hannbeso_a1_,,,,,,,,,,,,,,,,,,,,,,,,,,
,sa_si_hn_b1,sprite/sa2b_hannbeso_b1_,1,100%,1:sprite/sa2b_hannbeso_b1_,,,,,,,,,,,,,,,,,,,,,,,,,,
,sa_si_na_a1,sprite/sa2a_naku_a1_,3,100%,3:sprite/sa2a_naku_a1_,,,,,,,,,,,,,,,,,,,,,,,,,,
,sa_si_wa_a1,sprite/sa2a_warai_a1_,30,97%,30:sprite/sa2a_warai_a1_,1:sprite/flashback/sa2a_warai_a1_,,,,,,,,,,,,,,,,,,,,,,,,,
,sa_si_wa_b1,sprite/sa2b_warai_b1_,3,100%,3:sprite/sa2b_warai_b1_,,,,,,,,,,,,,,,,,,,,,,,,,,
,sa_si_ya_a1,sprite/sa2a_yareyare_a1_,9,100%,9:sprite/sa2a_yareyare_a1_,,,,,,,,,,,,,,,,,,,,,,,,,,
,sa_si_ya_a2,sprite/sa2a_yareyare_a2_,1,100%,1:sprite/sa2a_yareyare_a2_,,,,,,,,,,,,,,,,,,,,,,,,,,
,sa_si_yah_b1,sprite/sa2b_yareyare_b1_,3,100%,3:sprite/sa2b_yareyare_b1_,,,,,,,,,,,,,,,,,,,,,,,,,,
,sa_si_yah_b2,sprite/sa2b_yareyare_b2_,2,100%,2:sprite/sa2b_yareyare_b2_,,,,,,,,,,,,,,,,,,,,,,,,,,
,sa_ta_ak_a1,sprite/sa3_akireru_a1_,2,100%,2:sprite/sa3_akireru_a1_,,,,,,,,,,,,,,,,,,,,,,,,,,
,sa_ta_aw_a1,sprite/sa3_akuwarai_a1_,5,100%,5:sprite/sa3_akuwarai_a1_,,,,,,,,,,,,,,,,,,,,,,,,,,
,sa_ta_bi_a1,sprite/sa3_odoroki_a1_,6,100%,6:sprite/sa3_odoroki_a1_,,,,,,,,,,,,,,,,,,,,,,,,,,
,sa_ta_de_a1,sprite/sa3_def_a1_,3,100%,3:sprite/sa3_def_a1_,,,,,,,,,,,,,,,,,,,,,,,,,,
,sa_ta_hn_a1,sprite/sa3_hannbeso_a1_,2,100%,2:sprite/sa3_hannbeso_a1_,,,,,,,,,,,,,,,,,,,,,,,,,,
,sa_ta_wa_a1,sprite/sa3_warai_a1_,2,100%,2:sprite/sa3_warai_a1_,,,,,,,,,,,,,,,,,,,,,,,,,,
,sa_to_bi_a1,sprite/sa5_odoroki_a1_,3,75%,3:sprite/sa5_odoroki_a1_,1:sprite/sa5_sakebu_a1_,,,,,,,,,,,,,,,,,,,,,,,,,
,sa_to_ha_a1,sprite/sa5_hau_a1_,2,100%,2:sprite/sa5_hau_a1_,,,,,,,,,,,,,,,,,,,,,,,,,,
,sa_to_hn_a1,sprite/sa5_hannbeso_a1_,4,100%,4:sprite/sa5_hannbeso_a1_,,,,,,,,,,,,,,,,,,,,,,,,,,
,sa_to_mu_a1,sprite/sa5_muhyou_a1_,2,100%,2:sprite/sa5_muhyou_a1_,,,,,,,,,,,,,,,,,,,,,,,,,,
,sa_to_mu_a2,sprite/sa5_muhyou_a2_,1,100%,1:sprite/sa5_muhyou_a2_,,,,,,,,,,,,,,,,,,,,,,,,,,
,sa_to_sa_a1,sprite/sa5_sakebu_a1_,2,100%,2:sprite/sa5_sakebu_a1_,,,,,,,,,,,,,,,,,,,,,,,,,,
,sa_to_wa_a1,sprite/sa5_warai_a1_,1,100%,1:sprite/sa5_warai_a1_,,,,,,,,,,,,,,,,,,,,,,,,,,
,sa_to_ya_a1,sprite/sa5_yareyare_a1_,4,100%,4:sprite/sa5_yareyare_a1_,,,,,,,,,,,,,,,,,,,,,,,,,,
,sa_to_ya_a2,sprite/sa5_yareyare_a2_,3,100%,3:sprite/sa5_yareyare_a2_,,,,,,,,,,,,,,,,,,,,,,,,,,
,si_ma_aw_a1,sprite/si2_akuwarai_a1_,2,100%,2:sprite/si2_akuwarai_a1_,,,,,,,,,,,,,,,,,,,,,,,,,,
,si_ma_bi_a1,sprite/si2_odoroki_a1_,8,100%,8:sprite/si2_odoroki_a1_,,,,,,,,,,,,,,,,,,,,,,,,,,
,si_ma_de_a1,sprite/si2_def_a1_,15,88%,15:sprite/si2_def_a1_,1:sprite/si2_yowaki_a1_,1:sprite/flashback/si2_def_a1_,,,,,,,,,,,,,,,,,,,,,,,,
,si_ma_ha_a1,sprite/si2_hau_a1_,8,89%,8:sprite/si2_hau_a1_,1:sprite/flashback/si2_hau_a1_,,,,,,,,,,,,,,,,,,,,,,,,,
,si_ma_to_a1,sprite/si2_tokui_a1_,1,100%,1:sprite/si2_tokui_a1_,,,,,,,,,,,,,,,,,,,,,,,,,,
,si_ma_wa_a1,sprite/si2_warai_a1_,11,100%,11:sprite/si2_warai_a1_,,,,,,,,,,,,,,,,,,,,,,,,,,
,si_ma_wi_a1,sprite/si2_wink_a1_,9,100%,9:sprite/si2_wink_a1_,,,,,,,,,,,,,,,,,,,,,,,,,,
,si_ma_yw_a1,sprite/si2_yowaki_a1_,8,100%,8:sprite/si2_yowaki_a1_,,,,,,,,,,,,,,,,,,,,,,,,,,
,si_si_aw_a1,sprite/si1a_akuwarai_a1_,22,54%,22:sprite/si1a_akuwarai_a1_,2:sprite/re1a_warai_a1_,2:sprite/ta1_def_,2:sprite/tomi1_komaru_,1:sprite/me1a_akuwarai_a1_,1:sprite/re1a_nande_a1_,1:sprite/iri1_warai_,1:sprite/tie_1_,1:sprite/iri1_def1_,1:sprite/sa1a_def_a1_,1:sprite/me1b_wink_a1_,1:sprite/ta1_akuwarai_,1:sprite/re1b_warai_b1_,1:sprite/ri1_def_a1_,1:sprite/re1a_komaru_a1_,1:sprite/me1b_odoroki_a1_,1:sprite/si1a_warai_a1_,,,,,,,,,,
,si_si_aw_b1,sprite/si1b_akuwarai_b1_,7,88%,7:sprite/si1b_akuwarai_b1_,1:sprite/si1a_wink_a1_,,,,,,,,,,,,,,,,,,,,,,,,,
,si_si_bi_a1,sprite/si1a_odoroki_a1_,4,80%,4:sprite/si1a_odoroki_a1_,1:sprite/si1a_majime_a1_,,,,,,,,,,,,,,,,,,,,,,,,,
,si_si_bi_b1,sprite/si1a_odoroki_a1_,2,100%,2:sprite/si1a_odoroki_a1_,,,,,,,,,,,,,,,,,,,,,,,,,,
,si_si_de_a1,sprite/si1a_def_a1_,49,94%,49:sprite/si1a_def_a1_,3:sprite/si1a_majime_a1_,,,,,,,,,,,,,,,,,,,,,,,,,
,si_si_de_b1,sprite/si1b_def_b1_,9,69%,9:sprite/si1b_def_b1_,4:sprite/si1a_def_a1_,,,,,,,,,,,,,,,,,,,,,,,,,
,si_si_fu_a1,sprite/si1a_huteki_a1_,2,12%,2:sprite/si1a_huteki_a1_,2:sprite/sa1b_odoroki_b1_,2:sprite/ri1_warai_a1_,2:sprite/si1a_wink_a1_,1:sprite/ri1_komaru_a1_,1:sprite/re1a_komaru_a1_,1:sprite/ri1_niko_a1_,1:sprite/re1a_def_a1_,1:sprite/sa1a_akuwarai_a1_,1:sprite/si1b_warai_b1_,1:sprite/si1b_akuwarai_b1_,1:sprite/si1a_warai_a1_,,,,,,,,,,,,,,,
,si_si_ha_a1,sprite/si1a_hau_a1_,4,100%,4:sprite/si1a_hau_a1_,,,,,,,,,,,,,,,,,,,,,,,,,,
,si_si_ha_b1,sprite/si1a_hau_a1_,1,50%,1:sprite/si1a_hau_a1_,1:sprite/si1b_hau_b1_,,,,,,,,,,,,,,,,,,,,,,,,,
,si_si_ik_a1,sprite/si1a_ikari_a1_,1,100%,1:sprite/si1a_ikari_a1_,,,,,,,,,,,,,,,,,,,,,,,,,,
,si_si_ma_a1,sprite/si1a_majime_a1_,6,100%,6:sprite/si1a_majime_a1_,,,,,,,,,,,,,,,,,,,,,,,,,,
,si_si_th_b1,sprite/si1a_tohoho_a1_,1,100%,1:sprite/si1a_tohoho_a1_,,,,,,,,,,,,,,,,,,,,,,,,,,
,si_si_to_a1,sprite/si1a_tokui_a1_,1,100%,1:sprite/si1a_tokui_a1_,,,,,,,,,,,,,,,,,,,,,,,,,,
,si_si_to_b1,sprite/si1b_tokui_b1_,2,100%,2:sprite/si1b_tokui_b1_,,,,,,,,,,,,,,,,,,,,,,,,,,
,si_si_wa_a1,sprite/si1a_warai_a1_,23,96%,23:sprite/si1a_warai_a1_,1:sprite/re1a_hau_a1_,,,,,,,,,,,,,,,,,,,,,,,,,
,si_si_wa_b1,sprite/si1b_warai_b1_,11,44%,11:sprite/si1b_warai_b1_,2:sprite/si1a_warai_a1_,1:sprite/ta1_warai_,1:sprite/si1a_akuwarai_a1_,1:sprite/me1b_warai_a1_,1:sprite/oisi1_2_,1:sprite/si1a_wink_a1_,1:sprite/me1b_tohoho_a1_,1:sprite/ta1_def_,1:sprite/tomi1_def_,1:sprite/oisi1_1_,1:sprite/iri1_majime2_,1:sprite/me1a_tokui_a1_,1:sprite/ri1_warai_a1_,,,,,,,,,,,,,
,si_si_wi_a1,sprite/si1a_wink_a1_,29,72%,29:sprite/si1a_wink_a1_,3:sprite/si1b_wink_b1_,2:sprite/re1a_def_a1_,1:sprite/flashback/si1a_wink_a1_,1:sprite/tomi1_komaru_,1:sprite/re1b_okoru_b1_,1:sprite/tie_1_,1:sprite/oisi1_2_,1:sprite/re1a_warai_a1_,,,,,,,,,,,,,,,,,,
,si_si_wi_b1,sprite/si1b_wink_b1_,14,78%,14:sprite/si1b_wink_b1_,4:sprite/si1a_wink_a1_,,,,,,,,,,,,,,,,,,,,,,,,,
,si_si_yw_a1,sprite/si1a_yowaki_a1_,2,100%,2:sprite/si1a_yowaki_a1_,,,,,,,,,,,,,,,,,,,,,,,,,,
,ta_si_aw_a1,sprite/ta1_akuwarai_,18,67%,18:sprite/ta1_akuwarai_,2:sprite/ta1_warai_,1:sprite/tomi1_warai_,1:sprite/ri1_niko_a1_,1:sprite/ta1_def_,1:sprite/re1a_nande_a1_,1:sprite/me1b_def_a1_,1:sprite/re1b_def_b1_,1:sprite/tomi1_def_,,,,,,,,,,,,,,,,,,
,ta_si_de_a1,sprite/ta1_def_,55,85%,55:sprite/ta1_def_,2:sprite/ta1_hatena_,2:sprite/ta1_human_,1:sprite/ta1_akuwarai_,1:sprite/re1b_warai_b1_,1:sprite/tomi1_warai_,1:sprite/iri1_def1_,1:sprite/si1b_wink_b1_,1:sprite/ri1_def_a1_,,,,,,,,,,,,,,,,,,
,ta_si_wa_a1,sprite/ta1_warai_,29,88%,29:sprite/ta1_warai_,3:sprite/ta1_def_,1:sprite/ta1_akuwarai_,,,,,,,,,,,,,,,,,,,,,,,,
,ti_si_de_a1,sprite/tie_1_,8,100%,8:sprite/tie_1_,,,,,,,,,,,,,,,,,,,,,,,,,,
,ti_si_ik_a1,sprite/tie_2_,7,70%,7:sprite/tie_2_,1:sprite/me1a_odoroki_a1_,1:sprite/si1b_akuwarai_b1_,1:sprite/me1a_tohoho_a1_,,,,,,,,,,,,,,,,,,,,,,,
,ti_si_ko_a1,sprite/tie_3_,3,33%,3:sprite/tie_3_,3:sprite/tie_2_,2:sprite/tomi1_warai_,1:sprite/si1b_akuwarai_b1_,,,,,,,,,,,,,,,,,,,,,,,
,tm_si_de_a1,sprite/tomi1_def_,54,96%,54:sprite/tomi1_def_,1:sprite/re1a_def_a1_,1:sprite/flashback/tomi1_def_,,,,,,,,,,,,,,,,,,,,,,,,
,tm_si_ko_a1,sprite/tomi1_komaru_,31,100%,31:sprite/tomi1_komaru_,,,,,,,,,,,,,,,,,,,,,,,,,,
,tm_si_wa_a1,sprite/tomi1_warai_,43,100%,43:sprite/tomi1_warai_,,,,,,,,,,,,,,,,,,,,,,,,,,
,tomi_Majime#,sprite/tomi1_shinken_,1,100%,1:sprite/tomi1_shinken_,,,,,,,,,,,,,,,,,,,,,,,,,,
