ps3 sprite file, ps3 image, ryukishi best match, count of best match, confidence,all matches,match,match,match,match,match,match,match,match,match,match,match,match,match,match,match
_mats_024.txt,aka1,aka1,96,97%,96:aka1,1:ma_j2,1:si_h2,1:jsa6,,,,,,,,,,,,
_mats_024.txt,aka2,aka2,97,99%,97:aka2,1:jsa4,,,,,,,,,,,,,,
_kakera52.txt,basu_soukou,eki2,1,100%,1:eki2,,,,,,,,,,,,,,,
wata_ep_02.txt,byo_01,sinryo_sinsatu1,4,100%,4:sinryo_sinsatu1,,,,,,,,,,,,,,,
_mats_022.txt,byo_ten,ke6,5,83%,5:ke6,1:ke5,,,,,,,,,,,,,,
_mats_022.txt,chika_rouka,sr_2,5,62%,5:sr_2,3:sr_1,,,,,,,,,,,,,,
_mats_022.txt,chika_sekyurithi,torakku2,21,100%,21:torakku2,,,,,,,,,,,,,,,
_mats_op.txt,chika_shisetsu,ko1,6,55%,6:ko1,5:sr_1,,,,,,,,,,,,,,
_mina_op.txt,damu2,damu2,11,73%,11:damu2,2:bg_001,1:damu3,1:bg_182,,,,,,,,,,,,
_mina_026.txt,damu4,damu3,4,57%,4:damu3,1:bg_005,1:bg_004,1:damu2,,,,,,,,,,,,
onik_002.txt,damu4_01,NO_MATCH,0,0%,,,,,,,,,,,,,,,,
_mats_018.txt,denwa,denwa,18,100%,18:denwa,,,,,,,,,,,,,,,
_meak_tips_08.txt,eki,bg_012,3,50%,3:bg_012,3:eki2,,,,,,,,,,,,,,
_mats_025.txt,file,file,24,100%,24:file,,,,,,,,,,,,,,,
_mats_008.txt,fure1,fure1,8,100%,8:fure1,,,,,,,,,,,,,,,
_mats_008.txt,fure2,fure2,8,89%,8:fure2,1:fure3,,,,,,,,,,,,,,
_mats_025.txt,furiker_a,f_a,11,85%,11:f_a,2:bg0,,,,,,,,,,,,,,
_mats_025.txt,furiker_b,f_b,10,83%,10:f_b,1:furiker_b,1:bg0,,,,,,,,,,,,,
_mats_025.txt,furiker_c,bg0,8,80%,8:bg0,2:f_b,,,,,,,,,,,,,,
_mats_013.txt,g1,g1,74,100%,74:g1,,,,,,,,,,,,,,,
_tsum_026.txt,g1_01,g1,7,88%,7:g1,1:gr4,,,,,,,,,,,,,,
_mats_013.txt,g2,g2,42,93%,42:g2,2:g1,1:gk1,,,,,,,,,,,,,
_tsum_026.txt,g2_01,g2,10,100%,10:g2,,,,,,,,,,,,,,,
_mina_019.txt,g3,g3,10,77%,10:g3,1:gr1,1:gr2,1:denwa,,,,,,,,,,,,
_tsum_026.txt,g3_01,g3,3,100%,3:g3,,,,,,,,,,,,,,,
_meak_001.txt,ga1,ga1,4,100%,4:ga1,,,,,,,,,,,,,,,
_mats_025.txt,gk1,gk1,171,56%,171:gk1,72:gk2,62:gk3,1:bg_235,,,,,,,,,,,,
_tsum_026.txt,gk1_01,gk1,10,40%,10:gk1,9:gk3,6:gk2,,,,,,,,,,,,,
_mats_025.txt,gk3,gk2,123,53%,123:gk2,71:gk3,40:gk1,,,,,,,,,,,,,
_kakera36.txt,gr1,gr1,67,87%,67:gr1,7:gr2,2:g2,1:g1,,,,,,,,,,,,
_tsum_025.txt,gr1_01,gr1,2,100%,2:gr1,,,,,,,,,,,,,,,
_mats_025.txt,gr2,gr2,60,98%,60:gr2,1:g1,,,,,,,,,,,,,,
_tsum_026.txt,gr2_01,gr2,7,100%,7:gr2,,,,,,,,,,,,,,,
_kakera36.txt,gr3,gr3,19,68%,19:gr3,9:gr4,,,,,,,,,,,,,,
_mina_ep.txt,gry2,gry1,4,100%,4:gry1,,,,,,,,,,,,,,,
_kakera45.txt,gy3_01,gy3,4,40%,4:gy3,2:gy4,1:gr4,1:gy1,1:gy2,1:sora6,,,,,,,,,,
_tsum_026.txt,gy7,gy1,1,33%,1:gy1,1:gy2,1:gy8,,,,,,,,,,,,,
tata_013_02.txt,hasi1,bg_029,3,100%,3:bg_029,,,,,,,,,,,,,,,
hima_002.txt,hasi3,bg_032,2,33%,2:bg_032,2:bg_031,1:bg_030,1:bg_033,,,,,,,,,,,,
_mats_024.txt,heri_gunji_01,heri1,2,50%,2:heri1,2:heri2,,,,,,,,,,,,,,
_mats_016.txt,heya1,heya2,19,40%,19:heya2,14:heya3,13:heya1,2:heya4,,,,,,,,,,,,
_kakera15.txt,heya1_04,ima3,1,25%,1:ima3,1:ima1,1:heya2,1:heya1,,,,,,,,,,,,
hima_tips_07.txt,heya1_05,heya1,1,100%,1:heya1,,,,,,,,,,,,,,,
_mats_016.txt,heya6,heya6,7,44%,7:heya6,4:ryouri2,2:ryouri,2:nomi3,1:heya1,,,,,,,,,,,
_mats_op.txt,hi1,hi2,19,49%,19:hi2,13:hi1,4:hi6,1:hi4,1:hi10,1:hi8,,,,,,,,,,
onik_009.txt,hi1_01,hi1,1,100%,1:hi1,,,,,,,,,,,,,,,
hima_002.txt,hi3,hi3,4,100%,4:hi3,,,,,,,,,,,,,,,
_kakera33.txt,hi4,hi4,4,80%,4:hi4,1:hi5,,,,,,,,,,,,,,
_mats_018.txt,hi4_01,hi4,2,67%,2:hi4,1:m_hi10,,,,,,,,,,,,,,
_tsum_006.txt,hi5,hi5,7,100%,7:hi5,,,,,,,,,,,,,,,
_kakera37.txt,hi5_01,hi5,2,50%,2:hi5,1:m_hi6,1:hi8,,,,,,,,,,,,,
_mats_023.txt,hi9,hi9,6,100%,6:hi9,,,,,,,,,,,,,,,
_mats_023.txt,hi_scroll,mura2,8,89%,8:mura2,1:m_hi9,,,,,,,,,,,,,,
_mats_025.txt,hi_scroll_01,mura2,1,100%,1:mura2,,,,,,,,,,,,,,,
_kakera48.txt,ho1,ho1_houjouke,14,74%,14:ho1_houjouke,5:ho2_houjouke,,,,,,,,,,,,,,
_mina_011_1.txt,ho1_01,ho2_houjouke,1,50%,1:ho2_houjouke,1:ho1_houjouke,,,,,,,,,,,,,,
_mina_019.txt,ho1_02,ho1_houjouke,7,50%,7:ho1_houjouke,7:ho2_houjouke,,,,,,,,,,,,,,
_kakera32.txt,ho_2,ho_2,5,100%,5:ho_2,,,,,,,,,,,,,,,
_kakera32.txt,ho_r1,ho_r1,13,100%,13:ho_r1,,,,,,,,,,,,,,,
tata_001.txt,honoo,NO_MATCH,0,0%,,,,,,,,,,,,,,,,
_mats_019.txt,hoteru,hoteru,7,78%,7:hoteru,1:jansou2,1:si_h1,,,,,,,,,,,,,
_mats_021.txt,hu2,hu1,3,60%,3:hu1,2:hu2,,,,,,,,,,,,,,
_mats_018.txt,hu2_01,hu1,2,67%,2:hu1,1:hu2,,,,,,,,,,,,,,
_kakera52.txt,hu_ima,NO_MATCH,0,0%,,,,,,,,,,,,,,,,
_mats_025.txt,hu_r1,hu_r1,26,35%,26:hu_r1,26:hu_r2,22:hu_r3,1:bg_063,,,,,,,,,,,,
_mats_012.txt,hu_r4,hu_r4,12,100%,12:hu_r4,,,,,,,,,,,,,,,
onik_015_02.txt,hu_tenjyou,ma_j3,1,100%,1:ma_j3,,,,,,,,,,,,,,,
_mats_015.txt,ie1,ie1,9,50%,9:ie1,4:ie2,1:g2,1:m_hi3,1:ma4,1:m_hi2,1:hi5,,,,,,,,,
_mina_020.txt,ie1_01,ie2,2,67%,2:ie2,1:ie1,,,,,,,,,,,,,,
_mats_018.txt,ima1,ima1,15,65%,15:ima1,7:ima2,1:ima3,,,,,,,,,,,,,
_mats_025.txt,ima3,heya4,6,32%,6:heya4,6:ima2,5:ima3,1:heya3,1:heya2,,,,,,,,,,,
_mats_025.txt,jansou,bg_071,4,50%,4:bg_071,3:jansou2,1:jansou,,,,,,,,,,,,,
_mats_025.txt,jd4,jd4,24,89%,24:jd4,2:je4,1:je1,,,,,,,,,,,,,
onik_009_02.txt,jd4_01,jd4,1,50%,1:jd4,1:je2,,,,,,,,,,,,,,
_mats_025.txt,je1,je1,20,40%,20:je1,11:je3,6:jd3,6:je4,5:je2,1:jd1,1:jd2,,,,,,,,,
_mats_025.txt,je2,je4,22,39%,22:je4,16:je2,6:jd3,4:jd1,4:je3,3:je1,1:jd4,,,,,,,,,
_mats_017.txt,ji1,ji1,8,35%,8:ji1,5:ji5,4:ji3,2:ji4,2:jok1,1:ji2,1:hi1,,,,,,,,,
_mats_025.txt,ji1_01,ji5,10,71%,10:ji5,2:ji1,1:jok1,1:ji3,,,,,,,,,,,,
_mats_014.txt,ji2,ji2,31,86%,31:ji2,2:ji1,1:ji3,1:jy2,1:ji7,,,,,,,,,,,
_mats_018.txt,ji2_01,ji2,11,52%,11:ji2,4:ji3,2:ji6,2:ji7,1:ji5,1:js2,,,,,,,,,,
_mats_014.txt,ji6,ji6,11,52%,11:ji6,5:ji4,4:ji3,1:ji5,,,,,,,,,,,,
_mats_021.txt,jok1,jok1,9,90%,9:jok1,1:bg_085,,,,,,,,,,,,,,
_tsum_012_1.txt,jok2,jok2,2,50%,2:jok2,2:bg_085,,,,,,,,,,,,,,
_mina_004.txt,js1,bg_079,2,40%,2:bg_079,2:ji4,1:js1,,,,,,,,,,,,,
_mina_004.txt,js1_01,ji5,2,29%,2:ji5,2:js1,1:ji1,1:js2,1:bg_079,,,,,,,,,,,
_mina_006.txt,js3,js3,3,100%,3:js3,,,,,,,,,,,,,,,
_meak_016_2.txt,js3_01,jsa2,2,100%,2:jsa2,,,,,,,,,,,,,,,
_mina_004.txt,js4,js4,5,56%,5:js4,4:js3,,,,,,,,,,,,,,
_mina_004.txt,js4_01,js4,5,83%,5:js4,1:terebi1,,,,,,,,,,,,,,
_kakera27.txt,js4_02,js4,22,43%,22:js4,14:js5,10:js6,3:jys1,1:jys2,1:heya6,,,,,,,,,,
_mina_006.txt,jsa1,jsa1,5,62%,5:jsa1,2:jysa1,1:jsa3,,,,,,,,,,,,,
_mina_006.txt,jsa7,jsa7,8,26%,8:jsa7,7:heya1,5:jsa4,4:heya6,3:heya4,1:heya2,1:heya5,1:are4_nega1,1:jsa3,,,,,,,
_mats_021.txt,jsa7_01,jsa4,4,67%,4:jsa4,1:jsa2,1:jsa7,,,,,,,,,,,,,
_mats_011.txt,jt1,jt1,12,63%,12:jt1,3:hi6,2:hi2,1:sora,1:m_hi3,,,,,,,,,,,
_mats_018.txt,jt1_01,haikei,1,50%,1:haikei,1:jt1,,,,,,,,,,,,,,
_mats_011.txt,jt2,jt2,9,100%,9:jt2,,,,,,,,,,,,,,,
_mats_018.txt,jt2_01,jt2,3,75%,3:jt2,1:jt1,,,,,,,,,,,,,,
_mats_007.txt,juku1_01,juku1,4,100%,4:juku1,,,,,,,,,,,,,,,
_mats_014.txt,jy1,jy1,7,78%,7:jy1,2:ji1,,,,,,,,,,,,,,
_mats_025.txt,jy2,jy2,11,73%,11:jy2,2:ji2,2:ji7,,,,,,,,,,,,,
_kakera27.txt,jys1,js1,10,48%,10:js1,9:js2,1:ji1,1:jok2,,,,,,,,,,,,
_meak_tips_14.txt,jysa1,jysa1,10,100%,10:jysa1,,,,,,,,,,,,,,,
_mina_021.txt,jyt1,jyt1,4,67%,4:jyt1,1:hi1,1:hi2,,,,,,,,,,,,,
_mats_018.txt,jyt2,jyt2,8,89%,8:jyt2,1:ie2,,,,,,,,,,,,,,
_kakera25.txt,k_kouen1,kouen,1,50%,1:kouen,1:benti1,,,,,,,,,,,,,,
_meak_005.txt,k_kouen1_01,kouen,1,100%,1:kouen,,,,,,,,,,,,,,,
_kakera51.txt,k_oyashiro,NO_MATCH,0,0%,,,,,,,,,,,,,,,,
_mats_010.txt,k_ten2,ho1_tokyo,6,60%,6:ho1_tokyo,4:ho2_tokyo,,,,,,,,,,,,,,
_mats_010.txt,ka1_01,ka2,12,41%,12:ka2,10:ka1,3:ka3,3:g3,1:ka5,,,,,,,,,,,
_mats_022.txt,ka4,ka1,6,40%,6:ka1,3:ka2,3:ka4,2:ka5,1:ka3,,,,,,,,,,,
_mats_020.txt,kai_jyun,ke_s3,5,100%,5:ke_s3,,,,,,,,,,,,,,,
_mats_020.txt,kai_ten,ke_s3,3,60%,3:ke_s3,1:ke6,1:ke5,,,,,,,,,,,,,
_kakera52.txt,kakera,kakera3,2,67%,2:kakera3,1:kakera5,,,,,,,,,,,,,,
_tsum_010.txt,kawa1,kawa1,4,50%,4:kawa1,1:bg_006,1:bg_087,1:ji2,1:kawa5,,,,,,,,,,,
hima_002.txt,kawa4,bg_005,1,50%,1:bg_005,1:hi2,,,,,,,,,,,,,,
_mats_019.txt,ke1,ke1,5,62%,5:ke1,1:kuruma1,1:bg_091,1:sora,,,,,,,,,,,,
_meak_012.txt,ke1_01,ke1,1,100%,1:ke1,,,,,,,,,,,,,,,
_mats_019.txt,ke2,ke2,5,56%,5:ke2,1:bg_173,1:mati_ji4,1:ke4,1:ke3,,,,,,,,,,,
_mats_022.txt,ke5,ke5,31,60%,31:ke5,12:ke6,2:terebi1,1:kuruma1,1:ke_s1,1:tosyo8,1:ka5,1:ka2,1:ka3,1:ka4,,,,,,
_mats_025.txt,ke_ky1,ke_ky1,7,58%,7:ke_ky1,4:ke_ky3,1:ke_ky2,,,,,,,,,,,,,
_mats_012.txt,ke_ky2,tosyo7,7,41%,7:tosyo7,4:ke_ky2,4:tosyo8,2:tosyo3,,,,,,,,,,,,
_mats_019.txt,ke_robbie,ke_r1,8,57%,8:ke_r1,6:ke_r2,,,,,,,,,,,,,,
_mats_019.txt,ke_s2,ke_s1,22,56%,22:ke_s1,15:ke_s2,1:kuruma1,1:ke_ky4,,,,,,,,,,,,
staffroom.txt,ke_shiryou1_02,NO_MATCH,0,0%,,,,,,,,,,,,,,,,
hima_tips_14.txt,kimi_o1_08,terebi1,1,100%,1:terebi1,,,,,,,,,,,,,,,
_kakera52.txt,koudou,mati16,1,100%,1:mati16,,,,,,,,,,,,,,,
_mats_024.txt,koya1,koya2,5,62%,5:koya2,3:koya1,,,,,,,,,,,,,,
_mats_024.txt,koya1_02,koya1,2,67%,2:koya1,1:bg_096,,,,,,,,,,,,,,
hima_004.txt,kukou1,NO_MATCH,0,0%,,,,,,,,,,,,,,,,
_mats_023.txt,kuruma1,kuruma1,30,94%,30:kuruma1,1:kuruma2,1:kuruma3,,,,,,,,,,,,,
_tsum_026.txt,kuruma1_02,kuruma1,16,100%,16:kuruma1,,,,,,,,,,,,,,,
_mats_023.txt,kuruma2,kuruma2,24,92%,24:kuruma2,2:kuruma3,,,,,,,,,,,,,,
hima_003_03.txt,kuruma2_01,kuruma2,2,100%,2:kuruma2,,,,,,,,,,,,,,,
_tsum_026.txt,kuruma2_02,kuruma2,10,100%,10:kuruma2,,,,,,,,,,,,,,,
hima_003_03.txt,kuruma3,m_hi9,2,67%,2:m_hi9,1:kuruma3,,,,,,,,,,,,,,
_tsum_012_2.txt,kuruma3_01,kuruma3,5,71%,5:kuruma3,1:gr2,1:kuruma2,,,,,,,,,,,,,
_tsum_026.txt,kuruma3_02,kuruma3,14,100%,14:kuruma3,,,,,,,,,,,,,,,
_mats_012.txt,kuruma4,kuruma4,18,72%,18:kuruma4,2:kuruma1,2:kuruma8,1:kuruma5,1:ke_s1,1:kuruma6,,,,,,,,,,
tata_011_03.txt,kuruma4_01,kuruma4,3,100%,3:kuruma4,,,,,,,,,,,,,,,
_mats_002.txt,kuruma5,kuruma5,11,92%,11:kuruma5,1:kuruma4,,,,,,,,,,,,,,
_mina_019.txt,kuruma5_01,bg_106,1,33%,1:bg_106,1:mati4,1:kuruma2,,,,,,,,,,,,,
_meak_001.txt,kuruma5_02,kuruma8,3,75%,3:kuruma8,1:kuruma5,,,,,,,,,,,,,,
tata_011_03.txt,kuruma5_03,kuruma5,1,100%,1:kuruma5,,,,,,,,,,,,,,,
_kakera51.txt,kuruma5_04,kuruma4,1,100%,1:kuruma4,,,,,,,,,,,,,,,
_kakera42.txt,kuruma5_05,kuruma5,3,50%,3:kuruma5,3:kuruma4,,,,,,,,,,,,,,
_mats_023.txt,kuruma6,kuruma6,16,84%,16:kuruma6,2:kuruma1,1:sya1,,,,,,,,,,,,,
_tsum_017.txt,m_hi1,m_hi1,14,58%,14:m_hi1,4:ma4,3:ie2,1:m_hi2,1:m_hi7,1:m_hi5,,,,,,,,,,
_mina_020.txt,m_hi1_01,m_hi1,2,100%,2:m_hi1,,,,,,,,,,,,,,,
_mats_025.txt,m_hi3,m_hi3,17,50%,17:m_hi3,11:m_hi2,2:m_hi4,1:bg_005,1:m_hi5,1:m_hi7,1:hi5,,,,,,,,,
_mina_016.txt,m_hi3_01,m_hi3,3,75%,3:m_hi3,1:m_hi2,,,,,,,,,,,,,,
_mats_017.txt,m_hi4,m_hi4,13,52%,13:m_hi4,12:m_hi9,,,,,,,,,,,,,,
_mats_025.txt,m_hi4_01,m_hi4,6,67%,6:m_hi4,1:hi4,1:m_hi9,1:m_hi13,,,,,,,,,,,,
_mina_009_2.txt,m_hi5,m_hi5,5,45%,5:m_hi5,3:m_hi13,2:hi5,1:m_hi15,,,,,,,,,,,,
_tsum_004.txt,m_hi5_01,m_hi5,1,50%,1:m_hi5,1:m_hi7,,,,,,,,,,,,,,
_mina_009_2.txt,m_hi6,m_hi6,7,88%,7:m_hi6,1:m_hi9,,,,,,,,,,,,,,
_kakera38.txt,m_hi6_01,m_hi6,2,40%,2:m_hi6,1:so3,1:m_hi8,1:m_hi12,,,,,,,,,,,,
_mina_tips_005.txt,m_hi8,m_hi8,5,56%,5:m_hi8,1:m_hi7,1:hi3,1:m_hi12,1:mati11,,,,,,,,,,,
_mina_ep.txt,m_y1,m_y1,5,62%,5:m_y1,2:m_y6,1:y_ie2,,,,,,,,,,,,,
_mina_ep.txt,m_y2,m_y2,3,50%,3:m_y2,1:m_y6,1:ymo2,1:ymo3,,,,,,,,,,,,
tata_002.txt,m_y2_02,mati5,1,50%,1:mati5,1:m_hi9,,,,,,,,,,,,,,
_mats_006.txt,m_y2_04,m_y2,4,40%,4:m_y2,2:m_y3,2:m_y6,2:m_y7,,,,,,,,,,,,
_mina_op.txt,m_y4,m_y4,16,84%,16:m_y4,1:sya2,1:m_y6,1:m_hi3,,,,,,,,,,,,
_mats_006.txt,m_y4_04,m_y4,1,100%,1:m_y4,,,,,,,,,,,,,,,
_mina_ep.txt,m_y7,m_y5,1,17%,1:m_y5,1:m_y4,1:m_y6,1:y_ie2,1:m_y1,1:m_y7,,,,,,,,,,
_mats_015.txt,ma1,ma1,19,90%,19:ma1,1:g1,1:ma3,,,,,,,,,,,,,
tata_012.txt,ma1_01,ma1,2,100%,2:ma1,,,,,,,,,,,,,,,
_mina_020.txt,ma1_02,ma1,4,80%,4:ma1,1:ma3,,,,,,,,,,,,,,
_mina_011_1.txt,ma2,ma2,31,94%,31:ma2,2:ma1,,,,,,,,,,,,,,
tata_012.txt,ma2_01,ma2,6,100%,6:ma2,,,,,,,,,,,,,,,
_tsum_tips_012.txt,ma3,ma3,7,58%,7:ma3,3:ma4,1:ie2,1:kusa,,,,,,,,,,,,
tata_012.txt,ma3_01,ma3,1,100%,1:ma3,,,,,,,,,,,,,,,
_tsum_004.txt,ma3_02,ma4,4,100%,4:ma4,,,,,,,,,,,,,,,
_tsum_023_2.txt,ma5,ma5,3,100%,3:ma5,,,,,,,,,,,,,,,
tata_011_03.txt,ma5_01,ma5,1,100%,1:ma5,,,,,,,,,,,,,,,
_mina_003_1.txt,ma_d1,ma_d1,13,62%,13:ma_d1,4:ribing1,3:bg_210,1:bg_116,,,,,,,,,,,,
_tsum_022.txt,ma_d1_01,NO_MATCH,0,0%,,,,,,,,,,,,,,,,
_mina_003_1.txt,ma_g1,ma_g1,12,92%,12:ma_g1,1:ma_g3,,,,,,,,,,,,,,
wata_003.txt,ma_g1_01,ma_g1,1,100%,1:ma_g1,,,,,,,,,,,,,,,
_tsum_022.txt,ma_g2,ma_g2,5,100%,5:ma_g2,,,,,,,,,,,,,,,
_mina_011_2.txt,ma_g3,ma_g3,5,83%,5:ma_g3,1:ma_g2,,,,,,,,,,,,,,
_tsum_019.txt,ma_g3_01,ma_g3,17,85%,17:ma_g3,2:ma_g1,1:bg_210,,,,,,,,,,,,,
onik_014_02.txt,ma_g3_02,ma2,1,100%,1:ma2,,,,,,,,,,,,,,,
_tsum_022.txt,ma_j3,ma_j1,9,60%,9:ma_j1,3:ma_j3,2:ma_j2,1:ribing1,,,,,,,,,,,,
_tsum_023_1.txt,ma_j3_01,ma_j1,18,42%,18:ma_j1,14:ma_j3,11:ma_j2,,,,,,,,,,,,,
tata_009_02.txt,ma_j3_03,NO_MATCH,0,0%,,,,,,,,,,,,,,,,
wata_003.txt,ma_j3_05,ma_j2,3,50%,3:ma_j2,2:ma_j1,1:ma_j3,,,,,,,,,,,,,
_mina_011_2.txt,ma_s1,ribing1,37,51%,37:ribing1,28:bg_210,3:ma_s1,2:bg_116,1:ma_j1,1:ma_j3,1:ma_d1,,,,,,,,,
_tsum_019.txt,ma_s1_01,ma_s1,1,100%,1:ma_s1,,,,,,,,,,,,,,,
_mats_010.txt,mati12,mati12,9,90%,9:mati12,1:mati9,,,,,,,,,,,,,,
_mina_019.txt,mati2,mati2,22,73%,22:mati2,5:mati1,1:re3,1:hi6,1:mati10,,,,,,,,,,,
_mina_008.txt,mati2_01,mati6,1,50%,1:mati6,1:mati4,,,,,,,,,,,,,,
_kakera42.txt,mati2_04,mati14,1,100%,1:mati14,,,,,,,,,,,,,,,
_mats_017.txt,mati3,mati3,12,71%,12:mati3,3:mati1,1:mati5,1:mati4,,,,,,,,,,,,
_mina_008.txt,mati3_01,mati3,2,50%,2:mati3,1:mati1,1:mati5,,,,,,,,,,,,,
_kakera42.txt,mati3_04,mati9,1,100%,1:mati9,,,,,,,,,,,,,,,
_mats_020.txt,mati4,mati4,11,55%,11:mati4,4:mati1,2:mati11,1:mati7,1:mati3,1:mati17,,,,,,,,,,
_mina_012.txt,mati4_01,kouen,3,75%,3:kouen,1:mati4,,,,,,,,,,,,,,
_kakera42.txt,mati4_04,mati15,1,100%,1:mati15,,,,,,,,,,,,,,,
_mats_012.txt,mati7,bg_237,4,40%,4:bg_237,2:mati7,1:bg_168,1:bg_135,1:mati9,1:mati14,,,,,,,,,,
_mina_019.txt,mati_ji1,mati_ji2,6,46%,6:mati_ji2,6:mati_ji1,1:mati_ji3,,,,,,,,,,,,,
_mats_020.txt,mati_o1,mati_o1,24,83%,24:mati_o1,2:mati5,1:sora,1:mati_o6,1:mati16,,,,,,,,,,,
_mina_008.txt,mati_o1_01,mati_o1,1,100%,1:mati_o1,,,,,,,,,,,,,,,
_mina_008.txt,mati_o2,mati_o2,15,50%,15:mati_o2,7:bg_155,3:mati_o5,3:mati_o3,2:mati_o4,,,,,,,,,,,
_mina_008.txt,mati_o4,mati_o5,31,53%,31:mati_o5,24:mati_o4,2:jansou2,1:mati_o3,,,,,,,,,,,,
_kakera46.txt,mati_o6,mati_o6,4,100%,4:mati_o6,,,,,,,,,,,,,,,
_mats_024.txt,mo1,mo1,29,91%,29:mo1,1:hi1,1:simen2,1:sora4,,,,,,,,,,,,
tata_011_02.txt,mo1_01,mo1,6,86%,6:mo1,1:ymo1,,,,,,,,,,,,,,
_mats_024.txt,mo1_02,mo1,3,75%,3:mo1,1:ymo1,,,,,,,,,,,,,,
_mats_024.txt,mo2,mo2,17,57%,17:mo2,10:mo8,1:mo3,1:mo6,1:mo4,,,,,,,,,,,
onik_015_02.txt,mo2_01,mo2,2,100%,2:mo2,,,,,,,,,,,,,,,
_mats_024.txt,mo2_02,mo2,5,50%,5:mo2,4:mo8,1:mo4,,,,,,,,,,,,,
_mats_025.txt,mo3,mo3,12,41%,12:mo3,10:mo6,3:mo2,2:sora,1:mo4,1:mo8,,,,,,,,,,
_tsum_010.txt,mo3_01,mo3,3,75%,3:mo3,1:mo2,,,,,,,,,,,,,,
_mats_024.txt,mo3_02,mo3,7,78%,7:mo3,1:mo4,1:mo6,,,,,,,,,,,,,
_mats_024.txt,mo4,mo4,9,100%,9:mo4,,,,,,,,,,,,,,,
onik_015_02.txt,mo4_01,mo4,1,100%,1:mo4,,,,,,,,,,,,,,,
_mats_024.txt,mo4_02,mo4,8,100%,8:mo4,,,,,,,,,,,,,,,
_mats_006.txt,mo4_04,mo4,3,100%,3:mo4,,,,,,,,,,,,,,,
hima_002.txt,mo_b1,sora,2,50%,2:sora,1:bg_092,1:sora3,,,,,,,,,,,,,
_mats_023.txt,mo_g1,mo_g1,5,62%,5:mo_g1,1:hi3,1:mo_g4,1:mo_g5,,,,,,,,,,,,
_tsum_op.txt,mo_g1_01,mo_g1,5,56%,5:mo_g1,4:mo_g4,,,,,,,,,,,,,,
_tsum_010.txt,mo_g2,mo_g2,2,67%,2:mo_g2,1:mo_g4,,,,,,,,,,,,,,
onik_003.txt,mo_g2_01,mo_g2,1,100%,1:mo_g2,,,,,,,,,,,,,,,
_tsum_008.txt,mo_g3_01,mo_g4,2,67%,2:mo_g4,1:mo_g3,,,,,,,,,,,,,,
_tsum_018.txt,mo_r1,mo_r1,2,100%,2:mo_r1,,,,,,,,,,,,,,,
_tsum_010.txt,mo_r1_01,mo_r1,3,75%,3:mo_r1,1:mo_r2,,,,,,,,,,,,,,
_tsum_005.txt,mo_r1_02,mo_r1,1,50%,1:mo_r1,1:mo_r2,,,,,,,,,,,,,,
_tsum_020.txt,mo_r1_03,mo_r1,2,50%,2:mo_r1,1:mo_yg1,1:mo_yg4,,,,,,,,,,,,,
_tsum_021.txt,mo_yg1,mo_yg4,9,60%,9:mo_yg4,6:mo_yg1,,,,,,,,,,,,,,
_kakera23.txt,mob1_01,mo_b1,4,57%,4:mo_b1,1:m_hi9,1:hi9,1:benti2,,,,,,,,,,,,
_mats_025.txt,moon,moon,114,92%,114:moon,2:sora,2:sora6,1:m_y3,1:y_ie2,1:sora2,1:gy6,1:gy8,1:gy7,,,,,,,
_mina_ep.txt,moon_01,NO_MATCH,0,0%,,,,,,,,,,,,,,,,
_mats_024.txt,negative/fure1,NO_MATCH,0,0%,,,,,,,,,,,,,,,,
_kakera51.txt,neki1_02,mati14,2,40%,2:mati14,1:mati9,1:mati13,1:mati15,,,,,,,,,,,,
_mina_tips_012.txt,nort,nort,2,67%,2:nort,1:nort2,,,,,,,,,,,,,,
_mats_017.txt,ohaka_02,so3,2,67%,2:so3,1:sora4,,,,,,,,,,,,,,
_mats_017.txt,oki_g3,oki_g3,22,47%,22:oki_g3,21:oki_g2,2:oki_g1,2:kouen,,,,,,,,,,,,
_tsum_tips_014.txt,oni1,oni2,3,60%,3:oni2,1:hi2,1:oni1,,,,,,,,,,,,,
_tsum_013.txt,oyashirosama,NO_MATCH,0,0%,,,,,,,,,,,,,,,,
_mats_006.txt,re_g1,re_g1,7,70%,7:re_g1,1:re_s2_rena,1:si_h2,1:re_h3,,,,,,,,,,,,
_mats_006.txt,re_h1,re_h1,11,85%,11:re_h1,1:si_h6,1:re_h2,,,,,,,,,,,,,
_tsum_018.txt,re_h3,re_h3,7,88%,7:re_h3,1:re_h2,,,,,,,,,,,,,,
_tsum_018.txt,re_s2,re_s2_rena,6,50%,6:re_s2_rena,3:re_s1_rena,1:sora,1:re_h2,1:si_d1,,,,,,,,,,,
_tsum_009.txt,re_s4,re_s4,1,100%,1:re_s4,,,,,,,,,,,,,,,
_kakera37.txt,re_s4_01,re_s3,2,50%,2:re_s3,1:re_s1_rena,1:re_s4,,,,,,,,,,,,,
_mats_016.txt,re_tel,re_tel,26,81%,26:re_tel,3:so_g1,2:si_h2,1:re_h2,,,,,,,,,,,,
_mats_025.txt,res1,re1,33,53%,33:re1,12:re6,10:re3,6:re5,1:bg0,,,,,,,,,,,
wata_005.txt,res1_01,re1,2,67%,2:re1,1:re3,,,,,,,,,,,,,,
_mina_013.txt,res2,re2,9,56%,9:re2,3:re6,2:re3,1:re4,1:re1,,,,,,,,,,,
_mina_013.txt,res4,re4,20,80%,20:re4,4:re6,1:re3,,,,,,,,,,,,,
wata_002.txt,res4_01,re4,2,100%,2:re4,,,,,,,,,,,,,,,
_mina_013.txt,res5,re5,37,45%,37:re5,20:re3,18:re6,4:re1,2:re4,1:re2,1:re_s1_resut,,,,,,,,,
wata_002.txt,res5_01,re5,2,100%,2:re5,,,,,,,,,,,,,,,
_mats_025.txt,res_s1,re_s1_resut,7,50%,7:re_s1_resut,5:re_s2_resut,1:bg_168,1:re_d1,,,,,,,,,,,,
wata_005.txt,res_s1_01,re_s2_resut,1,50%,1:re_s2_resut,1:mati6,,,,,,,,,,,,,,
_kakera38.txt,rouka1,rouka1,8,100%,8:rouka1,,,,,,,,,,,,,,,
_tsum_023_1.txt,rouka1_01,rouka2,3,60%,3:rouka2,1:ima3,1:ryouteig,,,,,,,,,,,,,
_meak_017.txt,rouka1_02,rouka3,1,100%,1:rouka3,,,,,,,,,,,,,,,
_tsum_023_1.txt,ryoutei2_01,ryoutei2,7,33%,7:ryoutei2,6:ima1,5:ryoutei1,3:ima2,,,,,,,,,,,,
_mats_002.txt,ryuuketu1,ryuuketu1,54,93%,54:ryuuketu1,1:ji2_mono1,1:jsa2_mono1,1:white_mono1,1:white_mono1_6,,,,,,,,,,,
_mina_006.txt,saiguden_01,jsa3,5,42%,5:jsa3,4:jsa4,2:jsa5,1:jsa8,,,,,,,,,,,,
wata_012_03.txt,saiguden_02,jsa3,5,83%,5:jsa3,1:jsa5,,,,,,,,,,,,,,
_tsum_007.txt,saten1,saten1,3,50%,3:saten1,2:saten3,1:saten2,,,,,,,,,,,,,
_tsum_007.txt,saten2,saten2,3,75%,3:saten2,1:saten3,,,,,,,,,,,,,,
flow.txt,scenario/background,NO_MATCH,0,0%,,,,,,,,,,,,,,,,
_tsum_019.txt,si_g1,si_h1,7,54%,7:si_h1,3:si_g1,2:si_h3,1:si_h4,,,,,,,,,,,,
_mats_020.txt,si_h2,si_h2,15,62%,15:si_h2,4:si_h1,3:si_h3,1:si_h6,1:si_h4,,,,,,,,,,,
_mats_019.txt,si_h2_01,si_h2,13,81%,13:si_h2,1:sinario_a,1:si_h3,1:re_h3,,,,,,,,,,,,
_meak_ep_02.txt,si_h3,si_h3,5,83%,5:si_h3,1:si_h2,,,,,,,,,,,,,,
_mats_002.txt,si_h6,si_h6,4,80%,4:si_h6,1:si_h2,,,,,,,,,,,,,,
_kakera17.txt,si_mansion,si_g2,2,100%,2:si_g2,,,,,,,,,,,,,,,
_tsum_tips_014.txt,simen3,simen2,16,52%,16:simen2,10:simen1,3:bg_183,2:bg_182,,,,,,,,,,,,
_mats_025.txt,sinryou_matiai1,sinryo_matiai1,20,74%,20:sinryo_matiai1,7:sinryo_matiai2,,,,,,,,,,,,,,
hima_003_05.txt,sinryou_matiai1_01,sinryo_matiai1,1,100%,1:sinryo_matiai1,,,,,,,,,,,,,,,
_mats_022.txt,sinryou_sinsatu1,sinryo_sinsatu1,32,74%,32:sinryo_sinsatu1,6:sinryo_sinsatu2,3:sinryo_sinsatu3,2:yo1,,,,,,,,,,,,
hima_003_04.txt,sinryou_sinsatu1_02,sinryo_sinsatu1,7,100%,7:sinryo_sinsatu1,,,,,,,,,,,,,,,
_mats_022.txt,sinryou_sinsatu2,sinryo_sinsatu2,9,90%,9:sinryo_sinsatu2,1:sinryo_sinsatu1,,,,,,,,,,,,,,
_mats_020.txt,sinryou_sinsatu3,sinryo_sinsatu3,6,50%,6:sinryo_sinsatu3,4:sinryo_sinsatu2,2:sinryo_sinsatu1,,,,,,,,,,,,,
_mats_022.txt,sinryou_sinsatu3_01,NO_MATCH,0,0%,,,,,,,,,,,,,,,,
_mats_013.txt,sinryou_sinsatu4,sinryo_sinsatu4,12,75%,12:sinryo_sinsatu4,2:ke6,1:mati12,1:sinryo_soto5,,,,,,,,,,,,
_mats_025.txt,sinryou_soto1,sinryo_soto2,12,50%,12:sinryo_soto2,11:sinryo_soto1,1:sinryo_soto4,,,,,,,,,,,,,
_mina_009_2.txt,sinryou_soto1_01,sinryo_soto1,2,100%,2:sinryo_soto1,,,,,,,,,,,,,,,
_mats_025.txt,sinryou_soto1_02,sinryo_soto1,1,50%,1:sinryo_soto1,1:sinryo_soto2,,,,,,,,,,,,,,
_mats_022.txt,sinryou_soto3,sinryo_soto2,3,38%,3:sinryo_soto2,2:sinryo_soto4,1:sinryo_soto5,1:bg_190,1:sinryo_soto3,,,,,,,,,,,
_mina_009_2.txt,sinryou_soto3_01,sinryo_soto3,1,100%,1:sinryo_soto3,,,,,,,,,,,,,,,
_mats_021.txt,so1,so1,9,100%,9:so1,,,,,,,,,,,,,,,
_mats_018.txt,so1_02,so1,3,100%,3:so1,,,,,,,,,,,,,,,
_mats_021.txt,so2,so2,14,70%,14:so2,3:so3,2:mo5,1:heya3,,,,,,,,,,,,
tata_009_02.txt,so2_01,NO_MATCH,0,0%,,,,,,,,,,,,,,,,
_mats_021.txt,so3,so3,10,56%,10:so3,4:so2,2:mo5,1:bg_218,1:m_hi2,,,,,,,,,,,
_mina_018.txt,so5,so5,4,57%,4:so5,2:so6,1:so2,,,,,,,,,,,,,
_meak_012.txt,so6,so3,1,100%,1:so3,,,,,,,,,,,,,,,
_mats_021.txt,so_chikafuroa,jsa6,16,37%,16:jsa6,11:jsa4,10:jsa3,5:jsa5,1:jsa2,,,,,,,,,,,
_mats_021.txt,so_chikaido1,jsa7,3,100%,3:jsa7,,,,,,,,,,,,,,,
_mats_021.txt,so_chikasaishinbu,jsa9,10,83%,10:jsa9,2:jsa7,,,,,,,,,,,,,,
_mina_op.txt,so_d1,so_d1,7,100%,7:so_d1,,,,,,,,,,,,,,,
_meak_021_2.txt,so_d1_01,so_d1,7,88%,7:so_d1,1:js3,,,,,,,,,,,,,,
_kakera38.txt,so_g1,so_g1,14,100%,14:so_g1,,,,,,,,,,,,,,,
_mats_021.txt,so_k1,so_k1,5,56%,5:so_k1,2:jsa5,1:jsa2,1:jsa4,,,,,,,,,,,,
_mats_025.txt,sora,sora,119,59%,119:sora,41:sora3,12:sora4,10:sora2,4:sora6,3:sora5,2:sya1,2:m_hi5,1:oki_g3,1:oki_g2,1:m_hi7,1:m_hi3,1:kouen,1:m_hi6,1:m_hi13,1:mati1
_mats_025.txt,sora2,sora2,44,62%,44:sora2,9:sora,5:sora6,4:sora4,2:sora3,1:m_hi1,1:ie2,1:hi4,1:m_hi12,1:gy1,1:sora5,1:hi6,,,,
_mats_024.txt,sora5,sora3,16,46%,16:sora3,12:sora5,4:sora,1:ma_d1,1:sora2,1:sora4,,,,,,,,,,
_mats_018.txt,sora6,sora6,10,77%,10:sora6,1:sora2,1:kuruma2,1:hi10,,,,,,,,,,,,
_mats_025.txt,sora_01,gy7,2,40%,2:gy7,1:ma1,1:sora6,1:je3,,,,,,,,,,,,
_mats_022.txt,susuki,kusa,8,100%,8:kusa,,,,,,,,,,,,,,,
hima_003_04.txt,ta1,bg_214,2,100%,2:bg_214,,,,,,,,,,,,,,,
_mina_009_2.txt,ta2,ta2_mura,2,50%,2:ta2_mura,1:hi4,1:hi7,,,,,,,,,,,,,
_kakera40.txt,ta3_01,ta2_mura,2,100%,2:ta2_mura,,,,,,,,,,,,,,,
_mats_006.txt,ta_tel_02,NO_MATCH,0,0%,,,,,,,,,,,,,,,,
onik_015_03.txt,tegami1,bg_219,1,100%,1:bg_219,,,,,,,,,,,,,,,
onik_015_03.txt,tegami2,bg_220,1,100%,1:bg_220,,,,,,,,,,,,,,,
onik_015_03.txt,tegami3,bg_221,1,100%,1:bg_221,,,,,,,,,,,,,,,
_meak_005.txt,tennai1,tennai1,8,89%,8:tennai1,1:sora,,,,,,,,,,,,,,
_meak_005.txt,tirasi1,tirasi1,1,100%,1:tirasi1,,,,,,,,,,,,,,,
_kakera51.txt,tk_dojo,jimu1,2,67%,2:jimu1,1:jimu2,,,,,,,,,,,,,,
_mats_023.txt,tk_mo7,mo7,6,100%,6:mo7,,,,,,,,,,,,,,,
_mats_006.txt,tk_mo7_02,mo7,3,75%,3:mo7,1:mo8,,,,,,,,,,,,,,
_mats_007.txt,tk_ryou1,ryou1,6,75%,6:ryou1,2:ryou2,,,,,,,,,,,,,,
_mats_005.txt,tk_ryou3_02,ryou3,1,100%,1:ryou3,,,,,,,,,,,,,,,
_mats_003.txt,tk_yo1,yo2,3,38%,3:yo2,3:yo1,2:yo3,,,,,,,,,,,,,
_mats_022.txt,tk_yo2,yo2,5,100%,5:yo2,,,,,,,,,,,,,,,
_mats_002.txt,torakku1,torakku1,1,100%,1:torakku1,,,,,,,,,,,,,,,
_mats_022.txt,torakku2,torakku2,7,58%,7:torakku2,4:kuruma1,1:kuruma2,,,,,,,,,,,,,
hima_001.txt,torishirabeshitu,bg_171,1,100%,1:bg_171,,,,,,,,,,,,,,,
_meak_012.txt,torishirabeshitu_01,NO_MATCH,0,0%,,,,,,,,,,,,,,,,
_mina_019.txt,tosyo1,tosyo1,14,78%,14:tosyo1,4:mati3,,,,,,,,,,,,,,
_mina_016.txt,tosyo1_01,mati3,3,60%,3:mati3,2:tosyo1,,,,,,,,,,,,,,
_kakera22.txt,tosyo2,tosyo2,5,29%,5:tosyo2,5:tosyo8,3:tosyo3,2:tosyo7,1:tosyo4,1:tosyo5,,,,,,,,,,
_mats_op.txt,xta1,ta1_tokyo,13,93%,13:ta1_tokyo,1:ta3,,,,,,,,,,,,,,
_mats_op.txt,xta2,ta2_tokyo,11,100%,11:ta2_tokyo,,,,,,,,,,,,,,,
_mats_op.txt,xta3,ta3,10,100%,10:ta3,,,,,,,,,,,,,,,
_kakera13.txt,y_damu2,y_damu2,3,100%,3:y_damu2,,,,,,,,,,,,,,,
_meak_022_2.txt,y_ie1,bg_242,1,100%,1:bg_242,,,,,,,,,,,,,,,
_mats_025.txt,y_kawa3,bg_247,5,56%,5:bg_247,2:y_kawa3,1:bg_246,1:y_kawa2,,,,,,,,,,,,
_kakera15.txt,y_oni1,oni2,1,33%,1:oni2,1:oni1,1:y_oni1,,,,,,,,,,,,,
tata_011_02.txt,y_oni1_01,bg_259,1,50%,1:bg_259,1:bg_260,,,,,,,,,,,,,,
_mina_ep.txt,yg2,yg2,1,100%,1:yg2,,,,,,,,,,,,,,,
_mina_ep.txt,ygk1,ygk1,1,100%,1:ygk1,,,,,,,,,,,,,,,
_mina_ep.txt,ygk3,ygk2,1,50%,1:ygk2,1:ygk3,,,,,,,,,,,,,,
_mats_014.txt,yhu2,yhu2,8,53%,8:yhu2,5:yhu1,2:hu1,,,,,,,,,,,,,
_mina_028.txt,ymo1,ymo1,7,78%,7:ymo1,1:mo1,1:m_hi14,,,,,,,,,,,,,
_mats_006.txt,ymo1_01,ymo1,2,67%,2:ymo1,1:mo1,,,,,,,,,,,,,,
_mats_002.txt,ymo2,ymo2,7,37%,7:ymo2,5:m_y2,4:m_y6,1:ymo3,1:m_y5,1:m_y3,,,,,,,,,,
_mats_006.txt,ymo2_01,mo2,3,50%,3:mo2,2:ymo2,1:m_y4,,,,,,,,,,,,,
_kakera49.txt,ymo3,ymo3,8,47%,8:ymo3,5:m_y3,2:mo3,1:m_y1,1:m_y6,,,,,,,,,,,
_mats_006.txt,ymo3_01,ymo3,10,62%,10:ymo3,3:ymo2,1:mo6,1:mo3,1:m_y2,,,,,,,,,,,
tata_012.txt,yugk3_01,gk3,1,50%,1:gk3,1:gk2,,,,,,,,,,,,,,
